number,symbol,direction,quantity_base,entry_utc,exit_earliest_utc,exit_latest_utc,entry_reference,entry_fill,exit_reference,exit_fill,entry_notional_usd,exposure_over_equity_at_entry,equity_at_entry_usd,equity_after_usd,initial_margin_usd,allocated_margin_usd,allocated_margin_fraction_of_equity,nominal_over_allocated_margin,sizing_binding_limit,initial_stop,last_stop,planned_stop_price_loss_and_fees_usd,funding_budget_usd,gross_pnl_after_fill_friction_usd,fees_usd,funding_cashflow_usd,funding_intrabar_bound_width_usd,fill_friction_usd_already_in_gross,net_pnl_usd,net_return_on_entry_equity,exit_reason,same_hour_stop_and_target,actual_loss_exceeds_planned_budget,target_net_achieved
1,PF_ETHUSD,1,0.011,2026-04-01T01:01:00+00:00,2026-04-01T01:06:00+00:00,2026-04-01T01:07:00+00:00,2110.5,2111.0,2103.5,2103.1,23.221,0.46442,50.0,49.88993792915733,2.3221000000000003,2.3221000000000003,0.046442000000000004,9.999999999999998,stop_risk,2103.5,2103.5,0.11117699999999998,0.0125,-0.08690000000000099,0.023177549999999998,1.5479157347728734e-05,3.095831469545747e-06,0.009900000000001,-0.11006207084265325,-0.002201241416853065,stop_intrabar,False,False,False
2,PF_ETHUSD,-1,0.01,2026-04-01T01:41:00+00:00,2026-04-01T02:41:00+00:00,2026-04-01T02:41:00+00:00,2092.7,2092.3,2087.5,2087.9,20.923000000000002,0.4193831635892237,49.88993792915733,49.91286732987237,2.0923000000000003,2.0923000000000003,0.04193831635892237,10.0,stop_risk,2100.4,2100.4,0.1059655,0.012472484482289332,0.04400000000000091,0.020901000000000003,-0.00016959928496767832,0.0,0.007999999999997271,0.022929400715033237,0.0004595997042047338,time_exit,False,False,False
3,PF_ETHUSD,1,0.013,2026-04-01T04:31:00+00:00,2026-04-01T05:25:00+00:00,2026-04-01T05:26:00+00:00,2107.9,2108.4,2130.1,2129.7,27.4092,0.5491409623665491,49.91286732987237,50.16244138724651,2.74092,2.74092,0.054914096236654907,10.0,stop_risk,2102.8,2102.8,0.10666954999999884,0.012478216832468095,0.2768999999999964,0.02754765,0.0002217073742295321,4.018060126618157e-06,0.011700000000001182,0.24957405737422594,0.005000194753885804,target_intrabar,False,False,True
4,PF_ETHUSD,1,0.008,2026-04-01T05:31:00+00:00,2026-04-01T06:31:00+00:00,2026-04-01T06:31:00+00:00,2125.5,2125.9,2141.8,2141.4,17.0072,0.3390425092891108,50.16244138724651,50.2695099088391,1.7007200000000002,1.7007200000000002,0.033904250928911084,10.0,stop_risk,2115.8,2115.8,0.10096519999999999,0.012540610346811629,0.124,0.0170692,0.00013772159263208318,0.0,0.006400000000001456,0.10706852159263208,0.002134436016901155,time_exit,False,False,False
5,PF_XBTUSD,1,0.0003,2026-04-01T06:41:00+00:00,2026-04-01T07:41:00+00:00,2026-04-01T07:41:00+00:00,68958.0,68966.0,68881.0,68873.0,20.689799999999998,0.41157751562567,50.2695099088391,50.220926968598,2.06898,2.06898,0.041157751562567006,10.0,stop_risk,68751.0,68751.0,0.08755635,0.012567377477209775,-0.027899999999999998,0.02067585,-7.090241001790482e-06,0.0,0.0048,-0.048582940241001786,-0.0009664494507526369,time_exit,False,False,False
6,PF_XBTUSD,-1,0.0003,2026-04-01T08:16:00+00:00,2026-04-01T08:26:00+00:00,2026-04-01T08:27:00+00:00,68473.0,68465.0,68698.0,68706.0,20.539499999999997,0.4089828929848881,50.220926968598,50.12803304033995,2.05395,2.05395,0.040898289298488814,9.999999999999998,stop_risk,68698.0,68698.0,0.09287565,0.012555231742149502,-0.07229999999999999,0.02057565,-1.827825803681556e-05,1.6616598215286872e-06,0.0048,-0.09289392825803679,-0.0018497055682807535,stop_intrabar,False,False,False
7,PF_XBTUSD,1,0.0005,2026-04-01T12:01:00+00:00,2026-04-01T12:02:00+00:00,2026-04-01T12:03:00+00:00,68658.0,68666.0,68549.0,68541.0,34.333,0.6849061875691574,50.12803304033995,50.03123392028336,3.4333,3.4333,0.06849061875691576,10.0,stop_risk,68549.0,68549.0,0.09680175,0.012532008260084987,-0.0625,0.034301750000000006,2.629943415159468e-06,2.629943415159468e-06,0.008,-0.09679912005658485,-0.0019310376686571143,stop_intrabar,False,False,False
8,PF_XBTUSD,-1,0.0004,2026-04-01T12:41:00+00:00,2026-04-01T12:44:00+00:00,2026-04-01T12:45:00+00:00,68291.0,68283.0,68451.0,68459.0,27.313200000000002,0.5459229737071675,50.03123392028336,49.93347710446442,2.73132,2.73132,0.054592297370716754,10.0,stop_risk,68451.0,68451.0,0.0977484,0.012507808480070843,-0.0704,0.027348400000000002,-8.415818928510298e-06,2.1039547321275744e-06,0.0064,-0.09775681581892852,-0.0019539157474046734,stop_intrabar,False,False,False
9,PF_ETHUSD,-1,0.011,2026-04-01T13:11:00+00:00,2026-04-01T13:18:00+00:00,2026-04-01T13:19:00+00:00,2123.4,2122.9,2130.3,2130.7,23.3519,0.46766020221556265,49.93347710446442,49.824253415315646,2.3351900000000003,2.3351900000000003,0.04676602022155627,9.999999999999998,stop_risk,2130.3,2130.3,0.110295350000001,0.012483369276116107,-0.08579999999999699,0.0233948,-2.888914876996365e-05,3.611143596245457e-06,0.009899999999995997,-0.10922368914876696,-0.002187384005328993,stop_intrabar,False,False,False
10,PF_XBTUSD,-1,0.0002,2026-04-01T13:51:00+00:00,2026-04-01T14:21:00+00:00,2026-04-01T14:22:00+00:00,68011.0,67999.0,68337.0,68345.0,13.5998,0.2729554196555108,49.824253415315646,49.74140191540962,1.3599800000000002,1.3599800000000002,0.027295541965551087,9.999999999999998,stop_risk,68337.0,68337.0,0.0836348,0.012456063353828912,-0.0692,0.013634400000000001,-1.7099906006197772e-05,3.3979917142412456e-07,0.004,-0.0828514999060062,-0.0016628748897728229,stop_intrabar,False,False,False
11,PF_XBTUSD,1,0.0004,2026-04-01T16:01:00+00:00,2026-04-01T16:07:00+00:00,2026-04-01T16:08:00+00:00,68861.0,68869.0,68682.0,68674.0,27.547600000000003,0.5538163167746566,49.74140191540962,49.63590696028932,2.7547600000000005,2.7547600000000005,0.05538163167746566,9.999999999999998,stop_risk,68682.0,68682.0,0.10550860000000001,0.012435350478852405,-0.078,0.0275086,1.3644879704852587e-05,2.274146617475431e-06,0.0064,-0.10549495512029515,-0.002120868151237478,stop_intrabar,False,False,False
12,PF_ETHUSD,1,0.009,2026-04-01T16:46:00+00:00,2026-04-01T17:34:00+00:00,2026-04-01T17:35:00+00:00,2146.7,2147.2,2138.2,2137.8,19.324799999999996,0.3893310545420394,49.63590696028932,49.53214889539208,1.9324799999999998,1.9324799999999998,0.03893310545420395,10.0,stop_risk,2138.2,2138.2,0.10478204999999999,0.012408976740072332,-0.08459999999999672,0.0192825,0.00012443510271330528,2.4990598093999284e-06,0.008099999999996724,-0.10375806489728343,-0.0020903831772489615,stop_intrabar,False,False,False
13,PF_XBTUSD,-1,0.0003,2026-04-01T18:11:00+00:00,2026-04-01T18:41:00+00:00,2026-04-01T18:42:00+00:00,68041.0,68033.0,68289.0,68297.0,20.409899999999997,0.4120535945877104,49.53214889539208,49.43245017563397,2.04099,2.04099,0.041205359458771046,10.0,stop_risk,68289.0,68289.0,0.0996495,0.012383037223848023,-0.07919999999999999,0.020449499999999995,-4.921975815675359e-05,1.5877341340888258e-06,0.0048,-0.09969871975815675,-0.0020128082867697187,stop_intrabar,False,False,False
14,PF_ETHUSD,1,0.013,2026-04-01T19:56:00+00:00,2026-04-01T20:02:00+00:00,2026-04-01T20:03:00+00:00,2142.1,2142.5,2137.0,2136.5,27.8525,0.5634456698189104,49.43245017563397,49.326656127069974,2.78525,2.78525,0.056344566981891046,10.0,stop_risk,2137.0,2137.0,0.10451415000000118,0.012358112543908492,-0.078,0.027813499999999998,1.945143601606039e-05,3.73874537667217e-06,0.011700000000001182,-0.10579404856398394,-0.0021401740797410748,stop_intrabar,False,False,False
15,PF_ETHUSD,1,0.011,2026-04-01T21:11:00+00:00,2026-04-01T22:11:00+00:00,2026-04-01T22:11:00+00:00,2153.2,2153.6,2149.5,2149.1,23.6896,0.48025959714304217,49.326656127069974,49.253783752855504,2.36896,2.36896,0.04802595971430422,10.0,stop_risk,2146.1,2146.1,0.11054615000000098,0.012331664031767494,-0.049499999999999995,0.023664849999999998,0.00029247578548030894,0.0,0.008800000000002,-0.07287237421451968,-0.0014773426770870862,time_exit,False,False,False
16,PF_ETHUSD,-1,0.009,2026-04-01T23:01:00+00:00,2026-04-02T00:01:00+00:00,2026-04-02T00:01:00+00:00,2138.6,2138.2,2137.6,2138.1,19.243799999999997,0.390707038804594,49.253783752855504,49.23510710598364,1.9243799999999998,1.9243799999999998,0.0390707038804594,10.0,stop_risk,2147.2,2147.2,0.1038861000000008,0.012313445938213877,0.0008999999999991814,0.01924335,-0.00033329687207293146,0.0,0.008100000000000818,-0.01867664687207375,-0.0003791921239145605,time_exit,False,False,False
17,PF_XBTUSD,1,0.0003,2026-04-02T00:41:00+00:00,2026-04-02T01:03:00+00:00,2026-04-02T01:04:00+00:00,68424.0,68432.0,68214.0,68206.0,20.5296,0.416970759417826,49.23510710598364,49.14683487233172,2.05296,2.05296,0.0416970759417826,9.999999999999998,stop_risk,68214.0,68214.0,0.08829569999999999,0.01230877677649591,-0.0678,0.0204957,2.3466348124877417e-05,1.4055121614726252e-06,0.0048,-0.08827223365187513,-0.0017928717705815091,stop_intrabar,False,False,False
18,PF_XBTUSD,-1,0.0001,2026-04-02T01:26:00+00:00,2026-04-02T02:26:00+00:00,2026-04-02T02:26:00+00:00,67437.0,67425.0,66876.0,66884.0,6.742500000000001,0.13719093035217692,49.14683487233172,49.194188221480836,0.6742500000000001,0.6742500000000001,0.013719093035217692,9.999999999999998,stop_risk,67955.0,67955.0,0.060969600000000006,0.012286708718082932,0.0541,0.006715450000000001,-3.120085076176813e-05,0.0,0.002,0.047353349149238236,0.0009635076047572054,time_exit,False,False,False
19,PF_XBTUSD,-1,0.0003,2026-04-02T03:51:00+00:00,2026-04-02T04:51:00+00:00,2026-04-02T04:51:00+00:00,66551.0,66543.0,66320.0,66328.0,19.962899999999998,0.4057979351163095,49.194188221480836,49.23866927507029,1.99629,1.99629,0.040579793511630956,10.0,stop_risk,66752.0,66752.0,0.08509544999999999,0.01229854705537021,0.06449999999999999,0.01993065,-8.829641043539693e-05,0.0,0.0048,0.04448105358956459,0.0009041932634258159,time_exit,False,False,False
20,PF_XBTUSD,1,0.0007,2026-04-02T07:51:00+00:00,2026-04-02T08:16:00+00:00,2026-04-02T08:17:00+00:00,66845.0,66853.0,66771.0,66759.0,46.7971,0.9504135812153951,49.23866927507029,49.12614333791038,4.67971,4.67971,0.09504135812153951,10.0,stop_risk,66771.0,66771.0,0.10976559999999999,0.012309667318767575,-0.0658,0.0467642,3.826284009226035e-05,1.885374052850469e-06,0.014,-0.11252593715990775,-0.0022853163746421557,stop_intrabar,False,False,False
21,PF_XBTUSD,-1,0.0007,2026-04-02T08:51:00+00:00,2026-04-02T09:51:00+00:00,2026-04-02T09:51:00+00:00,66500.0,66492.0,66383.0,66391.0,46.544399999999996,0.9474466513654032,49.12614333791038,49.15007404470016,4.65444,4.65444,0.09474466513654033,9.999999999999998,stop_risk,66572.0,66572.0,0.1081752,0.012281535834477594,0.0707,0.046509049999999996,-0.0002602432102210594,0.0,0.0112,0.02393070678977894,0.00048712773207482265,time_exit,False,False,False
22,PF_XBTUSD,1,0.0003,2026-04-02T14:16:00+00:00,2026-04-02T15:16:00+00:00,2026-04-02T15:16:00+00:00,66316.0,66324.0,66799.0,66791.0,19.897199999999998,0.40482543285497874,49.15007404470016,49.27031738731722,1.98972,1.98972,0.04048254328549788,10.0,stop_risk,66095.0,66095.0,0.09096165,0.012287518511175042,0.14009999999999997,0.01996725,0.00011059261709799426,0.0,0.0048,0.12024334261709796,0.0024464529292009024,time_exit,False,False,False
23,PF_XBTUSD,1,0.0003,2026-04-02T16:46:00+00:00,2026-04-02T17:02:00+00:00,2026-04-02T17:03:00+00:00,67164.0,67174.0,66900.0,66892.0,20.152199999999997,0.4090129933928012,49.27031738731722,49.165648655657854,2.01522,2.01522,0.04090129933928012,10.0,stop_risk,66900.0,66900.0,0.10530959999999999,0.012317579346829305,-0.0846,0.0201099,4.1168340629114544e-05,2.1971558024985736e-06,0.005399999999999999,-0.10466873165937088,-0.002124377053156834,stop_intrabar,False,False,False
24,PF_XBTUSD,1,0.0003,2026-04-02T17:26:00+00:00,2026-04-02T17:33:00+00:00,2026-04-02T17:34:00+00:00,67300.0,67308.0,67075.0,67067.0,20.1924,0.4107013850548743,49.165648655657854,49.073207785748465,2.01924,2.01924,0.04107013850548743,10.0,stop_risk,67075.0,67075.0,0.09245624999999999,0.012291412163914465,-0.07229999999999999,0.02015625,1.5380090617490015e-05,2.1971558024985736e-06,0.0048,-0.0924408699093825,-0.0018801922162526912,stop_intrabar,False,False,False
25,PF_ETHUSD,-1,0.01,2026-04-02T17:56:00+00:00,2026-04-02T18:52:00+00:00,2026-04-02T18:53:00+00:00,2047.9,2047.5,2055.9,2056.3,20.475,0.417233780383646,49.073207785748465,48.964375202550706,2.0475000000000003,2.0475000000000003,0.0417233780383646,10.0,stop_risk,2055.9,2055.9,0.10851900000000182,0.012268301946437118,-0.08800000000000183,0.020519000000000003,-0.0003135831978462436,5.519768444884411e-06,0.00800000000000182,-0.10883258319784807,-0.002217759712652299,stop_intrabar,False,False,False
26,PF_ETHUSD,1,0.014,2026-04-02T20:01:00+00:00,2026-04-02T21:01:00+00:00,2026-04-02T21:01:00+00:00,2062.7,2063.1,2069.3,2068.9,28.883399999999998,0.5898860116261705,48.964375202550706,49.01714923290797,2.88834,2.88834,0.058988601162617046,10.0,stop_risk,2058.2,2058.2,0.10304629999999618,0.012241093800637677,0.08120000000000255,0.028924,0.0004980303574049521,0.0,0.011200000000002546,0.05277403035740749,0.0010778046312057983,time_exit,False,False,False
27,PF_XBTUSD,-1,0.0005,2026-04-03T00:56:00+00:00,2026-04-03T01:14:00+00:00,2026-04-03T01:15:00+00:00,66699.0,66691.0,66828.0,66836.0,33.3455,0.6802823200010435,49.01714923290797,48.91119085568344,3.33455,3.33455,0.06802823200010434,10.0,stop_risk,66828.0,66828.0,0.10588175000000001,0.012254287308226993,-0.0725,0.03338175,-7.662722447914863e-05,4.255487073939075e-06,0.008,-0.10595837722447915,-0.002161659314804528,stop_intrabar,False,False,False
28,PF_XBTUSD,1,0.0005,2026-04-03T05:41:00+00:00,2026-04-03T05:52:00+00:00,2026-04-03T05:53:00+00:00,66691.0,66699.0,66574.0,66566.0,33.3495,0.6818378251799366,48.91119085568344,48.81142004577464,3.33495,3.33495,0.06818378251799367,10.0,stop_risk,66574.0,66574.0,0.09981625,0.01222779771392086,-0.0665,0.03331625,4.544009119923024e-05,4.130917381748203e-06,0.008,-0.09977080990880077,-0.0020398360408599107,stop_intrabar,False,False,False
29,PF_XBTUSD,1,0.0005,2026-04-03T07:21:00+00:00,2026-04-03T08:21:00+00:00,2026-04-03T08:21:00+00:00,66856.0,66864.0,67133.0,67125.0,33.432,0.6849216836684522,48.81142004577464,48.90849218138321,3.3432000000000004,3.3432000000000004,0.06849216836684521,10.0,stop_risk,66733.0,66733.0,0.10289725,0.01220285501144366,0.1305,0.033497250000000006,6.938560861236687e-05,0.0,0.008,0.09707213560861236,0.0019887177123218197,time_exit,False,False,False
30,PF_ETHUSD,-1,0.012,2026-04-03T10:31:00+00:00,2026-04-03T10:48:00+00:00,2026-04-03T10:49:00+00:00,2053.1,2052.7,2059.2,2059.6,24.632399999999997,0.5036425966404298,48.90849218138321,48.80095561634089,2.46324,2.46324,0.05036425966404298,10.0,stop_risk,2059.2,2059.2,0.10747380000000108,0.012227123045345803,-0.0828000000000011,0.0246738,-6.276504229225085e-05,3.4869467940139347e-06,0.009600000000002183,-0.10753656504229334,-0.0021987299187936657,stop_intrabar,False,False,False
31,PF_ETHUSD,1,0.017,2026-04-03T11:41:00+00:00,2026-04-03T12:10:00+00:00,2026-04-03T12:11:00+00:00,2062.9,2063.3,2059.5,2059.1,35.076100000000004,0.7187584660382111,48.80095561634089,48.69465898853707,3.5076100000000006,3.5076100000000006,0.07187584660382111,10.0,stop_risk,2059.5,2059.5,0.10644040000000464,0.012200238904085225,-0.07140000000000464,0.0350404,0.00014377219616124092,4.4541743494028434e-06,0.013600000000003094,-0.1062966278038434,-0.002178166932621504,stop_intrabar,False,False,False
32,PF_ETHUSD,-1,0.01,2026-04-03T12:56:00+00:00,2026-04-03T13:56:00+00:00,2026-04-03T13:56:00+00:00,2050.0,2049.6,2047.7,2048.1,20.496,0.4209085847551544,48.69465898853707,48.689032808472675,2.0496,2.0496,0.04209085847551544,10.0,stop_risk,2057.5,2057.5,0.10353750000000184,0.012173664747134268,0.015,0.0204885,-0.00013768006448455566,0.0,0.007999999999999546,-0.005626180064484556,-0.00011553998285128114,time_exit,False,False,False
33,PF_XBTUSD,1,0.0006,2026-04-03T16:56:00+00:00,2026-04-03T17:15:00+00:00,2026-04-03T17:16:00+00:00,67012.0,67020.0,66934.0,66926.0,40.211999999999996,0.8258944094901483,48.689032808472675,48.59243418041306,4.021199999999999,4.021199999999999,0.08258944094901483,10.0,stop_risk,66934.0,66934.0,0.0965838,0.01217225820211817,-0.05639999999999999,0.0401838,-1.4828059612728178e-05,9.666575452114089e-07,0.0096,-0.09659862805961272,-0.001983991516931571,stop_intrabar,False,False,False
34,PF_XBTUSD,1,0.0008,2026-04-04T05:11:00+00:00,2026-04-04T05:14:00+00:00,2026-04-04T05:15:00+00:00,66876.0,66884.0,66835.0,66827.0,53.507200000000005,1.1011426141225915,48.59243418041306,48.49334457062413,5.350720000000001,5.350720000000001,0.11011426141225916,10.0,stop_risk,66835.0,66835.0,0.0990844,0.012148108545103266,-0.0456,0.0534844,-5.209788934260052e-06,1.302447233565013e-06,0.0128,-0.09908960978893426,-0.002039198312663989,stop_intrabar,False,False,False
35,PF_XBTUSD,1,0.0007,2026-04-04T06:21:00+00:00,2026-04-04T07:21:00+00:00,2026-04-04T07:21:00+00:00,66957.0,66965.0,66940.0,66932.0,46.8755,0.9666378018478814,48.49334457062413,48.42336057494315,4.687550000000001,4.687550000000001,0.09666378018478815,9.999999999999998,stop_risk,66898.0,66898.0,0.09934925,0.012123336142656033,-0.0231,0.04686395,-2.004568088336881e-05,0.0,0.0112,-0.06998399568088337,-0.0014431670222077786,time_exit,False,False,False
36,PF_XBTUSD,1,0.0008,2026-04-04T10:51:00+00:00,2026-04-04T11:51:00+00:00,2026-04-04T11:51:00+00:00,67114.0,67122.0,67104.0,67096.0,53.6976,1.108919318329716,48.42336057494315,48.3489025235878,5.36976,5.36976,0.1108919318329716,10.0,stop_risk,67064.0,67064.0,0.1064712,0.012105840143735789,-0.020800000000000003,0.053687200000000004,2.914864466553157e-05,0.0,0.0128,-0.07445805135533447,-0.0015376473353206936,time_exit,False,False,False
37,PF_ETHUSD,1,0.019,2026-04-04T15:11:00+00:00,2026-04-04T15:25:00+00:00,2026-04-04T15:26:00+00:00,2055.7,2056.1,2053.0,2052.6,39.0659,0.80799972617664,48.3489025235878,48.243397904303926,3.90659,3.90659,0.08079997261766399,10.0,stop_risk,2053.0,2053.0,0.10553264999999999,0.012087225630896953,-0.0665,0.03903265,2.8030716138781696e-05,2.0021940099129777e-06,0.015200000000003456,-0.1055046192838612,-0.00218215127494133,stop_intrabar,False,False,False
38,PF_ETHUSD,1,0.014,2026-04-04T19:11:00+00:00,2026-04-04T20:02:00+00:00,2026-04-04T20:03:00+00:00,2066.8,2067.2,2062.4,2061.9,28.9408,0.5998914101657444,48.243397904303926,48.14033369856588,2.89408,2.89408,0.059989141016574446,9.999999999999998,stop_risk,2062.4,2062.4,0.10170439999999746,0.012060849476075983,-0.07419999999999619,0.0289037,3.9494262023865236e-05,1.0204245848611647e-06,0.012599999999994907,-0.10306420573797231,-0.002136338032043503,stop_intrabar,False,False,False
39,PF_XBTUSD,1,0.0009,2026-04-04T21:56:00+00:00,2026-04-04T21:59:00+00:00,2026-04-04T22:00:00+00:00,67374.0,67382.0,67339.0,67331.0,60.6438,1.2597295311604082,48.14033369856588,48.03381353883538,6.06438,6.06438,0.12597295311604081,10.0,stop_risk,67339.0,67339.0,0.10652085,0.012035083424641472,-0.045899999999999996,0.06062085,6.902694979317798e-07,2.300898326439266e-07,0.0144,-0.10652015973050206,-0.0022127009006104033,stop_intrabar,False,False,False
40,PF_ETHUSD,-1,0.02,2026-04-04T23:26:00+00:00,2026-04-05T00:26:00+00:00,2026-04-05T00:26:00+00:00,2064.9,2064.5,2063.1,2063.6,41.29,0.8596027872452183,48.03381353883538,48.010391325581615,4.1290000000000004,4.1290000000000004,0.08596027872452185,9.999999999999998,stop_risk,2067.4,2067.4,0.10732300000000365,0.012008453384708847,0.01800000000000182,0.041281,-0.0001412132537350629,0.0,0.01800000000000182,-0.02342221325373324,-0.0004876192733436907,time_exit,False,False,False
41,PF_ETHUSD,-1,0.028,2026-04-05T01:11:00+00:00,2026-04-05T01:12:00+00:00,2026-04-05T01:13:00+00:00,2057.9,2057.5,2058.8,2059.2,57.61,1.1999485613295424,48.010391325581615,47.9051483542361,5.761,5.761,0.11999485613295424,10.0,stop_risk,2058.8,2058.8,0.10523379999999491,0.012002597831395404,-0.04759999999999491,0.0576338,-9.171345527969942e-06,4.585672763984971e-06,0.02239999999999236,-0.10524297134552288,-0.002192087346920785,stop_intrabar,False,False,False
42,PF_XBTUSD,-1,0.0006,2026-04-05T02:11:00+00:00,2026-04-05T02:22:00+00:00,2026-04-05T02:23:00+00:00,66975.0,66967.0,67071.0,67079.0,40.1802,0.8387449236747222,47.9051483542361,47.79772392081854,4.01802,4.01802,0.08387449236747221,10.0,stop_risk,67071.0,67071.0,0.10741379999999999,0.011976287088559025,-0.0672,0.0402138,-1.0633417566282681e-05,8.861181305235569e-07,0.0096,-0.10742443341756629,-0.0022424402618109645,stop_intrabar,False,False,False
43,PF_ETHUSD,-1,0.024,2026-04-05T04:16:00+00:00,2026-04-05T04:19:00+00:00,2026-04-05T04:20:00+00:00,2053.7,2053.3,2055.3,2055.7,49.2792,1.0309946992797328,47.79772392081854,47.69081081254262,4.92792,4.92792,0.10309946992797328,10.0,stop_risk,2055.3,2055.3,0.10690799999999127,0.011949430980204637,-0.05759999999999127,0.049308000000000005,-5.1082759311989036e-06,1.2770689827997259e-06,0.019199999999982537,-0.10691310827592246,-0.002236782413594299,stop_intrabar,False,False,False
44,PF_ETHUSD,-1,0.02,2026-04-05T05:31:00+00:00,2026-04-05T06:10:00+00:00,2026-04-05T06:11:00+00:00,2051.5,2051.1,2036.7,2037.1,41.022,0.8601657070005458,47.69081081254262,47.92983741197728,4.1022,4.1022,0.08601657070005458,10.0,stop_risk,2054.0,2054.0,0.10705500000000363,0.011922702703135656,0.28,0.040882,-9.140056546848759e-05,2.000672654546448e-06,0.01599999999999909,0.23902659943453153,0.00501200536040515,target_intrabar,False,False,True
45,PF_XBTUSD,-1,0.0007,2026-04-05T06:16:00+00:00,2026-04-05T06:20:00+00:00,2026-04-05T06:21:00+00:00,66658.0,66650.0,66726.0,66734.0,46.655,0.973402008418691,47.92983741197728,47.82434823219172,4.665500000000001,4.665500000000001,0.09734020084186912,9.999999999999998,stop_risk,66726.0,66726.0,0.1054844,0.011982459352994322,-0.0588,0.0466844,-4.779785561759115e-06,9.55957112351823e-07,0.0112,-0.10548917978556176,-0.0022009083585833498,stop_intrabar,False,False,False
46,PF_XBTUSD,1,0.0007,2026-04-05T09:06:00+00:00,2026-04-05T09:07:00+00:00,2026-04-05T09:08:00+00:00,66943.0,66951.0,66887.0,66879.0,46.8657,0.9799548082174085,47.82434823219172,47.727111689960935,4.68657,4.68657,0.09799548082174085,10.0,stop_risk,66887.0,66887.0,0.09724050000000001,0.01195608705804793,-0.0504,0.0468405,3.957769215794635e-06,3.957769215794635e-06,0.0112,-0.0972365422307842,-0.0020332016185289473,stop_intrabar,False,False,False
47,PF_ETHUSD,1,0.023,2026-04-05T09:31:00+00:00,2026-04-05T10:31:00+00:00,2026-04-05T10:31:00+00:00,2042.6,2043.0,2043.9,2043.5,46.989,0.9845347505050008,47.727111689960935,47.69195028240166,4.6989,4.6989,0.09845347505050009,10.0,stop_risk,2040.9,2040.9,0.10446025,0.011931777922490235,0.0115,0.04699475,0.0003333424405985315,0.0,0.018400000000004184,-0.03516140755940147,-0.0007367176917767983,time_exit,False,False,False
48,PF_XBTUSD,-1,0.0009,2026-04-05T12:36:00+00:00,2026-04-05T13:02:00+00:00,2026-04-05T13:03:00+00:00,66769.0,66761.0,66798.0,66808.0,60.0849,1.2598541188652403,47.69195028240166,47.58941986436952,6.00849,6.00849,0.12598541188652404,10.0,stop_risk,66798.0,66798.0,0.10060515,0.011922987570600417,-0.0423,0.060106049999999994,-0.0001243680322262876,4.131370027548556e-06,0.0162,-0.10253041803222629,-0.0021498474569629842,stop_intrabar,False,False,False
49,PF_XBTUSD,1,0.0003,2026-04-05T15:26:00+00:00,2026-04-05T16:26:00+00:00,2026-04-05T16:26:00+00:00,67100.0,67108.0,67331.0,67323.0,20.132399999999997,0.42304361047849726,47.58941986436952,47.63377963519202,2.0132399999999997,2.0132399999999997,0.04230436104784972,10.0,stop_risk,66896.0,66896.0,0.08609939999999999,0.01189735496609238,0.06449999999999999,0.02016465,2.4420822550367394e-05,0.0,0.0048,0.044359770822550354,0.0009321351457734996,time_exit,False,False,False
50,PF_ETHUSD,1,0.018,2026-04-05T17:51:00+00:00,2026-04-05T18:51:00+00:00,2026-04-05T18:51:00+00:00,2058.9,2059.3,2062.3,2061.9,37.0674,0.7781746542870275,47.63377963519202,47.643584568736905,3.70674,3.70674,0.07781746542870274,10.0,stop_risk,2055.9,2055.9,0.10543320000000327,0.011908444908798006,0.04679999999999836,0.0370908,9.573354472796227e-05,0.0,0.014400000000003273,0.00980493354472632,0.0002058399232607273,time_exit,False,False,False
51,PF_ETHUSD,-1,0.009,2026-04-05T22:21:00+00:00,2026-04-05T22:39:00+00:00,2026-04-05T22:40:00+00:00,2052.0,2051.5,2060.2,2060.6,18.4635,0.38753381314880125,47.643584568736905,47.54312487152373,1.8463500000000002,1.8463500000000002,0.03875338131488013,9.999999999999998,stop_risk,2060.2,2060.2,0.10130489999999837,0.011910896142184227,-0.08189999999999918,0.01850445,-5.5247213171983986e-05,2.907748061683367e-06,0.008100000000000818,-0.10045969721317116,-0.00210856714755026,stop_intrabar,False,False,False
52,PF_XBTUSD,1,0.0002,2026-04-05T22:51:00+00:00,2026-04-05T23:51:00+00:00,2026-04-05T23:51:00+00:00,68162.0,68170.0,68982.0,68974.0,13.634,0.28677122164021185,47.54312487152373,47.69023473468633,1.3634000000000002,1.3634000000000002,0.02867712216402119,9.999999999999998,stop_risk,67840.0,67840.0,0.0812002,0.011885781217880934,0.1608,0.013714400000000002,2.4263162466339293e-05,0.0,0.0032,0.14710986316246635,0.003094240514480334,time_exit,False,False,False
53,PF_XBTUSD,-1,0.0004,2026-04-06T01:51:00+00:00,2026-04-06T02:10:00+00:00,2026-04-06T02:11:00+00:00,68799.0,68791.0,68973.0,68981.0,27.5164,0.5769818528485166,47.69023473468633,47.586675349766026,2.75164,2.75164,0.057698185284851655,10.0,stop_risk,68973.0,68973.0,0.10355439999999999,0.011922558683671583,-0.076,0.0275544,-4.984920281518706e-06,7.382662088099999e-07,0.0064,-0.10355938492028151,-0.0021715008428121684,stop_intrabar,False,False,False
54,PF_ETHUSD,1,0.008,2026-04-06T02:21:00+00:00,2026-04-06T03:21:00+00:00,2026-04-06T03:21:00+00:00,2137.0,2137.4,2136.0,2135.5,17.0992,0.35932747716287083,47.586675349766026,47.554424400019855,1.70992,1.70992,0.035932747716287086,10.0,stop_risk,2127.9,2127.9,0.09625960000000074,0.011896668837441508,-0.015200000000000729,0.0170916,4.0650253671031296e-05,0.0,0.0072000000000007275,-0.03225094974632969,-0.0006777306779530726,time_exit,False,False,False
55,PF_XBTUSD,-1,0.0005,2026-04-06T04:31:00+00:00,2026-04-06T04:35:00+00:00,2026-04-06T04:36:00+00:00,68975.0,68967.0,69088.0,69096.0,34.4835,0.725137575211311,47.554424400019855,47.45541411195632,3.44835,3.44835,0.0725137575211311,10.0,stop_risk,69088.0,69088.0,0.09901575,0.011888606100004966,-0.0645,0.03451575,5.461936455831324e-06,1.365484113957831e-06,0.008,-0.09901028806354417,-0.0020820415621201974,stop_intrabar,False,False,False
56,PF_XBTUSD,-1,0.0005,2026-04-06T06:31:00+00:00,2026-04-06T06:47:00+00:00,2026-04-06T06:48:00+00:00,68855.0,68847.0,68971.0,68979.0,34.423500000000004,0.7253861470640303,47.45541411195632,47.35496497800996,3.4423500000000007,3.4423500000000007,0.07253861470640303,10.0,stop_risk,68971.0,68971.0,0.1004565,0.011863853527989082,-0.066,0.0344565,7.366053667918119e-06,4.6037835424488263e-07,0.008,-0.10044913394633209,-0.0021167054555535757,stop_intrabar,False,False,False
57,PF_XBTUSD,1,0.0005,2026-04-06T08:46:00+00:00,2026-04-06T09:16:00+00:00,2026-04-06T09:17:00+00:00,69255.0,69263.0,69820.0,69807.0,34.6315,0.7313171916837379,47.35496497800996,47.5921681239745,3.4631500000000006,3.4631500000000006,0.0731317191683738,9.999999999999998,stop_risk,69134.0,69134.0,0.10309725,0.011838741244502491,0.272,0.03476750000000001,-2.9354035376132468e-05,1.2398848573501922e-06,0.0105,0.23720314596462388,0.005009044903206516,target_intrabar,False,False,True
58,PF_XBTUSD,1,0.0003,2026-04-06T09:21:00+00:00,2026-04-06T09:39:00+00:00,2026-04-06T09:40:00+00:00,69950.0,69959.0,69763.0,69755.0,20.987699999999997,0.4409906257123736,47.5921681239745,47.50999688928718,2.0987699999999996,2.0987699999999996,0.04409906257123736,10.0,stop_risk,69763.0,69763.0,0.08245694999999999,0.011898042030993627,-0.0612,0.0209571,-1.4134687373792192e-05,7.439309144101151e-07,0.0050999999999999995,-0.08217123468737379,-0.0017265705246569786,stop_intrabar,False,False,False
59,PF_XBTUSD,-1,0.0005,2026-04-06T12:16:00+00:00,2026-04-06T13:16:00+00:00,2026-04-06T13:16:00+00:00,69490.0,69482.0,69390.0,69398.0,34.741,0.7312355772398208,47.50999688928718,47.51720985702109,3.4741,3.4741,0.07312355772398207,10.0,stop_risk,69606.0,69606.0,0.100774,0.011877499222321796,0.042,0.03472,-6.703226613285395e-05,0.0,0.008,0.007212967733867147,0.00015182000012914267,time_exit,False,False,False
60,PF_XBTUSD,1,0.0003,2026-04-06T16:01:00+00:00,2026-04-06T17:01:00+00:00,2026-04-06T17:01:00+00:00,69918.0,69926.0,69757.0,69749.0,20.9778,0.4414779416367676,47.51720985702109,47.443309108753105,2.0977799999999998,2.0977799999999998,0.044147794163676764,10.0,stop_risk,69716.0,69716.0,0.0863451,0.011879302464255274,-0.053099999999999994,0.020951249999999998,0.00015050173221606847,0.0,0.0048,-0.07390074826778392,-0.001555241742731753,time_exit,False,False,False
61,PF_ETHUSD,-1,0.008,2026-04-06T17:06:00+00:00,2026-04-06T18:06:00+00:00,2026-04-06T18:06:00+00:00,2133.2,2132.8,2133.4,2133.9,17.0624,0.3596376458667394,47.443309108753105,47.417432479548175,1.7062400000000002,1.7062400000000002,0.03596376458667394,9.999999999999998,stop_risk,2142.3,2142.3,0.0963019999999971,0.011860827277188277,-0.008799999999999272,0.0170668,-9.82920476592936e-06,0.0,0.00719999999999709,-0.025876629204765203,-0.0005454220983078743,time_exit,False,False,False
62,PF_ETHUSD,1,0.008,2026-04-06T20:26:00+00:00,2026-04-06T21:26:00+00:00,2026-04-06T21:26:00+00:00,2153.4,2153.9,2145.6,2145.1,17.2312,0.36339377943822804,47.417432479548175,47.32987267170358,1.7231200000000002,1.7231200000000002,0.03633937794382281,10.0,stop_risk,2143.8,2143.8,0.10198879999999927,0.011854358119887045,-0.07040000000000146,0.017196000000000003,3.6192155415425485e-05,0.0,0.008,-0.08755980784458604,-0.0018465742083853202,time_exit,False,False,False
63,PF_XBTUSD,-1,0.0006,2026-04-06T21:46:00+00:00,2026-04-06T21:48:00+00:00,2026-04-06T21:49:00+00:00,69461.0,69453.0,69541.0,69549.0,41.6718,0.8804545131369792,47.32987267170358,47.23055693277842,4.16718,4.16718,0.08804545131369793,10.0,stop_risk,69541.0,69541.0,0.09930059999999999,0.011832468167925896,-0.0576,0.0417006,-1.5138925165651713e-05,5.046308388550571e-06,0.0096,-0.09931573892516565,-0.002098373253907824,stop_intrabar,False,False,False
64,PF_XBTUSD,-1,0.0004,2026-04-06T22:56:00+00:00,2026-04-06T23:56:00+00:00,2026-04-06T23:56:00+00:00,68936.0,68927.0,68872.0,68880.0,27.570800000000002,0.5837492037038764,47.23055693277842,47.22163181061448,2.75708,2.75708,0.05837492037038764,10.0,stop_risk,69112.0,69112.0,0.1052096,0.011807639233194606,0.0188,0.0275614,-0.0001637221639372524,0.0,0.0068000000000000005,-0.008925122163937253,-0.00018896923397791103,time_exit,False,False,False
65,PF_XBTUSD,-1,0.0003,2026-04-07T02:01:00+00:00,2026-04-07T02:31:00+00:00,2026-04-07T02:32:00+00:00,68391.0,68383.0,68591.0,68599.0,20.514899999999997,0.4344386081844096,47.22163181061448,47.136277159898505,2.05149,2.05149,0.04344386081844096,10.0,stop_risk,68591.0,68591.0,0.08534729999999999,0.011805407952653621,-0.0648,0.020547299999999998,-7.350715923654996e-06,2.3711986850499998e-07,0.0048,-0.08535465071592366,-0.0018075328497381073,stop_intrabar,False,False,False
66,PF_XBTUSD,1,0.0005,2026-04-07T03:31:00+00:00,2026-04-07T04:12:00+00:00,2026-04-07T04:13:00+00:00,68768.0,68776.0,68641.0,68633.0,34.388,0.7295442506701784,47.136277159898505,47.03034483614276,3.4388,3.4388,0.07295442506701784,10.0,stop_risk,68641.0,68641.0,0.10585225,0.011784069289974627,-0.07150000000000001,0.03435225,-8.007375570418977e-05,2.8955807819440855e-06,0.008,-0.1059323237557042,-0.0022473629683641377,stop_intrabar,False,False,False
67,PF_ETHUSD,1,0.015,2026-04-07T04:41:00+00:00,2026-04-07T05:26:00+00:00,2026-04-07T05:27:00+00:00,2112.5,2112.9,2108.5,2108.1,31.6935,0.6738946973581105,47.03034483614276,46.926669955851324,3.16935,3.16935,0.06738946973581106,10.0,stop_risk,2108.5,2108.5,0.10365750000000272,0.011757586209035692,-0.07200000000000273,0.0316575,-1.738029140604258e-05,1.0811849593784133e-06,0.012000000000002727,-0.10367488029140877,-0.0022044252631491395,stop_intrabar,False,False,False
68,PF_XBTUSD,-1,0.0005,2026-04-07T06:16:00+00:00,2026-04-07T07:16:00+00:00,2026-04-07T07:16:00+00:00,68533.0,68525.0,68562.0,68570.0,34.2625,0.7301285182228828,46.926669955851324,46.86998203052821,3.4262500000000005,3.4262500000000005,0.07301285182228828,10.0,stop_risk,68635.0,68635.0,0.093292,0.011731667488962831,-0.0225,0.034273750000000006,8.582467682757093e-05,0.0,0.008,-0.056687925323172426,-0.001208010825752275,time_exit,False,False,False
69,PF_ETHUSD,1,0.011,2026-04-07T09:11:00+00:00,2026-04-07T09:28:00+00:00,2026-04-07T09:29:00+00:00,2130.1,2130.5,2123.9,2123.4,23.435499999999998,0.5000108595035424,46.86998203052821,46.76848235945565,2.34355,2.34355,0.05000108595035424,9.999999999999998,stop_risk,2123.9,2123.9,0.100397,0.011717495507632054,-0.07809999999999899,0.02339645,-3.221072520187501e-06,1.7894847334375e-07,0.009900000000001,-0.10149967107251917,-0.002165558139245894,stop_intrabar,False,False,False
70,PF_ETHUSD,-1,0.01,2026-04-07T10:36:00+00:00,2026-04-07T11:36:00+00:00,2026-04-07T11:36:00+00:00,2106.2,2105.7,2088.5,2088.9,21.057,0.4502391127032732,46.76848235945565,46.91549026478139,2.1057,2.1057,0.04502391127032732,9.999999999999998,stop_risk,2113.1,2113.1,0.10009650000000092,0.011692120589863915,0.16799999999999726,0.020973000000000002,-1.9094674183923685e-05,0.0,0.00900000000000091,0.14700790532581334,0.0031433114334549553,time_exit,False,False,False
71,PF_XBTUSD,-1,0.0003,2026-04-07T14:11:00+00:00,2026-04-07T14:22:00+00:00,2026-04-07T14:23:00+00:00,67863.0,67855.0,68098.0,68106.0,20.356499999999997,0.4338972029304627,46.91549026478139,46.819801469727444,2.03565,2.03565,0.043389720293046274,9.999999999999998,stop_risk,68098.0,68098.0,0.09569414999999999,0.011728872566195349,-0.07529999999999999,0.02039415,5.354946062500975e-06,4.868132784091794e-07,0.0048,-0.09568879505393749,-0.002039599171060338,stop_intrabar,False,False,False
72,PF_XBTUSD,1,0.0003,2026-04-07T17:41:00+00:00,2026-04-07T18:40:00+00:00,2026-04-07T18:41:00+00:00,68707.0,68715.0,68510.0,68502.0,20.6145,0.4402944769710064,46.819801469727444,46.735278129782834,2.0614500000000002,2.0614500000000002,0.04402944769710064,9.999999999999998,stop_risk,68510.0,68510.0,0.08448254999999999,0.011704950367431861,-0.0639,0.020582549999999998,-4.078994449531375e-05,4.919617407928229e-07,0.0048,-0.08452333994449532,-0.0018052904389000042,stop_intrabar,False,False,False
73,PF_ETHUSD,1,0.007,2026-04-07T19:56:00+00:00,2026-04-07T20:56:00+00:00,2026-04-07T20:56:00+00:00,2113.6,2114.0,2112.7,2112.3,14.798,0.3166344695522359,46.735278129782834,46.70859611008851,1.4798,1.4798,0.03166344695522359,10.0,stop_risk,2101.9,2101.9,0.10225424999999999,0.01168381953244571,-0.011899999999998728,0.014792050000000001,1.003030581675546e-05,0.0,0.00559999999999809,-0.026682019694181974,-0.0005709181749188823,time_exit,False,False,False
74,PF_XBTUSD,1,0.0003,2026-04-07T21:16:00+00:00,2026-04-07T21:25:00+00:00,2026-04-07T21:26:00+00:00,69968.0,69980.0,69716.0,69708.0,20.994,0.4494675873048889,46.70859611008851,46.60602437346397,2.0994,2.0994,0.044946758730488895,10.0,stop_risk,69716.0,69716.0,0.10375259999999999,0.011677149027522128,-0.08159999999999999,0.020953199999999998,-1.85366245077e-05,1.8536624507699998e-06,0.005999999999999999,-0.10257173662450768,-0.0021959927115504417,stop_intrabar,False,False,False
75,PF_ETHUSD,1,0.004,2026-04-07T22:41:00+00:00,2026-04-07T23:20:00+00:00,2026-04-07T23:21:00+00:00,2184.6,2185.2,2246.3,2245.7,8.7408,0.18754656973008713,46.60602437346397,46.8391295070572,0.8740800000000001,0.8740800000000001,0.018754656973008713,10.0,stop_risk,2166.7,2166.7,0.08510259999999964,0.011651506093365993,0.242,0.0088618,-3.3066406717929224e-05,9.866078696221729e-07,0.004800000000001092,0.23310513359328205,0.00500160948561845,target_intrabar,False,False,True
76,PF_XBTUSD,1,0.0002,2026-04-07T23:31:00+00:00,2026-04-07T23:39:00+00:00,2026-04-07T23:40:00+00:00,72475.0,72483.0,72113.0,72105.0,14.4966,0.30949763910142297,46.8391295070572,46.74905149250699,1.4496600000000002,1.4496600000000002,0.030949763910142297,10.0,stop_risk,72113.0,72113.0,0.0900588,0.011709782376764302,-0.0756,0.0144588,-1.9214550212785715e-05,2.1349500236428573e-06,0.0032,-0.09007801455021278,-0.0019231359655529213,stop_intrabar,False,False,False
77,PF_XBTUSD,-1,0.0003,2026-04-08T02:41:00+00:00,2026-04-08T03:29:00+00:00,2026-04-08T03:30:00+00:00,71285.0,71277.0,71484.0,71492.0,21.3831,0.4574017935621071,46.74905149250699,46.66316178424177,2.13831,2.13831,0.04574017935621072,9.999999999999998,stop_risk,71484.0,71484.0,0.08591534999999999,0.011687262873126748,-0.06449999999999999,0.02141535,2.5641734792454117e-05,8.696707887910706e-08,0.0048,-0.08588970826520752,-0.0018372502868635537,stop_intrabar,False,False,False
78,PF_XBTUSD,1,0.0004,2026-04-08T04:46:00+00:00,2026-04-08T05:46:00+00:00,2026-04-08T05:46:00+00:00,71614.0,71622.0,71658.0,71650.0,28.6488,0.613948967548846,46.66316178424177,46.64563532082818,2.8648800000000003,2.8648800000000003,0.061394896754884604,10.0,stop_risk,71488.0,71488.0,0.0854204,0.011665790446060444,0.0112,0.028654400000000003,-7.206341350353681e-05,0.0,0.0064,-0.01752646341350354,-0.00037559528208871295,time_exit,False,False,False
79,PF_XBTUSD,1,0.0004,2026-04-08T12:46:00+00:00,2026-04-08T13:07:00+00:00,2026-04-08T13:08:00+00:00,71918.0,71926.0,72590.0,72582.0,28.770400000000002,0.6167865396648047,46.64563532082818,46.87914230911264,2.8770400000000005,2.8770400000000005,0.06167865396648047,9.999999999999998,stop_risk,71760.0,71760.0,0.09833560000000001,0.011661408830207045,0.2624,0.0289016,8.58828446340313e-06,5.903768967247863e-07,0.0064,0.23350698828446342,0.0050059772297751945,target_intrabar,False,False,True
80,PF_ETHUSD,-1,0.007,2026-04-08T13:46:00+00:00,2026-04-08T14:46:00+00:00,2026-04-08T14:46:00+00:00,2236.0,2235.6,2208.1,2208.5,15.6492,0.33382010056438294,46.87914230911264,47.05331963993849,1.56492,1.56492,0.033382010056438295,10.0,stop_risk,2246.5,2246.5,0.09478875000000128,0.01171978557727816,0.18969999999999937,0.015554350000000002,3.168082567549809e-05,0.0,0.005600000000001273,0.17417733082567485,0.0037154547256257556,time_exit,False,False,False
81,PF_ETHUSD,-1,0.005,2026-04-08T15:01:00+00:00,2026-04-08T15:35:00+00:00,2026-04-08T15:36:00+00:00,2194.6,2194.2,2211.2,2211.6,10.971,0.2331610199652715,47.05331963993849,46.955330031912446,1.0971,1.0971,0.023316101996527148,10.0,stop_risk,2211.2,2211.2,0.09801450000000045,0.011763329909984625,-0.08700000000000045,0.0110145,2.4891974060327323e-05,7.321168841272741e-07,0.00400000000000091,-0.09798960802594013,-0.0020825227375194013,stop_intrabar,False,False,False
82,PF_ETHUSD,1,0.011,2026-04-08T16:26:00+00:00,2026-04-08T16:30:00+00:00,2026-04-08T16:31:00+00:00,2220.0,2220.5,2213.9,2213.4,24.4255,0.5201858869568076,46.955330031912446,46.85283813136772,2.44255,2.44255,0.05201858869568076,9.999999999999998,stop_risk,2213.9,2213.9,0.10248644999999901,0.011738832507978112,-0.07809999999999899,0.02438645,-5.450544734350948e-06,1.0901089468701896e-06,0.011,-0.10249190054473332,-0.002182753277957504,stop_intrabar,False,False,False
83,PF_XBTUSD,1,0.0003,2026-04-08T17:46:00+00:00,2026-04-08T18:18:00+00:00,2026-04-08T18:19:00+00:00,71827.0,71835.0,71608.0,71600.0,21.5505,0.45996146358468,46.85283813136772,46.76093562851368,2.15505,2.15505,0.04599614635846801,10.0,stop_risk,71608.0,71608.0,0.09201524999999998,0.01171320953284193,-0.0705,0.02151525,0.00011274714592616234,3.647726483700793e-06,0.0048,-0.09190250285407384,-0.001961514105002438,stop_intrabar,False,False,False
84,PF_ETHUSD,-1,0.008,2026-04-08T18:51:00+00:00,2026-04-08T19:51:00+00:00,2026-04-08T19:51:00+00:00,2207.1,2206.7,2207.2,2207.7,17.653599999999997,0.377528801823958,46.76093562851368,46.735213283114874,1.7653599999999998,1.7653599999999998,0.0377528801823958,10.0,stop_risk,2215.8,2215.8,0.0936916,0.01169023390712842,-0.008,0.0176576,-6.474539861449194e-05,0.0,0.0072000000000007275,-0.025722345398614493,-0.0005500819231454735,time_exit,False,False,False
85,PF_XBTUSD,1,0.0004,2026-04-08T21:21:00+00:00,2026-04-08T22:04:00+00:00,2026-04-08T22:05:00+00:00,71565.0,71574.0,71428.0,71420.0,28.6296,0.6125916196544605,46.735213283114874,46.64517000217652,2.86296,2.86296,0.06125916196544606,10.0,stop_risk,71428.0,71428.0,0.0905986,0.011683803320778719,-0.0616,0.0285988,0.00015551906168567766,2.590565500750635e-06,0.0068000000000000005,-0.09004328093831433,-0.0019266688779795594,stop_intrabar,False,False,False
86,PF_ETHUSD,-1,0.006,2026-04-08T22:31:00+00:00,2026-04-08T22:35:00+00:00,2026-04-08T22:36:00+00:00,2187.6,2187.2,2200.5,2200.9,13.123199999999999,0.28134102629248975,46.64517000217652,46.549802160749955,1.31232,1.31232,0.028134102629248977,10.0,stop_risk,2200.5,2200.5,0.09536430000000164,0.01166129250054413,-0.08220000000000163,0.0131643,-3.5414265510550634e-06,7.082853102110127e-07,0.004800000000001092,-0.09536784142655269,-0.002044538403914118,stop_intrabar,False,False,False
87,PF_XBTUSD,-1,0.0004,2026-04-08T23:06:00+00:00,2026-04-08T23:11:00+00:00,2026-04-08T23:12:00+00:00,71003.0,70995.0,71144.0,71152.0,28.398,0.6100562984550069,46.549802160749955,46.45856014798494,2.8398000000000003,2.8398000000000003,0.061005629845500696,9.999999999999998,stop_risk,71144.0,71144.0,0.0912294,0.011637450540187489,-0.06280000000000001,0.0284294,-1.2612765035627852e-05,2.1021275059379754e-06,0.0064,-0.09124201276503564,-0.001960094533805977,stop_intrabar,False,False,False
88,PF_XBTUSD,-1,0.0005,2026-04-09T00:41:00+00:00,2026-04-09T01:41:00+00:00,2026-04-09T01:41:00+00:00,70805.0,70796.0,70762.0,70770.0,35.398,0.7619263250356099,46.45856014798494,46.43598500416173,3.5398000000000005,3.5398000000000005,0.07619263250356098,10.0,stop_risk,70912.0,70912.0,0.09792925,0.011614640036996235,0.013000000000000001,0.035391500000000006,-0.0001836438231822943,0.0,0.0085,-0.022575143823182296,-0.0004859200059423592,time_exit,False,False,False
89,PF_XBTUSD,1,0.0004,2026-04-09T02:56:00+00:00,2026-04-09T03:07:00+00:00,2026-04-09T03:08:00+00:00,71135.0,71143.0,70977.0,70969.0,28.4572,0.6128264533949174,46.43598500416173,46.337983446077565,2.84572,2.84572,0.06128264533949174,10.0,stop_risk,70977.0,70977.0,0.0980224,0.011608996251040433,-0.06960000000000001,0.0284224,2.0841915819404286e-05,1.9177940628233333e-06,0.0064,-0.09800155808418061,-0.002110465796631587,stop_intrabar,False,False,False
90,PF_XBTUSD,1,0.0004,2026-04-09T08:46:00+00:00,2026-04-09T08:51:00+00:00,2026-04-09T08:52:00+00:00,71347.0,71355.0,71215.0,71207.0,28.542,0.6159525701677041,46.337983446077565,46.25028032840724,2.8542000000000005,2.8542000000000005,0.06159525701677041,9.999999999999998,stop_risk,71215.0,71215.0,0.08771240000000001,0.011584495861519392,-0.0592,0.0285124,9.282329679650064e-06,1.8564659359300127e-06,0.0064,-0.08770311767032037,-0.0018926830895085983,stop_intrabar,False,False,False
91,PF_ETHUSD,-1,0.011,2026-04-09T11:26:00+00:00,2026-04-09T12:26:00+00:00,2026-04-09T12:26:00+00:00,2179.9,2179.5,2177.5,2177.9,23.9745,0.518364425680566,46.25028032840724,46.24386723376015,2.39745,2.39745,0.051836442568056605,10.0,stop_risk,2185.8,2185.8,0.09771134999999799,0.011562570082101813,0.017599999999999,0.0239657,-4.739464703545603e-05,0.0,0.008800000000002,-0.0064130946470364585,-0.00013866066543811824,time_exit,False,False,False
92,PF_XBTUSD,-1,0.0002,2026-04-09T13:41:00+00:00,2026-04-09T14:41:00+00:00,2026-04-09T14:41:00+00:00,70866.0,70858.0,70829.0,70837.0,14.171600000000002,0.3064536088291094,46.24386723376015,46.23384654705415,1.4171600000000002,1.4171600000000002,0.03064536088291094,10.0,stop_risk,71130.0,71130.0,0.0701996,0.011560966808440038,0.004200000000000001,0.014169500000000002,-5.118670597290064e-05,0.0,0.0032,-0.010020686705972899,-0.00021669222981112048,time_exit,False,False,False
93,PF_XBTUSD,1,0.0002,2026-04-09T15:21:00+00:00,2026-04-09T16:21:00+00:00,2026-04-09T16:21:00+00:00,71461.0,71469.0,72320.0,72312.0,14.293800000000001,0.3091631146340505,46.23384654705415,46.388117366492054,1.42938,1.42938,0.03091631146340505,10.0,stop_risk,71087.0,71087.0,0.0922548,0.011558461636763539,0.1686,0.014378100000000001,4.891943785051012e-05,0.0,0.0032,0.1542708194378505,0.003336750691527311,time_exit,False,False,False
94,PF_ETHUSD,-1,0.006,2026-04-09T23:01:00+00:00,2026-04-10T00:01:00+00:00,2026-04-10T00:01:00+00:00,2196.7,2196.3,2188.7,2189.1,13.177800000000001,0.2840770599912046,46.388117366492054,46.41812342132682,1.3177800000000002,1.3177800000000002,0.02840770599912046,10.0,stop_risk,2209.4,2209.4,0.0942183,0.011597029341623015,0.04320000000000164,0.0131562,-3.774516525277766e-05,0.0,0.004799999999998363,0.03000605483474886,0.0006468478683384423,time_exit,False,False,False
95,PF_XBTUSD,1,0.0002,2026-04-10T01:41:00+00:00,2026-04-10T02:41:00+00:00,2026-04-10T02:41:00+00:00,72356.0,72364.0,72173.0,72165.0,14.472800000000001,0.31179200995769835,46.41812342132682,46.36391030892555,1.4472800000000001,1.4472800000000001,0.031179200995769832,10.0,stop_risk,72061.0,72061.0,0.07664170000000001,0.011604530855331705,-0.0398,0.014452900000000001,3.9787598778739364e-05,0.0,0.0032,-0.054213112401221265,-0.001167929860264731,time_exit,False,False,False
96,PF_ETHUSD,-1,0.015,2026-04-10T03:31:00+00:00,2026-04-10T03:39:00+00:00,2026-04-10T03:40:00+00:00,2183.6,2183.2,2187.5,2187.9,32.748,0.7063252383545323,46.36391030892555,46.260602369388984,3.2748,3.2748,0.07063252383545324,10.0,stop_risk,2187.5,2187.5,0.10328325000000409,0.011590977577231388,-0.07050000000000409,0.03278325,-2.4689536562812495e-05,2.7432818403125e-06,0.012000000000002727,-0.1033079395365669,-0.002228197295012863,stop_intrabar,False,False,False
97,PF_XBTUSD,1,0.0004,2026-04-10T05:01:00+00:00,2026-04-10T06:01:00+00:00,2026-04-10T06:01:00+00:00,72122.0,72130.0,72130.0,72122.0,28.852,0.6236840534331564,46.260602369388984,46.228669224262966,2.8852,2.8852,0.06236840534331564,10.0,stop_risk,71992.0,71992.0,0.08722280000000002,0.011565150592347247,-0.0032,0.028850400000000002,0.00011725487409985088,0.0,0.0064,-0.031933145125900154,-0.0006902881391581398,time_exit,False,False,False
98,PF_ETHUSD,-1,0.014,2026-04-10T06:56:00+00:00,2026-04-10T07:56:00+00:00,2026-04-10T07:56:00+00:00,2184.5,2184.1,2178.7,2179.1,30.5774,0.6614380321368099,46.228669224262966,46.26800309055605,3.0577400000000003,3.0577400000000003,0.06614380321368099,10.0,stop_risk,2188.7,2188.7,0.1006124,0.011557167306065742,0.07,0.0305424,-0.00012373370684236527,0.0,0.011200000000002546,0.03933386629315764,0.0008508543930248675,time_exit,False,False,False
99,PF_XBTUSD,1,0.0005,2026-04-10T11:01:00+00:00,2026-04-10T12:01:00+00:00,2026-04-10T12:01:00+00:00,71923.0,71931.0,72123.0,72115.0,35.9655,0.7773298521141723,46.26800309055605,46.32404234493292,3.59655,3.59655,0.07773298521141724,10.0,stop_risk,71814.0,71814.0,0.09843424999999999,0.011567000772639014,0.092,0.0360115,5.075437708030728e-05,0.0,0.008,0.056039254377080315,0.00121118809185259,time_exit,False,False,False
100,PF_ETHUSD,1,0.008,2026-04-10T12:51:00+00:00,2026-04-10T13:00:00+00:00,2026-04-10T13:01:00+00:00,2226.5,2226.9,2217.8,2217.3,17.8152,0.3845778368680877,46.32404234493292,46.2294603292482,1.7815200000000002,1.7815200000000002,0.03845778368680878,10.0,stop_risk,2217.8,2217.8,0.09377719999999999,0.011581010586233231,-0.07679999999999927,0.017776800000000002,-5.215684738834515e-06,7.4451837655e-07,0.0072000000000007275,-0.0945820156847381,-0.0020417478893675132,stop_intrabar,False,False,False
101,PF_XBTUSD,1,0.0001,2026-04-10T14:21:00+00:00,2026-04-10T15:21:00+00:00,2026-04-10T15:21:00+00:00,72910.0,72920.0,72995.0,72986.0,7.292000000000001,0.15773491509669513,46.2294603292482,46.22881798107633,0.7292000000000001,0.7292000000000001,0.015773491509669516,10.0,stop_risk,72471.0,72471.0,0.05316905000000001,0.011557365082312051,0.0066,0.007295300000000001,5.2951828108804614e-05,0.0,0.0019,-0.0006423481718911961,-1.3894779807429394e-05,time_exit,False,False,False
102,PF_XBTUSD,1,0.0003,2026-04-10T18:01:00+00:00,2026-04-10T18:04:00+00:00,2026-04-10T18:05:00+00:00,73136.0,73144.0,72938.0,72930.0,21.943199999999997,0.4746649591815737,46.22881798107633,46.1427166218382,2.19432,2.19432,0.047466495918157374,10.0,stop_risk,72938.0,72938.0,0.0861111,0.011557204495269084,-0.0642,0.0219111,9.740761862216594e-06,3.2469206207388648e-06,0.0048,-0.08610135923813778,-0.0018625040180214685,stop_intrabar,False,False,False
103,PF_XBTUSD,-1,0.0004,2026-04-10T22:46:00+00:00,2026-04-10T23:46:00+00:00,2026-04-10T23:46:00+00:00,72881.0,72873.0,72923.0,72931.0,29.1492,0.6317183324703602,46.1427166218382,46.089999813060295,2.9149200000000004,2.9149200000000004,0.06317183324703603,9.999999999999998,stop_risk,73025.0,73025.0,0.0931812,0.01153567915545955,-0.023200000000000002,0.0291608,-0.0003560087779143501,0.0,0.0064,-0.052716808777914355,-0.0011424730193056037,time_exit,False,False,False
104,PF_XBTUSD,-1,0.0005,2026-04-11T01:26:00+00:00,2026-04-11T01:29:00+00:00,2026-04-11T01:30:00+00:00,72743.0,72735.0,72837.0,72845.0,36.3675,0.7890540279345959,46.089999813060295,45.99858289170052,3.63675,3.63675,0.0789054027934596,10.0,stop_risk,72837.0,72837.0,0.09139500000000002,0.011522499953265075,-0.055,0.036395,-2.1921359773791087e-05,5.480339943447772e-06,0.008,-0.09141692135977378,-0.0019834437346617087,stop_intrabar,False,False,False
105,PF_XBTUSD,-1,0.0004,2026-04-11T04:01:00+00:00,2026-04-11T04:07:00+00:00,2026-04-11T04:08:00+00:00,72842.0,72834.0,72961.0,72969.0,29.1336,0.6333586421258327,45.99858289170052,45.915377306351374,2.9133600000000004,2.9133600000000004,0.06333586421258328,9.999999999999998,stop_risk,72961.0,72961.0,0.0831606,0.011499645722925132,-0.054,0.029160600000000002,-4.498534912764825e-05,6.426478446806891e-06,0.0064,-0.08320558534912766,-0.0018088727982126674,stop_intrabar,False,False,False
106,PF_XBTUSD,-1,0.0004,2026-04-11T04:26:00+00:00,2026-04-11T05:26:00+00:00,2026-04-11T05:26:00+00:00,72714.0,72706.0,72797.0,72805.0,29.0824,0.6333912886299443,45.915377306351374,45.84630103008583,2.90824,2.90824,0.06333912886299443,10.0,stop_risk,72845.0,72845.0,0.0879118,0.011478844326587844,-0.0396,0.0291022,-0.00037407626536657083,0.0,0.0064,-0.06907627626536658,-0.0015044257570722699,time_exit,False,False,False
107,PF_ETHUSD,1,0.012,2026-04-11T09:26:00+00:00,2026-04-11T09:34:00+00:00,2026-04-11T09:35:00+00:00,2248.1,2248.6,2243.0,2242.5,26.9832,0.5885578420447213,45.84630103008583,45.74612481762698,2.6983200000000003,2.6983200000000003,0.058855784204472135,9.999999999999998,stop_risk,2243.0,2243.0,0.1001465999999989,0.011461575257521459,-0.0731999999999989,0.0269466,-2.9612458870850894e-05,3.2902732078723215e-06,0.012,-0.10017621245886976,-0.002185044599195274,stop_intrabar,False,False,False
108,PF_XBTUSD,1,0.0007,2026-04-11T12:01:00+00:00,2026-04-11T12:22:00+00:00,2026-04-11T12:23:00+00:00,72940.0,72948.0,72882.0,72874.0,51.0636,1.1162388115621125,45.74612481762698,45.64338211400806,5.1063600000000005,5.1063600000000005,0.11162388115621126,10.0,stop_risk,72882.0,72882.0,0.1028377,0.011436531204406745,-0.0518,0.051037700000000005,9.499638104859401e-05,4.523637192790192e-06,0.0112,-0.10274270361895141,-0.0022459323938049153,stop_intrabar,False,False,False
109,PF_XBTUSD,-1,0.0002,2026-04-11T13:11:00+00:00,2026-04-11T14:11:00+00:00,2026-04-11T14:11:00+00:00,72593.0,72585.0,72732.0,72740.0,14.517000000000001,0.3180526798767767,45.64338211400806,45.59776478738875,1.4517000000000002,1.4517000000000002,0.031805267987677674,10.0,stop_risk,72866.0,72866.0,0.0723459,0.011410845528502016,-0.031,0.0145325,-8.48266193555163e-05,0.0,0.0032,-0.04561732661935552,-0.0009994291506578662,time_exit,False,False,False
110,PF_XBTUSD,1,0.0004,2026-04-11T16:51:00+00:00,2026-04-11T16:59:00+00:00,2026-04-11T17:00:00+00:00,73206.0,73214.0,73053.0,73045.0,29.285600000000002,0.6422595523388396,45.59776478738875,45.50093137557088,2.9285600000000005,2.9285600000000005,0.06422595523388397,9.999999999999998,stop_risk,73053.0,73053.0,0.0968518,0.011399441196847188,-0.06760000000000001,0.0292518,1.8388182133185613e-05,2.298522766648202e-06,0.0064,-0.09683341181786681,-0.002123643829239819,stop_intrabar,False,False,False
111,PF_XBTUSD,1,0.0004,2026-04-11T18:41:00+00:00,2026-04-11T18:47:00+00:00,2026-04-11T18:48:00+00:00,73582.0,73590.0,73466.0,73456.0,29.436,0.6469318123849214,45.50093137557088,45.41793152433712,2.9436,2.9436,0.06469318123849213,10.0,stop_risk,73466.0,73466.0,0.08220960000000001,0.01137523284389272,-0.0536,0.0294092,9.348766252847966e-06,1.5581277088079944e-06,0.007200000000000001,-0.08299985123374716,-0.0018241352149180221,stop_intrabar,False,False,False
112,PF_ETHUSD,1,0.022,2026-04-11T22:26:00+00:00,2026-04-11T22:31:00+00:00,2026-04-11T22:32:00+00:00,2304.1,2304.5,2302.6,2302.1,50.699,1.1162771684754738,45.41793152433712,45.31439359035024,5.0699000000000005,5.0699000000000005,0.1116277168475474,9.999999999999998,stop_risk,2302.6,2302.6,0.10127370000000399,0.011354482881084281,-0.052800000000002,0.0506726,-6.533398686986223e-05,1.0888997811643704e-05,0.019800000000002,-0.10353793398687186,-0.0022796708373077545,stop_intrabar,False,False,False
113,PF_XBTUSD,-1,0.0003,2026-04-11T23:11:00+00:00,2026-04-11T23:22:00+00:00,2026-04-11T23:23:00+00:00,72983.0,72975.0,73184.0,73193.0,21.8925,0.48312463801042754,45.31439359035024,45.227057415821605,2.18925,2.18925,0.04831246380104275,10.0,stop_risk,73184.0,73184.0,0.08702504999999999,0.011328598397587562,-0.0654,0.0219252,-1.0974528632262842e-05,9.145440526885703e-07,0.0050999999999999995,-0.08733617452863227,-0.0019273384814142282,stop_intrabar,False,False,False
114,PF_XBTUSD,-1,0.0003,2026-04-12T01:41:00+00:00,2026-04-12T01:49:00+00:00,2026-04-12T01:50:00+00:00,72215.0,72207.0,71373.0,71381.0,21.6621,0.47896328520418024,45.227057415821605,45.45331052177197,2.16621,2.16621,0.04789632852041803,10.0,stop_risk,72449.0,72449.0,0.09669959999999998,0.011306764353955402,0.24779999999999996,0.0215382,-8.69404961932146e-06,9.6600551325794e-07,0.0048,0.22625310595038065,0.005002605052771605,target_intrabar,False,False,True
115,PF_XBTUSD,-1,0.0003,2026-04-12T01:51:00+00:00,2026-04-12T02:01:00+00:00,2026-04-12T02:02:00+00:00,71550.0,71542.0,71733.0,71741.0,21.4626,0.4721900287047187,45.45331052177197,45.372106575388955,2.14626,2.14626,0.04721900287047187,10.0,stop_risk,71733.0,71733.0,0.08119245,0.011363327630442992,-0.059699999999999996,0.021492449999999996,-1.1496382982321461e-05,1.4011666815000001e-06,0.0048,-0.08120394638298233,-0.0017865353579490308,stop_intrabar,False,False,False
116,PF_XBTUSD,-1,0.0004,2026-04-12T05:01:00+00:00,2026-04-12T05:08:00+00:00,2026-04-12T05:09:00+00:00,71470.0,71462.0,71602.0,71611.0,28.5848,0.6300082177693104,45.372106575388955,45.283880466051485,2.85848,2.85848,0.06300082177693103,10.0,stop_risk,71602.0,71602.0,0.0878144,0.011343026643847239,-0.0596,0.0286146,-1.1509337446038305e-05,1.4386671807547881e-06,0.0068000000000000005,-0.08822610933744604,-0.00194450106015801,stop_intrabar,False,False,False
117,PF_ETHUSD,1,0.016,2026-04-12T06:16:00+00:00,2026-04-12T06:25:00+00:00,2026-04-12T06:26:00+00:00,2220.9,2221.3,2217.7,2217.3,35.540800000000004,0.7848444001313957,45.283880466051485,45.1843410711142,3.554080000000001,3.554080000000001,0.07848444001313958,9.999999999999998,stop_risk,2217.7,2217.7,0.09950880000000001,0.011320970116512872,-0.064,0.03550880000000001,-3.059493726944181e-05,3.0594937269441813e-06,0.012799999999995634,-0.09953939493726945,-0.002198119814663241,stop_intrabar,False,False,False
118,PF_XBTUSD,-1,0.0005,2026-04-12T10:56:00+00:00,2026-04-12T11:02:00+00:00,2026-04-12T11:03:00+00:00,71383.0,71375.0,71487.0,71495.0,35.6875,0.7898200826660852,45.1843410711142,45.088587181238466,3.56875,3.56875,0.07898200826660852,10.0,stop_risk,71487.0,71487.0,0.0957175,0.01129608526777855,-0.06,0.0357175,-3.63898757212675e-05,5.298169070789385e-06,0.008,-0.09575388987572128,-0.0021191830533727886,stop_intrabar,False,False,False
119,PF_XBTUSD,-1,0.0002,2026-04-12T13:01:00+00:00,2026-04-12T14:01:00+00:00,2026-04-12T14:01:00+00:00,70974.0,70966.0,70909.0,70917.0,14.193200000000001,0.31478475790223576,45.088587181238466,45.084068417098614,1.4193200000000001,1.4193200000000001,0.03147847579022357,10.0,stop_risk,71229.0,71229.0,0.0684203,0.011272146795309617,0.0098,0.014188300000000001,-0.0001304641399246925,0.0,0.0032,-0.004518764139924694,-0.00010021968800577031,time_exit,False,False,False
120,PF_XBTUSD,-1,0.0004,2026-04-12T14:51:00+00:00,2026-04-12T15:51:00+00:00,2026-04-12T15:51:00+00:00,70802.0,70794.0,70906.0,70914.0,28.317600000000002,0.6281065794244126,45.084068417098614,45.00765231272035,2.8317600000000005,2.8317600000000005,0.06281065794244127,9.999999999999998,stop_risk,70932.0,70932.0,0.08674680000000001,0.011271017104274654,-0.048,0.0283416,-7.450437834081112e-05,0.0,0.0064,-0.0764161043783408,-0.001694969133472417,time_exit,False,False,False
121,PF_ETHUSD,1,0.012,2026-04-12T17:31:00+00:00,2026-04-12T18:31:00+00:00,2026-04-12T18:31:00+00:00,2195.6,2196.0,2203.1,2202.7,26.352,0.5855004348349943,45.00765231272035,45.06175552819522,2.6352,2.6352,0.058550043483499424,10.0,stop_risk,2190.2,2190.2,0.10071479999999781,0.01125191307818009,0.08039999999999782,0.026392199999999998,9.541547501977501e-05,0.0,0.009600000000002183,0.05410321547501759,0.0012020892602684497,time_exit,False,False,False
122,PF_XBTUSD,1,0.0003,2026-04-13T00:36:00+00:00,2026-04-13T01:36:00+00:00,2026-04-13T01:36:00+00:00,71050.0,71058.0,71202.0,71194.0,21.3174,0.4730707836418327,45.06175552819522,45.08128591103324,2.13174,2.13174,0.047307078364183276,9.999999999999998,stop_risk,70879.0,70879.0,0.07738935,0.011265438882048806,0.040799999999999996,0.021337799999999997,6.818283793076143e-05,0.0,0.0048,0.019530382837930762,0.00043341371433499893,time_exit,False,False,False
123,PF_ETHUSD,1,0.015,2026-04-13T04:41:00+00:00,2026-04-13T04:45:00+00:00,2026-04-13T04:46:00+00:00,2199.4,2199.9,2195.9,2195.5,32.9985,0.7319777893009017,45.08128591103324,44.98230844555702,3.29985,3.29985,0.07319777893009018,10.0,stop_risk,2195.9,2195.9,0.10046475,0.011270321477758312,-0.06600000000000136,0.032965499999999995,-1.196547621388767e-05,2.393095242777534e-06,0.013500000000001363,-0.09897746547621525,-0.0021955333233294352,stop_intrabar,False,False,False
124,PF_ETHUSD,-1,0.012,2026-04-13T05:01:00+00:00,2026-04-13T06:01:00+00:00,2026-04-13T06:01:00+00:00,2189.3,2188.9,2192.4,2192.9,26.2668,0.583936238661278,44.98230844555702,44.90815112333389,2.6266800000000003,2.6266800000000003,0.0583936238661278,9.999999999999998,stop_risk,2194.4,2194.4,0.0971022000000011,0.011245577111389255,-0.048,0.026290800000000003,0.00013347777699903882,0.0,0.010800000000001092,-0.07415732222300096,-0.0016485886292997845,time_exit,False,False,False
125,PF_ETHUSD,1,0.014,2026-04-13T11:51:00+00:00,2026-04-13T12:00:00+00:00,2026-04-13T12:01:00+00:00,2189.8,2190.2,2185.6,2185.1,30.662799999999997,0.6827891871074575,44.90815112333389,44.806087325259064,3.06628,3.06628,0.06827891871074575,10.0,stop_risk,2185.6,2185.6,0.10062779999999999,0.011227037780833473,-0.07139999999999873,0.030627099999999997,-3.669807481571474e-05,4.200292632238719e-06,0.012599999999994907,-0.10206379807481443,-0.0022727232255567733,stop_intrabar,False,False,False
126,PF_XBTUSD,1,0.0002,2026-04-13T14:41:00+00:00,2026-04-13T15:41:00+00:00,2026-04-13T15:41:00+00:00,71762.0,71770.0,71772.0,71764.0,14.354000000000001,0.3203582561405234,44.806087325259064,44.790675197991156,1.4354000000000002,1.4354000000000002,0.03203582561405234,9.999999999999998,stop_risk,71401.0,71401.0,0.0897163,0.011201521831314766,-0.0012000000000000001,0.0143534,0.0001412727322645909,0.0,0.0032,-0.015412127267735411,-0.00034397395951703535,time_exit,False,False,False
127,PF_ETHUSD,-1,0.012,2026-04-13T18:31:00+00:00,2026-04-13T18:34:00+00:00,2026-04-13T18:35:00+00:00,2225.4,2224.9,2230.4,2230.9,26.698800000000002,0.596079426844573,44.790675197991156,44.69194402384951,2.6698800000000005,2.6698800000000005,0.059607942684457314,9.999999999999998,stop_risk,2230.4,2230.4,0.0987348,0.01119766879949779,-0.07200000000000001,0.026734800000000003,3.6258583554000004e-06,1.2086194518e-06,0.012,-0.09873117414164462,-0.0022042796565404908,stop_intrabar,False,False,False
128,PF_XBTUSD,1,0.0003,2026-04-13T19:26:00+00:00,2026-04-13T20:26:00+00:00,2026-04-13T20:26:00+00:00,72817.0,72825.0,73071.0,73063.0,21.847499999999997,0.4888464907308854,44.69194402384951,44.741807105809784,2.1847499999999997,2.1847499999999997,0.04888464907308854,10.0,stop_risk,72579.0,72579.0,0.09800939999999998,0.01117298600596238,0.07139999999999999,0.0218832,0.00034628196026220844,0.0,0.0048,0.04986308196026221,0.0011157062653988192,time_exit,False,False,False
129,PF_ETHUSD,1,0.005,2026-04-13T22:16:00+00:00,2026-04-13T22:33:00+00:00,2026-04-13T22:34:00+00:00,2300.5,2300.9,2348.4,2348.0,11.5045,0.25713087477206803,44.741807105809784,44.96568485733551,1.15045,1.15045,0.025713087477206804,10.0,stop_risk,2285.0,2285.0,0.0929637500000009,0.011185451776452447,0.23549999999999954,0.01162225,1.52567035220775e-09,8.974531483575e-11,0.00400000000000091,0.22387775152566988,0.00500377088024679,target_intrabar,False,False,True
130,PF_ETHUSD,1,0.003,2026-04-13T22:41:00+00:00,2026-04-13T23:41:00+00:00,2026-04-13T23:41:00+00:00,2345.8,2346.3,2374.3,2373.9,7.038900000000001,0.15653937046288988,44.96568485733551,45.041386168950666,0.7038900000000001,0.7038900000000001,0.01565393704628899,10.0,stop_risk,2323.8,2323.8,0.0760044,0.011241421214333878,0.08279999999999973,0.007080300000000001,-1.838838476618202e-05,0.0,0.002700000000000273,0.07570131161523354,0.00168353516365678,time_exit,False,False,False
131,PF_XBTUSD,1,0.0006,2026-04-14T02:16:00+00:00,2026-04-14T02:33:00+00:00,2026-04-14T02:34:00+00:00,74446.0,74454.0,74385.0,74377.0,44.672399999999996,0.9918078416244429,45.041386168950666,44.95055034889153,4.467239999999999,4.467239999999999,0.09918078416244429,10.0,stop_risk,74385.0,74385.0,0.0908493,0.011260346542237667,-0.0462,0.044649299999999996,1.347994080403404e-05,7.929376943549437e-07,0.0096,-0.09083582005919597,-0.0020167190174491955,stop_intrabar,False,False,False
132,PF_XBTUSD,-1,0.0005,2026-04-14T05:51:00+00:00,2026-04-14T06:18:00+00:00,2026-04-14T06:19:00+00:00,74290.0,74282.0,74383.0,74391.0,37.141,0.8262635209518827,44.95055034889153,44.858854117228404,3.7141,3.7141,0.08262635209518829,9.999999999999998,stop_risk,74383.0,74383.0,0.09166825,0.011237637587222883,-0.0545,0.03716825,-2.798166316585038e-05,8.444101701729167e-07,0.008,-0.09169623166316586,-0.0020399356838003,stop_intrabar,False,False,False
133,PF_ETHUSD,1,0.01,2026-04-14T06:56:00+00:00,2026-04-14T07:56:00+00:00,2026-04-14T07:56:00+00:00,2376.2,2376.6,2377.6,2377.2,23.766,0.5297950754134951,44.858854117228404,44.84100643863553,2.3766,2.3766,0.05297950754134951,10.0,stop_risk,2369.5,2369.5,0.0987285,0.011214713529307101,0.00599999999999909,0.023769,-7.867859287902106e-05,0.0,0.00800000000000182,-0.01784767859287993,-0.0003978630070718946,time_exit,False,False,False
134,PF_XBTUSD,-1,0.0004,2026-04-14T10:46:00+00:00,2026-04-14T11:46:00+00:00,2026-04-14T11:46:00+00:00,74360.0,74352.0,74332.0,74340.0,29.7408,0.6632500552970413,44.84100643863553,44.81595820984613,2.9740800000000003,2.9740800000000003,0.06632500552970413,9.999999999999998,stop_risk,74521.0,74521.0,0.1005762,0.011210251609658883,0.0048000000000000004,0.0297384,-0.00010982878938000813,0.0,0.0064,-0.025048228789380008,-0.0005586009498617802,time_exit,False,False,False
135,PF_XBTUSD,1,0.0004,2026-04-14T13:06:00+00:00,2026-04-14T13:42:00+00:00,2026-04-14T13:43:00+00:00,74615.0,74624.0,75270.0,75260.0,29.849600000000002,0.6660484611359264,44.81595820984613,45.040379629698194,2.9849600000000005,2.9849600000000005,0.06660484611359264,9.999999999999998,stop_risk,74463.0,74463.0,0.0978156,0.011203989552461532,0.2544,0.029976800000000005,-1.7801478711811272e-06,4.8112104626516986e-08,0.0076,0.2244214198521288,0.005007622927558494,target_intrabar,False,False,True
136,PF_ETHUSD,-1,0.005,2026-04-14T14:51:00+00:00,2026-04-14T15:51:00+00:00,2026-04-14T15:51:00+00:00,2365.1,2364.6,2371.9,2372.3,11.823,0.26249778747877806,45.040379629698194,44.99005314060074,1.1823000000000001,1.1823000000000001,0.026249778747877806,10.0,stop_risk,2381.3,2381.3,0.09786600000000137,0.01126009490742455,-0.038500000000001366,0.011842250000000002,1.5760902610392493e-05,0.0,0.004500000000000455,-0.05032648909739097,-0.001117363785810706,time_exit,False,False,False
137,PF_XBTUSD,-1,0.0003,2026-04-14T17:06:00+00:00,2026-04-14T18:06:00+00:00,2026-04-14T18:06:00+00:00,74737.0,74729.0,74768.0,74776.0,22.418699999999998,0.49830347899208205,44.99005314060074,44.953267296919236,2.24187,2.24187,0.04983034789920821,9.999999999999998,stop_risk,74970.0,74970.0,0.09715605,0.011247513285150187,-0.014099999999999998,0.022425749999999998,-0.0002600936814216367,0.0,0.0048,-0.03678584368142163,-0.0008176439260131631,time_exit,False,False,False
138,PF_XBTUSD,1,0.0004,2026-04-15T00:11:00+00:00,2026-04-15T00:18:00+00:00,2026-04-15T00:19:00+00:00,74568.0,74576.0,74418.0,74410.0,29.8304,0.6635869157845253,44.953267296919236,44.857107123823624,2.9830400000000004,2.9830400000000004,0.06635869157845253,9.999999999999998,stop_risk,74418.0,74418.0,0.0961972,0.01123831682422981,-0.0664,0.029797200000000003,3.70269044028109e-05,5.289557771830128e-06,0.0064,-0.0961601730955972,-0.0021391142152238467,stop_intrabar,False,False,False
139,PF_XBTUSD,1,0.0003,2026-04-15T01:16:00+00:00,2026-04-15T01:36:00+00:00,2026-04-15T01:37:00+00:00,74718.0,74726.0,74556.0,74548.0,22.4178,0.499760270721825,44.857107123823624,44.7813686542574,2.24178,2.24178,0.0499760270721825,10.0,stop_risk,74556.0,74556.0,0.0757911,0.011214276780955906,-0.053399999999999996,0.022391099999999997,5.263043381262334e-05,2.631521690631167e-06,0.0048,-0.07573846956618738,-0.0016884385646430296,stop_intrabar,False,False,False
140,PF_ETHUSD,-1,0.009,2026-04-15T02:31:00+00:00,2026-04-15T03:31:00+00:00,2026-04-15T03:31:00+00:00,2325.2,2324.7,2328.2,2328.6,20.922299999999996,0.467209927448497,44.7813686542574,44.725390482951866,2.09223,2.09223,0.046720992744849706,10.0,stop_risk,2332.8,2332.8,0.09836100000000328,0.01119534216356435,-0.03510000000000082,0.020939849999999996,6.167869445414516e-05,0.0,0.008100000000000818,-0.05597817130554667,-0.0012500326137357748,time_exit,False,False,False
141,PF_XBTUSD,-1,0.0004,2026-04-15T05:31:00+00:00,2026-04-15T06:31:00+00:00,2026-04-15T06:31:00+00:00,74038.0,74030.0,73955.0,73963.0,29.612000000000002,0.6620847728828061,44.725390482951866,44.722339041747816,2.9612000000000003,2.9612000000000003,0.06620847728828061,10.0,stop_risk,74154.0,74154.0,0.08243840000000001,0.011181347620737967,0.0268,0.029598600000000003,-0.000252841203986506,0.0,0.0064,-0.0030514412039865076,-6.822615009140359e-05,time_exit,False,False,False
142,PF_ETHUSD,1,0.015,2026-04-15T08:36:00+00:00,2026-04-15T08:45:00+00:00,2026-04-15T08:46:00+00:00,2330.7,2331.1,2327.4,2327.0,34.966499999999996,0.781857585028349,44.722339041747816,44.625881539845494,3.49665,3.49665,0.0781857585028349,10.0,stop_risk,2327.4,2327.4,0.09643574999999864,0.011180584760436955,-0.06149999999999863,0.03493575,-2.1751902335622422e-05,2.1751902335622422e-06,0.012000000000002727,-0.09645750190233425,-0.002156808073305205,stop_intrabar,False,False,False
143,PF_XBTUSD,-1,0.0003,2026-04-15T10:36:00+00:00,2026-04-15T10:44:00+00:00,2026-04-15T10:45:00+00:00,73810.0,73802.0,73989.0,73997.0,22.1406,0.4961380982520453,44.625881539845494,44.545190703518834,2.21406,2.21406,0.04961380982520453,10.0,stop_risk,73989.0,73989.0,0.08066984999999999,0.011156470384961375,-0.058499999999999996,0.022169849999999998,-2.098632664752148e-05,2.331814071946831e-06,0.0048,-0.08069083632664752,-0.0018081622937711694,stop_intrabar,False,False,False
144,PF_ETHUSD,1,0.01,2026-04-15T11:56:00+00:00,2026-04-15T12:56:00+00:00,2026-04-15T12:56:00+00:00,2336.1,2336.5,2336.1,2335.7,23.365000000000002,0.5245235149067234,44.545190703518834,44.51365527168249,2.3365000000000005,2.3365000000000005,0.05245235149067236,9.999999999999998,stop_risk,2330.1,2330.1,0.09133100000000181,0.01113629767587971,-0.00800000000000182,0.023361,-0.0001744318364425929,0.0,0.00800000000000182,-0.031535431836444416,-0.000707942458846703,time_exit,False,False,False
145,PF_ETHUSD,1,0.011,2026-04-15T17:36:00+00:00,2026-04-15T17:40:00+00:00,2026-04-15T17:41:00+00:00,2352.1,2352.5,2346.4,2345.9,25.877499999999998,0.581338464389422,44.51365527168249,44.4152175462552,2.5877499999999998,2.5877499999999998,0.058133846438942205,10.0,stop_risk,2346.4,2346.4,0.09734174999999999,0.011128413817920624,-0.072599999999999,0.0258412,3.474572704522767e-06,8.686431761306917e-07,0.009900000000001,-0.09843772542729447,-0.0022114051256068375,stop_intrabar,False,False,False
146,PF_XBTUSD,1,0.0004,2026-04-15T19:01:00+00:00,2026-04-15T19:36:00+00:00,2026-04-15T19:37:00+00:00,74398.0,74406.0,75045.0,75036.0,29.762400000000003,0.6700946577376243,44.4152175462552,44.63738748414588,2.9762400000000007,2.9762400000000007,0.06700946577376243,9.999999999999998,stop_risk,74239.0,74239.0,0.09972740000000001,0.0111038043865638,0.252,0.029888400000000002,5.8337890779516556e-05,1.6667968794147597e-06,0.0068000000000000005,0.22216993789077952,0.005002113018120553,target_intrabar,False,False,True
147,PF_XBTUSD,1,0.0004,2026-04-15T19:41:00+00:00,2026-04-15T20:00:00+00:00,2026-04-15T20:01:00+00:00,75077.0,75086.0,74943.0,74935.0,30.0344,0.6728529981882898,44.63738748414588,44.547014953286535,3.0034400000000003,3.0034400000000003,0.06728529981882898,10.0,stop_risk,74943.0,74943.0,0.0904042,0.011159346871036473,-0.0604,0.0300042,3.166914070888044e-05,2.574528490620056e-06,0.0068000000000000005,-0.09037253085929112,-0.002024592745070245,stop_intrabar,False,False,False
148,PF_XBTUSD,1,0.0004,2026-04-15T22:11:00+00:00,2026-04-15T22:19:00+00:00,2026-04-15T22:20:00+00:00,75096.0,75105.0,74953.0,74945.0,30.042,0.6743886213588729,44.547014953286535,44.45302153348449,3.0042000000000004,3.0042000000000004,0.06743886213588729,10.0,stop_risk,74953.0,74953.0,0.09401000000000001,0.011136753738321634,-0.064,0.030010000000000002,1.658019795554133e-05,2.0725247444426662e-06,0.0068000000000000005,-0.09399341980204447,-0.002109982451138624,stop_intrabar,False,False,False
149,PF_XBTUSD,-1,0.0003,2026-04-16T00:21:00+00:00,2026-04-16T00:31:00+00:00,2026-04-16T00:32:00+00:00,74566.0,74558.0,74748.0,74756.0,22.367399999999996,0.5031693961039663,44.45302153348449,44.37121311173339,2.2367399999999997,2.2367399999999997,0.05031693961039663,10.0,stop_risk,74748.0,74748.0,0.08179709999999998,0.011113255383371122,-0.059399999999999994,0.022397099999999996,-1.1321751108354492e-05,1.0292501007594996e-06,0.0048,-0.08180842175110835,-0.0018403343333925164,stop_intrabar,False,False,False
150,PF_XBTUSD,1,0.0002,2026-04-16T02:36:00+00:00,2026-04-16T03:36:00+00:00,2026-04-16T03:36:00+00:00,75055.0,75064.0,74997.0,74989.0,15.0128,0.3383454935567236,44.37121311173339,44.34126829920924,1.5012800000000002,1.5012800000000002,0.033834549355672365,10.0,stop_risk,74799.0,74799.0,0.06958550000000001,0.011092803277933348,-0.015000000000000001,0.015005300000000003,6.048747587282906e-05,0.0,0.0034000000000000002,-0.029944812524127177,-0.0006748702688998301,time_exit,False,False,False
151,PF_XBTUSD,-1,0.0005,2026-04-16T07:56:00+00:00,2026-04-16T08:56:00+00:00,2026-04-16T08:56:00+00:00,74686.0,74678.0,74716.0,74724.0,37.339,0.842082363274798,44.34126829920924,44.280774250309825,3.7339,3.7339,0.0842082363274798,9.999999999999998,stop_risk,74788.0,74788.0,0.0963685,0.011085317074802311,-0.023,0.037350499999999995,-0.00014354889957113984,0.0,0.008,-0.06049404889957114,-0.0013642832336541433,time_exit,False,False,False
152,PF_ETHUSD,-1,0.012,2026-04-16T10:11:00+00:00,2026-04-16T11:11:00+00:00,2026-04-16T11:11:00+00:00,2333.0,2332.6,2330.4,2330.9,27.9912,0.6321298684113263,44.280774250309825,44.27304651380665,2.7991200000000003,2.7991200000000003,0.06321298684113265,9.999999999999998,stop_risk,2337.7,2337.7,0.0940242,0.011070193562577458,0.02039999999999782,0.027981,-0.000146736503208138,0.0,0.010800000000001092,-0.00772773650321032,-0.000174516743079673,time_exit,False,False,False
153,PF_XBTUSD,1,0.0005,2026-04-16T12:06:00+00:00,2026-04-16T12:40:00+00:00,2026-04-16T12:41:00+00:00,74701.0,74709.0,74608.0,74600.0,37.3545,0.8437300556750915,44.27304651380665,44.181324194276506,3.73545,3.73545,0.08437300556750915,10.0,stop_risk,74608.0,74608.0,0.09182725,0.011068261628451662,-0.0545,0.037327250000000006,0.00010493046996473176,3.0861902930803483e-06,0.008,-0.09172231953003526,-0.0020717417650811865,stop_intrabar,False,False,False
154,PF_XBTUSD,1,0.0004,2026-04-16T13:26:00+00:00,2026-04-16T13:31:00+00:00,2026-04-16T13:32:00+00:00,74908.0,74916.0,74796.0,74788.0,29.9664,0.6782594353267939,44.181324194276506,44.100190622528565,2.99664,2.99664,0.0678259435326794,10.0,stop_risk,74796.0,74796.0,0.0811408,0.011045331048569126,-0.0512,0.029940800000000004,7.228252043902494e-06,1.4456504087804988e-06,0.0064,-0.0811335717479561,-0.001836377094339481,stop_intrabar,False,False,False
155,PF_XBTUSD,1,0.0002,2026-04-16T18:51:00+00:00,2026-04-16T19:51:00+00:00,2026-04-16T19:51:00+00:00,74743.0,74751.0,75253.0,75243.0,14.9502,0.3390053373683763,44.100190622528565,44.18353989546225,1.4950200000000002,1.4950200000000002,0.033900533736837636,9.999999999999998,stop_risk,74456.0,74456.0,0.07551990000000001,0.011025047655632142,0.0984,0.0149994,-5.132706634581271e-05,0.0,0.0036000000000000003,0.0833492729336542,0.001889998019443373,time_exit,False,False,False
156,PF_XBTUSD,1,0.0004,2026-04-16T23:46:00+00:00,2026-04-17T00:05:00+00:00,2026-04-17T00:06:00+00:00,75139.0,75148.0,75018.0,75009.0,30.0592,0.6803257518777291,44.18353989546225,44.09789881437373,3.00592,3.00592,0.06803257518777292,10.0,stop_risk,75018.0,75018.0,0.08563140000000001,0.011045884973865563,-0.055600000000000004,0.0300314,-9.681088499290784e-06,2.2662044727083337e-07,0.007200000000000001,-0.08564108108849929,-0.0019383028451573844,stop_intrabar,False,False,False
157,PF_XBTUSD,-1,0.001,2026-04-17T01:56:00+00:00,2026-04-17T01:56:00+00:00,2026-04-17T01:57:00+00:00,74753.0,74745.0,74759.0,74767.0,74.745,1.6949787180253777,44.09789881437373,44.00114281437373,7.474500000000001,7.474500000000001,0.16949787180253778,10.0,stop_risk,74759.0,74759.0,0.09675600000000001,0.011024474703593433,-0.022,0.074756,0.0,1.174829299345093e-06,0.016,-0.09675600000000001,-0.0021941181462474205,stop_intrabar,False,False,False
158,PF_XBTUSD,1,0.0006,2026-04-17T06:46:00+00:00,2026-04-17T07:46:00+00:00,2026-04-17T07:46:00+00:00,74840.0,74848.0,75032.0,75022.0,44.9088,1.020628036627489,44.00114281437373,44.06050303304561,4.49088,4.49088,0.10206280366274888,10.0,stop_risk,74773.0,74773.0,0.09468389999999999,0.011000285703593432,0.10439999999999999,0.044961,-7.878132822512846e-05,0.0,0.010799999999999999,0.059360218671774864,0.0013490608396740057,time_exit,False,False,False
159,PF_XBTUSD,1,0.0002,2026-04-17T08:56:00+00:00,2026-04-17T09:56:00+00:00,2026-04-17T09:56:00+00:00,75805.0,75814.0,75831.0,75822.0,15.1628,0.34413588035133913,44.06050303304561,44.04692390181062,1.51628,1.51628,0.03441358803513391,10.0,stop_risk,75517.0,75517.0,0.0763322,0.011015125758261404,0.0016,0.015163600000000001,-1.5531234910964224e-05,0.0,0.0036000000000000003,-0.013579131234910967,-0.0003081928325858319,time_exit,False,False,False
160,PF_XBTUSD,1,0.0003,2026-04-17T12:21:00+00:00,2026-04-17T13:08:00+00:00,2026-04-17T13:09:00+00:00,75765.0,75774.0,76595.0,76585.0,22.7322,0.5160905231583165,44.04692390181062,44.26738558726592,2.27322,2.27322,0.05160905231583165,10.0,stop_risk,75593.0,75593.0,0.07970369999999999,0.011011730975452657,0.2433,0.02285385,1.553545536410522e-05,4.040449818969138e-07,0.005699999999999999,0.22046168545536413,0.005005155092029064,target_intrabar,False,False,True
161,PF_XBTUSD,1,0.0002,2026-04-17T13:16:00+00:00,2026-04-17T13:27:00+00:00,2026-04-17T13:28:00+00:00,76817.0,76827.0,76573.0,76563.0,15.365400000000001,0.347104302550455,44.26738558726592,44.19924955026244,1.5365400000000002,1.5365400000000002,0.034710430255045506,10.0,stop_risk,76573.0,76573.0,0.068139,0.01106684639681648,-0.0528,0.015339000000000002,2.9629965339107026e-06,2.693633212646093e-07,0.004,-0.0681360370034661,-0.0015391927058612267,stop_intrabar,False,False,False
162,PF_XBTUSD,1,0.0001,2026-04-17T13:56:00+00:00,2026-04-17T14:56:00+00:00,2026-04-17T14:56:00+00:00,77268.0,77277.0,77749.0,77740.0,7.7277000000000005,0.17483781011286686,44.19924955026244,44.237824694972325,0.7727700000000001,0.7727700000000001,0.017483781011286687,10.0,stop_risk,76723.0,76723.0,0.06399955,0.01104981238756561,0.0463,0.00775085,2.5994710039716004e-05,0.0,0.0018000000000000002,0.03857514471003971,0.0008727556486264068,time_exit,False,False,False
163,PF_XBTUSD,1,0.0002,2026-04-17T16:31:00+00:00,2026-04-17T16:53:00+00:00,2026-04-17T16:54:00+00:00,78193.0,78202.0,77858.0,77849.0,15.640400000000001,0.353552646583401,44.237824694972325,44.151711266918134,1.5640400000000003,1.5640400000000003,0.03535526465834011,9.999999999999998,stop_risk,77858.0,77858.0,0.0862051,0.011059456173743083,-0.07060000000000001,0.015605100000000002,9.167194584782199e-05,4.166906629446453e-06,0.0036000000000000003,-0.08611342805415219,-0.0019466017745655353,stop_intrabar,False,False,False
164,PF_XBTUSD,1,0.0005,2026-04-17T20:11:00+00:00,2026-04-17T20:21:00+00:00,2026-04-17T20:22:00+00:00,77461.0,77470.0,77384.0,77375.0,38.735,0.8773159383523883,44.151711266918134,44.06552802880783,3.8735,3.8735,0.08773159383523883,10.0,stop_risk,77384.0,77384.0,0.08621125,0.011037927816729534,-0.0475,0.03871125,2.8011889730494816e-05,2.8011889730494816e-06,0.009000000000000001,-0.0861832381102695,-0.0019519795640366181,stop_intrabar,False,False,False
165,PF_XBTUSD,-1,0.0003,2026-04-17T23:11:00+00:00,2026-04-18T00:11:00+00:00,2026-04-18T00:11:00+00:00,77200.0,77191.0,77124.0,77133.0,23.1573,0.5255196303301056,44.06552802880783,44.05966225215155,2.31573,2.31573,0.05255196303301056,10.0,stop_risk,77363.0,77363.0,0.07748445,0.01101638200720196,0.0174,0.0231486,-0.00011717665628033314,0.0,0.005399999999999999,-0.005865776656280333,-0.00013311486140471485,time_exit,False,False,False
166,PF_XBTUSD,1,0.0004,2026-04-18T01:21:00+00:00,2026-04-18T01:49:00+00:00,2026-04-18T01:50:00+00:00,77326.0,77335.0,77211.0,77202.0,30.934,0.7020934437256022,44.05966225215155,43.97565965213214,3.0934000000000004,3.0934000000000004,0.07020934437256023,10.0,stop_risk,77211.0,77211.0,0.08410740000000001,0.011014915563037887,-0.053200000000000004,0.0309074,0.00010479998066657302,3.7428564523776066e-06,0.007200000000000001,-0.08400260001933342,-0.001906564774341441,stop_intrabar,False,False,False
167,PF_XBTUSD,-1,0.0004,2026-04-18T04:01:00+00:00,2026-04-18T04:51:00+00:00,2026-04-18T04:52:00+00:00,76994.0,76985.0,77128.0,77137.0,30.794,0.7002510080256856,43.97565965213214,43.8838874756835,3.0794,3.0794,0.07002510080256856,10.0,stop_risk,77128.0,77128.0,0.09162440000000001,0.010993914913033035,-0.0608,0.030824400000000002,-0.00014777644880338374,2.8975774275173287e-06,0.007200000000000001,-0.09177217644880338,-0.0020868857266670665,stop_intrabar,False,False,False
168,PF_ETHUSD,-1,0.015,2026-04-18T07:51:00+00:00,2026-04-18T08:17:00+00:00,2026-04-18T08:18:00+00:00,2404.1,2403.7,2386.2,2386.6,36.055499999999995,0.821611349267512,43.8838874756835,44.10455114883445,3.6055499999999996,3.6055499999999996,0.08216113492675121,10.0,stop_risk,2407.2,2407.2,0.09458475000000136,0.010970971868920876,0.2564999999999986,0.035927249999999994,9.092315089742185e-05,3.6992448482085337e-06,0.012000000000002727,0.22066367315089602,0.005028352906819569,target_intrabar,False,False,True
169,PF_ETHUSD,-1,0.011,2026-04-18T08:21:00+00:00,2026-04-18T08:37:00+00:00,2026-04-18T08:38:00+00:00,2392.5,2392.1,2369.2,2369.6,26.3131,0.5966073639703138,44.10455114883445,44.32590520330733,2.63131,2.63131,0.059660736397031386,10.0,stop_risk,2398.3,2398.3,0.09894939999999898,0.011026137787208614,0.2475,0.02618935,4.340447288564679e-05,2.7127795553529245e-06,0.008800000000002,0.22135405447288564,0.0050188483661449835,target_intrabar,False,False,True
170,PF_ETHUSD,-1,0.006,2026-04-18T08:41:00+00:00,2026-04-18T09:41:00+00:00,2026-04-18T09:41:00+00:00,2374.9,2374.5,2379.1,2379.6,14.247,0.3214147558781716,44.32590520330733,44.28114586842349,1.4247,1.4247,0.03214147558781716,10.0,stop_risk,2386.0,2386.0,0.08568270000000054,0.011081476300826834,-0.030599999999999454,0.0142623,0.00010296511610876162,0.0,0.005400000000000546,-0.04475933488389069,-0.0010097782476995196,time_exit,False,False,False
171,PF_XBTUSD,-1,0.0003,2026-04-18T10:11:00+00:00,2026-04-18T11:11:00+00:00,2026-04-18T11:11:00+00:00,76294.0,76285.0,76060.0,76069.0,22.885499999999997,0.5168226691333083,44.28114586842349,44.323061726648326,2.28855,2.28855,0.05168226691333083,10.0,stop_risk,76474.0,76474.0,0.08231519999999999,0.011070286467105873,0.0648,0.022853099999999998,-3.104177531390207e-05,0.0,0.005399999999999999,0.041915858224686096,0.0009465847688141227,time_exit,False,False,False
172,PF_XBTUSD,-1,0.0004,2026-04-18T11:16:00+00:00,2026-04-18T11:31:00+00:00,2026-04-18T11:32:00+00:00,76018.0,76009.0,76134.0,76143.0,30.4036,0.6859544177590164,44.323061726648326,44.239009893279494,3.04036,3.04036,0.06859544177590166,10.0,stop_risk,76134.0,76134.0,0.08403040000000002,0.011080765431662082,-0.0536,0.030430400000000003,-2.1433368879999998e-05,1.3395855549999999e-06,0.007200000000000001,-0.08405183336887999,-0.0018963453808143755,stop_intrabar,False,False,False
173,PF_ETHUSD,1,0.013,2026-04-18T15:01:00+00:00,2026-04-18T15:10:00+00:00,2026-04-18T15:11:00+00:00,2364.6,2365.0,2360.2,2359.8,30.744999999999997,0.6949748666203892,44.239009893279494,44.14070477735776,3.0745,3.0745,0.06949748666203893,10.0,stop_risk,2360.2,2360.2,0.09831119999999763,0.011059752473319875,-0.06759999999999763,0.0307112,6.084078253770322e-06,6.76008694863369e-07,0.010399999999996452,-0.09830511592174386,-0.002222136439284952,stop_intrabar,False,False,False
174,PF_ETHUSD,-1,0.01,2026-04-18T18:41:00+00:00,2026-04-18T18:47:00+00:00,2026-04-18T18:48:00+00:00,2347.5,2347.0,2353.4,2353.9,23.47,0.5317087735318416,44.14070477735776,44.048171464417415,2.347,2.347,0.05317087735318417,10.0,stop_risk,2353.4,2353.4,0.09250450000000092,0.011035176194339441,-0.06900000000000091,0.023504499999999998,-2.881294035705648e-05,4.116134336722353e-06,0.01,-0.09253331294035796,-0.002096326132695178,stop_intrabar,False,False,False
175,PF_ETHUSD,-1,0.015,2026-04-19T00:41:00+00:00,2026-04-19T00:48:00+00:00,2026-04-19T00:49:00+00:00,2346.3,2345.8,2349.4,2349.9,35.187000000000005,0.7988299815901425,44.048171464417415,43.951412647265265,3.518700000000001,3.518700000000001,0.07988299815901426,9.999999999999998,stop_risk,2349.4,2349.4,0.09671774999999863,0.011012042866104355,-0.06149999999999863,0.035217750000000006,-4.106715213813785e-05,5.133394017267231e-06,0.015,-0.09675881715213677,-0.002196659110589859,stop_intrabar,False,False,False
176,PF_XBTUSD,-1,0.0004,2026-04-19T01:36:00+00:00,2026-04-19T01:54:00+00:00,2026-04-19T01:55:00+00:00,75538.0,75529.0,75651.0,75660.0,30.2116,0.6873863245867666,43.951412647265265,43.86869870344339,3.02116,3.02116,0.06873863245867666,10.0,stop_risk,75651.0,75651.0,0.0826378,0.010987853161816316,-0.0524,0.030237800000000002,-7.614382189198544e-05,4.007569573262391e-06,0.007200000000000001,-0.082713943821892,-0.0018819405074807897,stop_intrabar,False,False,False
177,PF_XBTUSD,-1,0.0005,2026-04-19T06:21:00+00:00,2026-04-19T06:31:00+00:00,2026-04-19T06:32:00+00:00,75409.0,75400.0,75483.0,75492.0,37.7,0.8593826831941292,43.86869870344339,43.78494113787387,3.7700000000000005,3.7700000000000005,0.08593826831941292,10.0,stop_risk,75483.0,75483.0,0.083723,0.01096717467586085,-0.046,0.037723000000000007,-3.456556954553134e-05,3.1423245041392123e-06,0.009000000000000001,-0.08375756556954554,-0.0019092785527046222,stop_intrabar,False,False,False
178,PF_ETHUSD,-1,0.012,2026-04-19T07:16:00+00:00,2026-04-19T07:22:00+00:00,2026-04-19T07:23:00+00:00,2322.5,2322.1,2301.0,2301.5,27.865199999999998,0.6364105849144711,43.78494113787387,44.004353860934515,2.78652,2.78652,0.0636410584914471,10.0,stop_risk,2327.0,2327.0,0.09149700000000219,0.010946235284468468,0.24719999999999892,0.0277416,-4.567693937271074e-05,6.525277053244392e-06,0.010800000000001092,0.21941272306062623,0.005011145781142429,target_intrabar,False,False,True
179,PF_XBTUSD,-1,0.0004,2026-04-19T07:26:00+00:00,2026-04-19T07:41:00+00:00,2026-04-19T07:42:00+00:00,75026.0,75016.0,75151.0,75161.0,30.006400000000003,0.6818961617940857,44.004353860934515,43.91627578855064,3.0006400000000006,3.0006400000000006,0.06818961617940858,9.999999999999998,stop_risk,75151.0,75151.0,0.08803540000000001,0.011001088465233629,-0.058,0.030035400000000004,-4.267238389462311e-05,2.6670239934139435e-06,0.008,-0.08807807238389463,-0.0020015763136130757,stop_intrabar,False,False,False
180,PF_XBTUSD,1,0.0004,2026-04-19T11:56:00+00:00,2026-04-19T12:41:00+00:00,2026-04-19T12:42:00+00:00,75605.0,75614.0,75479.0,75470.0,30.245600000000003,0.6887104941600102,43.91627578855064,43.82845223233458,3.0245600000000006,3.0245600000000006,0.06887104941600103,10.0,stop_risk,75479.0,75479.0,0.0878168,0.010979068947137662,-0.057600000000000005,0.030216800000000002,-6.756216215343047e-06,1.6477405392066525e-07,0.007200000000000001,-0.08782355621621535,-0.001999795170225061,stop_intrabar,False,False,False
181,PF_XBTUSD,1,0.0003,2026-04-19T13:26:00+00:00,2026-04-19T14:02:00+00:00,2026-04-19T14:03:00+00:00,76091.0,76100.0,75877.0,75868.0,22.83,0.5208945065862284,43.82845223233458,43.736055843478816,2.283,2.283,0.05208945065862284,10.0,stop_risk,75877.0,75877.0,0.09239519999999998,0.010957113058083646,-0.0696,0.022795199999999998,-1.188855679352916e-06,1.105828211096923e-07,0.005399999999999999,-0.09239638885567933,-0.002108137160899184,stop_intrabar,False,False,False
182,PF_ETHUSD,-1,0.009,2026-04-19T15:41:00+00:00,2026-04-19T16:41:00+00:00,2026-04-19T16:41:00+00:00,2325.1,2324.6,2322.6,2323.0,20.9214,0.4783558918726652,43.736055843478816,43.72923524088553,2.09214,2.09214,0.047835589187266526,9.999999999999998,stop_risk,2332.6,2332.6,0.09745964999999998,0.010934013960869704,0.01439999999999918,0.0209142,-0.0003064025934052138,0.0,0.008100000000000818,-0.006820602593406034,-0.0001559491925338532,time_exit,False,False,False
183,PF_XBTUSD,-1,0.0003,2026-04-19T17:11:00+00:00,2026-04-19T17:22:00+00:00,2026-04-19T17:23:00+00:00,75165.0,75156.0,75396.0,75405.0,22.546799999999998,0.5156001442924713,43.72923524088553,43.631927794617404,2.25468,2.25468,0.05156001442924713,9.999999999999998,stop_risk,75396.0,75396.0,0.09728415,0.010932308810221383,-0.07469999999999999,0.022584149999999997,-2.3296268163178487e-05,1.941355680264874e-06,0.005399999999999999,-0.09730744626816316,-0.002225226344163998,stop_intrabar,False,False,False
184,PF_XBTUSD,-1,0.0002,2026-04-19T18:01:00+00:00,2026-04-19T19:01:00+00:00,2026-04-19T19:01:00+00:00,74784.0,74776.0,74911.0,74919.0,14.955200000000001,0.3427581763152104,43.631927794617404,43.588281532596476,1.4955200000000002,1.4955200000000002,0.034275817631521044,10.0,stop_risk,75068.0,75068.0,0.07518530000000001,0.010907981948654352,-0.0286,0.0149695,-7.676202092406488e-05,0.0,0.0032,-0.043646262020924066,-0.001000328526082417,time_exit,False,False,False
185,PF_XBTUSD,-1,0.0005,2026-04-19T20:51:00+00:00,2026-04-19T20:51:00+00:00,2026-04-19T20:52:00+00:00,74613.0,74604.0,74704.0,74713.0,37.302,0.8557804687047498,43.588281532596476,43.49644798398614,3.7302,3.7302,0.08557804687047497,10.0,stop_risk,74704.0,74704.0,0.09182925,0.01089707038314912,-0.0545,0.03732925000000001,-4.298610345316991e-06,4.298610345316991e-06,0.009000000000000001,-0.09183354861034532,-0.0021068403107764124,stop_intrabar,False,False,False
186,PF_XBTUSD,1,0.0004,2026-04-20T01:51:00+00:00,2026-04-20T02:01:00+00:00,2026-04-20T02:02:00+00:00,74676.0,74686.0,74553.0,74544.0,29.8744,0.6868238990686942,43.49644798398614,43.40988322468673,2.9874400000000003,2.9874400000000003,0.06868238990686942,10.0,stop_risk,74553.0,74553.0,0.0870458,0.010874111995996534,-0.0568,0.029846000000000004,8.124070056795669e-05,5.580999048162853e-06,0.0076,-0.08656475929943204,-0.0019901569739970986,stop_intrabar,False,False,False
187,PF_XBTUSD,1,0.0005,2026-04-20T04:01:00+00:00,2026-04-20T04:05:00+00:00,2026-04-20T04:06:00+00:00,74611.0,74620.0,74529.0,74519.0,37.31,0.8594816946842697,43.40988322468673,43.3221279997301,3.7310000000000003,3.7310000000000003,0.08594816946842697,10.0,stop_risk,74529.0,74529.0,0.087285,0.010852470806171683,-0.0505,0.037284750000000005,2.952504336356972e-05,7.38126084089243e-06,0.0095,-0.08775522495663644,-0.0020215494361599893,stop_intrabar,False,False,False
188,PF_ETHUSD,-1,0.009,2026-04-20T05:16:00+00:00,2026-04-20T06:16:00+00:00,2026-04-20T06:16:00+00:00,2270.4,2269.9,2269.2,2269.7,20.4291,0.47156270809520884,43.3221279997301,43.303337705261725,2.04291,2.04291,0.04715627080952089,10.0,stop_risk,2277.9,2277.9,0.09696735,0.010830531999932525,0.0018000000000024555,0.020428199999999997,-0.00016209446840129244,0.0,0.009,-0.018790294468398833,-0.00043373433706940474,time_exit,False,False,False
189,PF_ETHUSD,1,0.013,2026-04-20T06:51:00+00:00,2026-04-20T07:21:00+00:00,2026-04-20T07:22:00+00:00,2283.0,2283.4,2302.8,2302.4,29.6842,0.6854945039581353,43.303337705261725,43.5206209482103,2.96842,2.96842,0.06854945039581352,10.0,stop_risk,2278.9,2278.9,0.09335235000000118,0.010825834426315432,0.247,0.0298077,9.09429486419961e-05,2.622163281110946e-06,0.010400000000002364,0.217283242948642,0.005017701970863097,target_intrabar,False,False,True
190,PF_ETHUSD,1,0.011,2026-04-20T07:26:00+00:00,2026-04-20T07:28:00+00:00,2026-04-20T07:29:00+00:00,2318.9,2319.3,2313.7,2313.3,25.5123,0.5862117645416809,43.5206209482103,43.429146085717385,2.5512300000000003,2.5512300000000003,0.058621176454168096,9.999999999999998,stop_risk,2313.7,2313.7,0.0914793,0.010880155237052576,-0.066,0.025479300000000003,4.437507091110831e-06,2.2187535455554154e-06,0.008799999999996998,-0.09147486249290888,-0.002101874019715029,stop_intrabar,False,False,False
191,PF_ETHUSD,1,0.009,2026-04-20T09:46:00+00:00,2026-04-20T10:46:00+00:00,2026-04-20T10:46:00+00:00,2310.8,2311.2,2308.8,2308.3,20.800799999999995,0.4789594517687464,43.429146085717385,43.38244433344703,2.0800799999999997,2.0800799999999997,0.04789594517687464,10.0,stop_risk,2303.7,2303.7,0.09186524999999672,0.010857286521429347,-0.026099999999996723,0.020787749999999997,0.00018599772970865968,0.0,0.008099999999996724,-0.046701752270288055,-0.0010753550663444183,time_exit,False,False,False
192,PF_XBTUSD,1,0.0002,2026-04-20T12:21:00+00:00,2026-04-20T12:38:00+00:00,2026-04-20T12:39:00+00:00,75615.0,75624.0,75276.0,75267.0,15.1248,0.3486387231606281,43.38244433344703,43.29600691627423,1.51248,1.51248,0.03486387231606281,10.0,stop_risk,75276.0,75276.0,0.0864891,0.01084561108336176,-0.0714,0.015089100000000001,5.1682827181152016e-05,3.040166304773648e-06,0.0036000000000000003,-0.08643741717281885,-0.001992451520445501,stop_intrabar,False,False,False
193,PF_XBTUSD,1,0.0001,2026-04-20T14:31:00+00:00,2026-04-20T14:41:00+00:00,2026-04-20T14:42:00+00:00,75641.0,75650.0,75215.0,75206.0,7.565,0.1747274295901973,43.29600691627423,43.24408393115755,0.7565000000000001,0.7565000000000001,0.01747274295901973,10.0,stop_risk,75215.0,75215.0,0.051942800000000004,0.010824001729068559,-0.0444,0.0075428000000000005,1.9814883327963523e-05,1.981488332796352e-06,0.0018000000000000002,-0.05192298511667204,-0.0011992557470041209,stop_intrabar,False,False,False
194,PF_ETHUSD,-1,0.005,2026-04-20T15:01:00+00:00,2026-04-20T15:21:00+00:00,2026-04-20T15:22:00+00:00,2292.3,2291.9,2306.7,2307.2,11.4595,0.26499578574130417,43.24408393115755,43.15605171102452,1.14595,1.14595,0.026499578574130416,10.0,stop_risk,2306.7,2306.7,0.0874974999999991,0.010811020982789389,-0.07649999999999864,0.011497750000000001,-3.4470132984e-05,1.6414349039999998e-06,0.004500000000000455,-0.08803222013298263,-0.0020357055146115613,stop_intrabar,False,False,False
195,PF_XBTUSD,1,0.0002,2026-04-20T18:11:00+00:00,2026-04-20T18:38:00+00:00,2026-04-20T18:39:00+00:00,76249.0,76258.0,76008.0,75999.0,15.251600000000002,0.35340582364034645,43.15605171102452,43.089130630851876,1.5251600000000003,1.5251600000000003,0.035340582364034645,10.0,stop_risk,76008.0,76008.0,0.06702570000000001,0.01078901292775613,-0.051800000000000006,0.015225700000000002,0.00010461982727636775,3.874808417643251e-06,0.0036000000000000003,-0.06692108017272363,-0.001550676614738326,stop_intrabar,False,False,False
196,PF_XBTUSD,1,0.0002,2026-04-20T19:01:00+00:00,2026-04-20T19:22:00+00:00,2026-04-20T19:23:00+00:00,76480.0,76490.0,76176.0,76167.0,15.298,0.35503153059780257,43.089130630851876,43.00933989072317,1.5298,1.5298,0.03550315305978026,10.0,stop_risk,76176.0,76176.0,0.0800656,0.01077228265771297,-0.0646,0.0152657,7.495987129892567e-05,3.569517680901222e-06,0.0038,-0.07979074012870109,-0.001851760269017143,stop_intrabar,False,False,False
197,PF_XBTUSD,-1,0.0004,2026-04-20T21:21:00+00:00,2026-04-20T22:00:00+00:00,2026-04-20T22:01:00+00:00,75967.0,75957.0,76090.0,76099.0,30.382800000000003,0.7064233042682287,43.00933989072317,42.921773847335615,3.0382800000000003,3.0382800000000003,0.07064233042682289,10.0,stop_risk,76090.0,76090.0,0.0876114,0.010752334972680792,-0.0568,0.030411200000000006,-0.0003548433876307966,8.251134373546667e-06,0.0076,-0.08756604338763081,-0.0020359773856124266,stop_intrabar,False,False,False
198,PF_ETHUSD,-1,0.009,2026-04-20T23:11:00+00:00,2026-04-21T00:11:00+00:00,2026-04-21T00:11:00+00:00,2311.5,2311.0,2315.1,2315.5,20.799,0.4845792271768168,42.921773847335615,42.860269769609054,2.0799,2.0799,0.04845792271768168,10.0,stop_risk,2318.4,2318.4,0.09193455000000081,0.010730443461833904,-0.040499999999999994,0.020819249999999997,-0.00018482772662916578,0.0,0.008100000000000818,-0.06150407772662916,-0.0014329342013074105,time_exit,False,False,False
199,PF_ETHUSD,-1,0.01,2026-04-21T02:11:00+00:00,2026-04-21T03:11:00+00:00,2026-04-21T03:11:00+00:00,2310.3,2309.8,2306.2,2306.7,23.098000000000003,0.5389140134712384,42.860269769609054,42.86793769933815,2.3098000000000005,2.3098000000000005,0.053891401347123835,9.999999999999998,stop_risk,2315.8,2315.8,0.0881305,0.010715067442402264,0.03100000000000364,0.023082500000000002,-0.00024957027090791715,0.0,0.01,0.007667929729095722,0.00017890530718340982,time_exit,False,False,False
200,PF_XBTUSD,1,0.0005,2026-04-21T05:11:00+00:00,2026-04-21T05:46:00+00:00,2026-04-21T05:47:00+00:00,75910.0,75919.0,75814.0,75805.0,37.9595,0.8854986275811926,42.86793769933815,42.773185155920956,3.79595,3.79595,0.08854986275811927,10.0,stop_risk,75814.0,75814.0,0.094931,0.010716984424834538,-0.057,0.037931000000000006,0.0001784565828033333,5.098759508666668e-06,0.009000000000000001,-0.09475254341719667,-0.002210335941088661,stop_intrabar,False,False,False
201,PF_XBTUSD,1,0.0004,2026-04-21T07:31:00+00:00,2026-04-21T08:31:00+00:00,2026-04-21T08:31:00+00:00,76178.0,76187.0,76377.0,76367.0,30.474800000000002,0.7124744133248508,42.773185155920956,42.81492912601036,3.04748,3.04748,0.07124744133248509,10.0,stop_risk,76035.0,76035.0,0.0948426,0.01069329628898024,0.07200000000000001,0.030510800000000005,0.0002547700893339121,0.0,0.0076,0.04174397008933392,0.0009759378437019539,time_exit,False,False,False
202,PF_XBTUSD,1,0.0003,2026-04-21T08:51:00+00:00,2026-04-21T09:02:00+00:00,2026-04-21T09:03:00+00:00,76633.0,76642.0,76465.0,76455.0,22.9926,0.53702296066705,42.81492912601036,42.73589047364203,2.29926,2.29926,0.053702296066705006,10.0,stop_risk,76465.0,76465.0,0.07876469999999999,0.010703732281502593,-0.0561,0.02296455,2.5897631661855718e-05,1.3632970815751701e-06,0.005699999999999999,-0.07903865236833814,-0.0018460535607968953,stop_intrabar,False,False,False
203,PF_ETHUSD,1,0.011,2026-04-21T10:51:00+00:00,2026-04-21T11:00:00+00:00,2026-04-21T11:01:00+00:00,2336.0,2336.4,2331.1,2330.7,25.7004,0.6013774304258639,42.73589047364203,42.64754424508826,2.57004,2.57004,0.06013774304258639,9.999999999999998,stop_risk,2331.1,2331.1,0.088369050000003,0.010683972618410508,-0.062700000000003,0.02566905,2.282144620561624e-05,2.010130424194587e-06,0.008800000000002,-0.08834622855379738,-0.00206726073973552,stop_intrabar,False,False,False
204,PF_XBTUSD,-1,0.0002,2026-04-21T12:46:00+00:00,2026-04-21T13:02:00+00:00,2026-04-21T13:03:00+00:00,75851.0,75841.0,76093.0,76102.0,15.1682,0.35566408965615715,42.64754424508826,42.58012958627092,1.51682,1.51682,0.03556640896561571,10.0,stop_risk,76093.0,76093.0,0.0675944,0.010661886061272066,-0.0522,0.0151943,-2.035881731185048e-05,1.1117621194817794e-06,0.0038,-0.06741465881731186,-0.0015807395246462764,stop_intrabar,False,False,False
205,PF_XBTUSD,1,0.0002,2026-04-21T14:46:00+00:00,2026-04-21T14:55:00+00:00,2026-04-21T14:56:00+00:00,76473.0,76483.0,76154.0,76143.0,15.296600000000002,0.3592426831160249,42.58012958627092,42.49687663433778,1.5296600000000002,1.5296600000000002,0.035924268311602496,10.0,stop_risk,76154.0,76154.0,0.0830627,0.01064503239656773,-0.068,0.015262600000000001,9.648066845573425e-06,1.0720074272859359e-06,0.004200000000000001,-0.08325295193315443,-0.001955206636101869,stop_intrabar,False,False,False
206,PF_ETHUSD,-1,0.004,2026-04-21T15:06:00+00:00,2026-04-21T16:00:00+00:00,2026-04-21T16:01:00+00:00,2295.9,2295.3,2312.8,2313.3,9.1812,0.21604411258265332,42.49687663433778,42.4156532085577,0.91812,0.91812,0.02160441125826533,10.0,stop_risk,2312.8,2312.8,0.08161739999999963,0.010624219158584447,-0.07200000000000001,0.009217200000000002,-6.225780232651849e-06,6.918534967185527e-07,0.004399999999999636,-0.08122342578023266,-0.0019112798919110104,stop_intrabar,False,False,False
207,PF_XBTUSD,-1,0.0002,2026-04-21T19:46:00+00:00,2026-04-21T20:04:00+00:00,2026-04-21T20:05:00+00:00,74947.0,74934.0,75187.0,75196.0,14.9868,0.35333182130450586,42.4156532085577,42.34822409739785,1.4986800000000002,1.4986800000000002,0.03533318213045059,9.999999999999998,stop_risk,75187.0,75187.0,0.06821340000000001,0.010603913302139426,-0.0524,0.015013000000000002,-1.6111159852464672e-05,8.974883122563982e-07,0.0044,-0.06742911115985246,-0.0015897223326563812,stop_intrabar,False,False,False
208,PF_ETHUSD,-1,0.012,2026-04-21T22:26:00+00:00,2026-04-21T23:01:00+00:00,2026-04-21T23:02:00+00:00,2308.4,2308.0,2312.9,2313.4,27.696,0.6540061735836007,42.34822409739785,42.25565958558007,2.7696000000000005,2.7696000000000005,0.06540061735836007,9.999999999999998,stop_risk,2312.9,2312.9,0.0913278000000022,0.010587056024349464,-0.06480000000000109,0.0277284,-3.611181766770492e-05,3.979088922665126e-07,0.010800000000001092,-0.0925645118176688,-0.002185794417371012,stop_intrabar,False,False,False
209,PF_XBTUSD,1,0.0004,2026-04-21T23:11:00+00:00,2026-04-21T23:46:00+00:00,2026-04-21T23:47:00+00:00,75797.0,75806.0,76420.0,76411.0,30.322400000000002,0.7175938157724949,42.25565958558007,42.46731092561573,3.0322400000000003,3.0322400000000003,0.0717593815772495,10.0,stop_risk,75688.0,75688.0,0.081097,0.010563914896395018,0.24200000000000002,0.030443400000000002,9.474003557511892e-05,2.706858159289113e-06,0.007200000000000001,0.21165134003557512,0.005008828216417241,target_intrabar,False,False,True
210,PF_XBTUSD,1,0.0003,2026-04-21T23:51:00+00:00,2026-04-22T00:51:00+00:00,2026-04-22T00:51:00+00:00,76360.0,76369.0,76280.0,76271.0,22.9107,0.5394902455709896,42.46731092561573,42.41511293939806,2.29107,2.29107,0.05394902455709896,10.0,stop_risk,76176.0,76176.0,0.0834804,0.010616827731403933,-0.0294,0.022896,9.801378234908459e-05,0.0,0.005399999999999999,-0.05219798621765091,-0.0012291333046511727,time_exit,False,False,False
211,PF_ETHUSD,-1,0.009,2026-04-22T01:26:00+00:00,2026-04-22T01:52:00+00:00,2026-04-22T01:53:00+00:00,2317.1,2316.7,2323.8,2324.2,20.850299999999997,0.49157714208590053,42.41511293939806,42.32673414220008,2.0850299999999997,2.0850299999999997,0.04915771420859005,10.0,stop_risk,2323.8,2323.8,0.08838404999999999,0.010603778234849516,-0.06749999999999999,0.020884049999999998,5.252802015171976e-06,2.0203084673738367e-07,0.0071999999999975434,-0.0883787971979848,-0.0020836628992184653,stop_intrabar,False,False,False
212,PF_XBTUSD,1,0.0003,2026-04-22T02:21:00+00:00,2026-04-22T03:06:00+00:00,2026-04-22T03:07:00+00:00,76939.0,76948.0,77740.0,77731.0,23.0844,0.5453858056340017,42.32673414220008,42.538455416469894,2.30844,2.30844,0.05453858056340018,10.0,stop_risk,76787.0,76787.0,0.0740589,0.010581683535550022,0.23489999999999997,0.023201849999999996,2.312426978690495e-05,1.1465161927812499e-06,0.005399999999999999,0.21172127426978687,0.005002069698042191,target_intrabar,False,False,True
213,PF_XBTUSD,1,0.0001,2026-04-22T05:26:00+00:00,2026-04-22T06:01:00+00:00,2026-04-22T06:02:00+00:00,78359.0,78368.0,77925.0,77916.0,7.8368,0.18422859794212873,42.538455416469894,42.48545901531988,0.78368,0.78368,0.018422859794212872,10.0,stop_risk,77925.0,77925.0,0.053014200000000004,0.010634613854117474,-0.045200000000000004,0.0078142,1.7798849940187913e-05,4.727848482584867e-07,0.0018000000000000002,-0.05299640115005982,-0.0012458468609450463,stop_intrabar,False,False,False
214,PF_ETHUSD,1,0.011,2026-04-22T12:01:00+00:00,2026-04-22T13:01:00+00:00,2026-04-22T13:01:00+00:00,2399.1,2399.5,2405.5,2405.1,26.394499999999997,0.6212596170958721,42.48545901531988,42.52032826898864,2.63945,2.63945,0.062125961709587216,9.999999999999998,stop_risk,2394.3,2394.3,0.08796369999999899,0.010621364753829972,0.061599999999998996,0.0264253,-0.00030544633141639895,0.0,0.008800000000002,0.034869253668582595,0.0008207338340397605,time_exit,False,False,False
215,PF_XBTUSD,1,0.0004,2026-04-22T14:06:00+00:00,2026-04-22T14:32:00+00:00,2026-04-22T14:33:00+00:00,78750.0,78759.0,78634.0,78625.0,31.503600000000002,0.7409067917045346,42.52032826898864,42.435301980120734,3.1503600000000005,3.1503600000000005,0.07409067917045346,10.0,stop_risk,78634.0,78634.0,0.08507680000000001,0.010630082067247162,-0.0536,0.0314768,5.051113213421076e-05,1.942735851315799e-06,0.007200000000000001,-0.0850262888678658,-0.0019996620987961194,stop_intrabar,False,False,False
216,PF_XBTUSD,-1,0.0004,2026-04-22T20:26:00+00:00,2026-04-22T21:26:00+00:00,2026-04-22T21:26:00+00:00,78602.0,78593.0,78588.0,78597.0,31.4372,0.7408265885494839,42.435301980120734,42.401963720635806,3.14372,3.14372,0.07408265885494839,10.0,stop_risk,78739.0,78739.0,0.0934682,0.010608825495030184,-0.0016,0.031438,-0.0003002594849309374,0.0,0.007200000000000001,-0.03333825948493094,-0.000785625597775847,time_exit,False,False,False
217,PF_ETHUSD,1,0.018,2026-04-22T21:46:00+00:00,2026-04-22T22:03:00+00:00,2026-04-22T22:04:00+00:00,2403.5,2404.0,2401.8,2401.3,43.272,1.0205187732600405,42.401963720635806,42.31017110142353,4.3272,4.3272,0.10205187732600407,9.999999999999998,stop_risk,2401.8,2401.8,0.09184769999999672,0.010600490930158952,-0.04859999999999672,0.0432477,5.5080787701846425e-05,1.9444239024165865e-06,0.018,-0.09179261921229487,-0.0021648200026080883,stop_intrabar,False,False,False
218,PF_ETHUSD,-1,0.004,2026-04-23T00:16:00+00:00,2026-04-23T00:19:00+00:00,2026-04-23T00:20:00+00:00,2353.9,2353.2,2370.8,2371.5,9.412799999999999,0.22247132911460396,42.31017110142353,42.22751782377098,0.9412799999999999,0.9412799999999999,0.022247132911460396,10.0,stop_risk,2370.8,2370.8,0.08264940000000072,0.010577542775355882,-0.07320000000000072,0.0094494,-3.8776525570666665e-06,9.694131392666666e-07,0.005600000000000364,-0.08265327765255778,-0.00195350847091651,stop_intrabar,False,False,False
219,PF_ETHUSD,-1,0.006,2026-04-23T02:26:00+00:00,2026-04-23T03:26:00+00:00,2026-04-23T03:26:00+00:00,2354.3,2353.9,2338.6,2339.1,14.1234,0.3344596303041418,42.22751782377098,42.30222250117774,1.4123400000000002,1.4123400000000002,0.03344596303041418,9.999999999999998,stop_risk,2366.4,2366.4,0.09156210000000055,0.010556879455942747,0.08880000000000109,0.014079000000000001,-1.6322593301659382e-05,0.0,0.005400000000000546,0.07470467740669942,0.0017690994227618606,time_exit,False,False,False
220,PF_XBTUSD,1,0.0003,2026-04-23T06:11:00+00:00,2026-04-23T07:11:00+00:00,2026-04-23T07:11:00+00:00,78261.0,78270.0,78234.0,78225.0,23.480999999999998,0.5550772184451127,42.30222250117774,42.26535068311449,2.3481,2.3481,0.055507721844511276,9.999999999999998,stop_risk,78087.0,78087.0,0.08105219999999999,0.010575555625294435,-0.013499999999999998,0.02347425,0.00010243193662572153,0.0,0.005399999999999999,-0.03687181806337428,-0.0008716283893203892,time_exit,False,False,False
221,PF_XBTUSD,-1,0.0002,2026-04-23T08:41:00+00:00,2026-04-23T09:41:00+00:00,2026-04-23T09:41:00+00:00,77781.0,77772.0,77760.0,77769.0,15.554400000000001,0.368017767476236,42.26535068311449,42.25032285555572,1.5554400000000002,1.5554400000000002,0.0368017767476236,10.0,stop_risk,78003.0,78003.0,0.06357840000000001,0.010566337670778624,0.0006000000000000001,0.015554100000000001,-7.372755863809437e-05,0.0,0.0036000000000000003,-0.015027827558638096,-0.000355559041052554,time_exit,False,False,False
222,PF_XBTUSD,-1,0.0004,2026-04-23T10:16:00+00:00,2026-04-23T10:31:00+00:00,2026-04-23T10:32:00+00:00,77306.0,77297.0,77443.0,77453.0,30.9188,0.7318003250698076,42.25032285555572,42.15696661036995,3.09188,3.09188,0.07318003250698077,10.0,stop_risk,77443.0,77443.0,0.09294980000000001,0.01056258071388893,-0.062400000000000004,0.030950000000000002,-6.245185766147428e-06,3.903241103842143e-07,0.0076,-0.09335624518576616,-0.002209598385908908,stop_intrabar,False,False,False
223,PF_ETHUSD,1,0.01,2026-04-23T11:46:00+00:00,2026-04-23T12:46:00+00:00,2026-04-23T12:46:00+00:00,2326.4,2326.9,2327.3,2326.9,23.269000000000002,0.551960965670528,42.15696661036995,42.13372656278918,2.3269,2.3269,0.0551960965670528,10.0,stop_risk,2320.5,2320.5,0.0922345000000009,0.010539241652592488,0.0,0.023269,2.895241931468791e-05,0.0,0.00900000000000091,-0.023240047580685312,-0.0005512741890439676,time_exit,False,False,False
224,PF_XBTUSD,1,0.0002,2026-04-23T15:01:00+00:00,2026-04-23T16:01:00+00:00,2026-04-23T16:01:00+00:00,78180.0,78189.0,78404.0,78395.0,15.6378,0.3711468525504383,42.13372656278918,42.15929760068676,1.5637800000000002,1.5637800000000002,0.037114685255043835,10.0,stop_risk,77909.0,77909.0,0.0734089,0.010533431640697297,0.0412,0.015658400000000003,2.94378974389056e-05,0.0,0.0036000000000000003,0.025571037897438902,0.0006069018808324973,time_exit,False,False,False
225,PF_XBTUSD,-1,0.0003,2026-04-23T17:11:00+00:00,2026-04-23T17:40:00+00:00,2026-04-23T17:41:00+00:00,77797.0,77788.0,76998.0,77007.0,23.336399999999998,0.5535291460742898,42.15929760068676,42.37027565310491,2.33364,2.33364,0.05535291460742898,10.0,stop_risk,77992.0,77992.0,0.08726835,0.01053982440017169,0.23429999999999998,0.023219249999999997,-0.0001026975818791193,3.423252729303975e-06,0.005399999999999999,0.21097805241812087,0.005004306628075419,target_intrabar,False,False,True
226,PF_XBTUSD,-1,0.0001,2026-04-23T17:46:00+00:00,2026-04-23T17:53:00+00:00,2026-04-23T17:54:00+00:00,77148.0,77136.0,77543.0,77555.0,7.7136000000000005,0.18205215522204762,42.37027565310491,42.32063197443099,0.77136,0.77136,0.018205215522204762,10.0,stop_risk,77543.0,77543.0,0.049634550000000006,0.010592568913276229,-0.0419,0.007734550000000001,-9.128673944810601e-06,1.1410842431013251e-06,0.0024000000000000002,-0.04964367867394481,-0.0011716628676289224,stop_intrabar,False,False,False
227,PF_ETHUSD,1,0.01,2026-04-23T20:11:00+00:00,2026-04-23T21:11:00+00:00,2026-04-23T21:11:00+00:00,2323.7,2324.2,2324.0,2323.6,23.241999999999997,0.5491883961950805,42.32063197443099,42.29154765463406,2.3242,2.3242,0.05491883961950805,10.0,stop_risk,2317.6,2317.6,0.0942064999999991,0.010580157993607748,-0.00599999999999909,0.023239,0.00015468020317883265,0.0,0.00900000000000091,-0.029084319796820256,-0.0006872373695740706,time_exit,False,False,False
228,PF_ETHUSD,-1,0.011,2026-04-24T01:26:00+00:00,2026-04-24T01:47:00+00:00,2026-04-24T01:48:00+00:00,2322.7,2322.3,2327.9,2328.3,25.5453,0.6040284978126332,42.29154765463406,42.19991261074308,2.55453,2.55453,0.06040284978126332,10.0,stop_risk,2327.9,2327.9,0.0915783,0.010572886913658515,-0.066,0.025578299999999998,-5.674389095650001e-05,2.5792677707499996e-06,0.008799999999996998,-0.0916350438909565,-0.0021667460514634457,stop_intrabar,False,False,False
229,PF_ETHUSD,1,0.012,2026-04-24T08:26:00+00:00,2026-04-24T08:35:00+00:00,2026-04-24T08:36:00+00:00,2318.3,2318.9,2314.4,2313.9,27.826800000000002,0.6594042091195225,42.19991261074308,42.112122481259696,2.7826800000000005,2.7826800000000005,0.06594042091195225,9.999999999999998,stop_risk,2314.4,2314.4,0.08899619999999892,0.01054997815268577,-0.06,0.027796800000000003,6.670516630600463e-06,7.411685145111625e-07,0.013199999999998909,-0.08779012948336941,-0.002080339129920856,stop_intrabar,False,False,False
230,PF_XBTUSD,1,0.0002,2026-04-24T11:11:00+00:00,2026-04-24T12:11:00+00:00,2026-04-24T12:11:00+00:00,78202.0,78211.0,78284.0,78275.0,15.6422,0.37144173882380144,42.112122481259696,42.10928501939739,1.5642200000000002,1.5642200000000002,0.037144173882380144,10.0,stop_risk,77967.0,77967.0,0.0662169,0.010528030620314925,0.0128,0.015648600000000002,1.1138137546198619e-05,0.0,0.0036000000000000003,-0.0028374618624538027,-6.737874263441603e-05,time_exit,False,False,False
231,PF_ETHUSD,-1,0.008,2026-04-24T13:56:00+00:00,2026-04-24T14:56:00+00:00,2026-04-24T14:56:00+00:00,2311.9,2311.5,2314.9,2315.4,18.492,0.4391430534021599,42.10928501939739,42.05943838477268,1.8492000000000002,1.8492000000000002,0.043914305340215995,10.0,stop_risk,2320.2,2320.2,0.09132839999999928,0.01052732125484935,-0.031200000000000727,0.018507600000000003,-0.00013903462454900492,0.0,0.0072000000000007275,-0.04984663462454974,-0.0011837445019925697,time_exit,False,False,False
232,PF_XBTUSD,1,0.0005,2026-04-24T21:06:00+00:00,2026-04-24T21:14:00+00:00,2026-04-24T21:15:00+00:00,77739.0,77748.0,77647.0,77638.0,38.874,0.9242634113268154,42.05943838477268,41.96560874523597,3.8874000000000004,3.8874000000000004,0.09242634113268154,10.0,stop_risk,77647.0,77647.0,0.0938465,0.010514859596193173,-0.055,0.038846500000000006,1.686046327225e-05,2.10755790903125e-06,0.009000000000000001,-0.09382963953672775,-0.002230881893342116,stop_intrabar,False,False,False
233,PF_XBTUSD,-1,0.0005,2026-04-24T22:41:00+00:00,2026-04-24T23:27:00+00:00,2026-04-24T23:28:00+00:00,77347.0,77337.0,77425.0,77434.0,38.6685,0.9214330771358044,41.96560874523597,41.87822292900796,3.8668500000000003,3.8668500000000003,0.09214330771358044,10.0,stop_risk,77425.0,77425.0,0.087693,0.010491402186308993,-0.0485,0.03869275,-0.00019306622802250058,4.734718383329647e-06,0.0095,-0.0873858162280225,-0.0020823197575548747,stop_intrabar,False,False,False
234,PF_XBTUSD,1,0.0006,2026-04-25T01:21:00+00:00,2026-04-25T02:21:00+00:00,2026-04-25T02:21:00+00:00,77527.0,77536.0,77571.0,77562.0,46.5216,1.110878082837075,41.87822292900796,41.84750948653979,4.65216,4.65216,0.11108780828370751,10.0,stop_risk,77469.0,77469.0,0.09209879999999998,0.010469555732251992,0.0156,0.0465294,0.00021595753168313512,0.0,0.010799999999999999,-0.03071344246831687,-0.0007333988961370771,time_exit,False,False,False
235,PF_XBTUSD,1,0.0005,2026-04-25T08:41:00+00:00,2026-04-25T09:41:00+00:00,2026-04-25T09:41:00+00:00,77672.0,77681.0,77717.0,77708.0,38.8405,0.9281436452626411,41.84750948653979,41.822336037914965,3.8840500000000002,3.8840500000000002,0.09281436452626413,9.999999999999998,stop_risk,77594.0,77594.0,0.08681649999999999,0.010461877371634948,0.0135,0.03884725,0.0001738013752874934,0.0,0.009000000000000001,-0.02517344862471251,-0.0006015518948101206,time_exit,False,False,False
236,PF_XBTUSD,1,0.0005,2026-04-25T09:46:00+00:00,2026-04-25T10:46:00+00:00,2026-04-25T10:46:00+00:00,77757.0,77766.0,77845.0,77836.0,38.883,0.9297185112938158,41.822336037914965,41.81861022114789,3.8883000000000005,3.8883000000000005,0.09297185112938158,10.0,stop_risk,77682.0,77682.0,0.08535975,0.010455584009478741,0.035,0.038900500000000005,0.00017468323281081782,0.0,0.009000000000000001,-0.00372581676718918,-8.908676846294426e-05,time_exit,False,False,False
237,PF_XBTUSD,-1,0.0005,2026-04-25T11:31:00+00:00,2026-04-25T12:31:00+00:00,2026-04-25T12:31:00+00:00,77693.0,77684.0,77589.0,77598.0,38.842,0.9288209195521614,41.81861022114789,41.82263864536964,3.8842,3.8842,0.09288209195521613,10.0,stop_risk,77761.0,77761.0,0.0818635,0.010454652555286974,0.043000000000000003,0.0388205,-0.00015107577811982563,0.0,0.009000000000000001,0.004028424221880177,9.633089671265501e-05,time_exit,False,False,False
238,PF_XBTUSD,-1,0.0006,2026-04-25T12:51:00+00:00,2026-04-25T13:07:00+00:00,2026-04-25T13:08:00+00:00,77578.0,77569.0,77627.0,77636.0,46.541399999999996,1.1128279206542313,41.82263864536964,41.73582528494274,4.65414,4.65414,0.11128279206542313,10.0,stop_risk,77627.0,77627.0,0.0867615,0.01045565966134241,-0.0402,0.04656149999999999,-5.186042689868975e-05,2.716836441427567e-06,0.010799999999999999,-0.08681336042689868,-0.0020757504365762954,stop_intrabar,False,False,False
239,PF_XBTUSD,-1,0.0005,2026-04-25T15:56:00+00:00,2026-04-25T16:02:00+00:00,2026-04-25T16:03:00+00:00,77353.0,77344.0,77430.0,77439.0,38.672000000000004,0.9265900395158092,41.73582528494274,41.649619597645554,3.8672000000000004,3.8672000000000004,0.09265900395158091,10.0,stop_risk,77430.0,77430.0,0.08619575,0.010433956321235685,-0.0475,0.03869575,-9.937297192335858e-06,2.176138403124278e-06,0.009000000000000001,-0.08620568729719236,-0.002065508150579048,stop_intrabar,False,False,False
240,PF_XBTUSD,1,0.0005,2026-04-25T20:31:00+00:00,2026-04-25T21:31:00+00:00,2026-04-25T21:31:00+00:00,77443.0,77452.0,77520.0,77511.0,38.726,0.9298044105591105,41.649619597645554,41.640380422455884,3.8726000000000003,3.8726000000000003,0.09298044105591105,9.999999999999998,stop_risk,77366.0,77366.0,0.08620225,0.01041240489941139,0.029500000000000002,0.03874075,1.5748103989789579e-06,0.0,0.009000000000000001,-0.009239175189601016,-0.0002218309621757819,time_exit,False,False,False
241,PF_XBTUSD,-1,0.0006,2026-04-26T00:26:00+00:00,2026-04-26T00:40:00+00:00,2026-04-26T00:41:00+00:00,77504.0,77495.0,77561.0,77570.0,46.49699999999999,1.1166324497584326,41.640380422455884,41.54884463655461,4.649699999999999,4.649699999999999,0.11166324497584326,10.0,stop_risk,77561.0,77561.0,0.09151949999999999,0.010410095105613972,-0.045,0.04651949999999999,-1.6285901299496903e-05,1.0857267532997938e-06,0.010799999999999999,-0.09153578590129949,-0.002198245668570692,stop_intrabar,False,False,False
242,PF_XBTUSD,-1,0.0005,2026-04-26T03:36:00+00:00,2026-04-26T04:08:00+00:00,2026-04-26T04:09:00+00:00,77376.0,77367.0,77452.0,77461.0,38.6835,0.9310367192729666,41.54884463655461,41.463117426667516,3.8683500000000004,3.8683500000000004,0.09310367192729667,10.0,stop_risk,77452.0,77452.0,0.08570699999999999,0.010387211159138654,-0.047,0.038707000000000005,-2.020988709975782e-05,7.933522679240907e-07,0.009000000000000001,-0.08572720988709977,-0.0020632874544886165,stop_intrabar,False,False,False
243,PF_XBTUSD,1,0.0005,2026-04-26T04:56:00+00:00,2026-04-26T05:56:00+00:00,2026-04-26T05:56:00+00:00,77774.0,77783.0,78020.0,78011.0,38.8915,0.9379781939644136,41.463117426667516,41.53822267587035,3.8891500000000003,3.8891500000000003,0.09379781939644137,10.0,stop_risk,77704.0,77704.0,0.0828695,0.01036577935666688,0.114,0.0389485,5.374920287362875e-05,0.0,0.009000000000000001,0.07510524920287363,0.0018113748763755222,time_exit,False,False,False
244,PF_XBTUSD,1,0.0005,2026-04-26T08:01:00+00:00,2026-04-26T08:23:00+00:00,2026-04-26T08:24:00+00:00,78111.0,78120.0,78040.0,78031.0,39.06,0.9403387406531971,41.53822267587035,41.45469119074867,3.9060000000000006,3.9060000000000006,0.09403387406531973,9.999999999999998,stop_risk,78040.0,78040.0,0.08353775000000001,0.010384555668967588,-0.0445,0.03903775,6.264878354232552e-06,2.8476719791966144e-07,0.009000000000000001,-0.08353148512164578,-0.002010954724121343,stop_intrabar,False,False,False
245,PF_XBTUSD,-1,0.0005,2026-04-26T09:41:00+00:00,2026-04-26T10:06:00+00:00,2026-04-26T10:07:00+00:00,77959.0,77950.0,78037.0,78046.0,38.975,0.9401830982327507,41.45469119074867,41.36766788238985,3.8975000000000004,3.8975000000000004,0.09401830982327508,10.0,stop_risk,78037.0,78037.0,0.08699899999999999,0.010363672797687169,-0.048,0.038999000000000006,-2.4308358810828473e-05,1.2250072573291378e-06,0.009000000000000001,-0.08702330835881084,-0.0020992390935535804,stop_intrabar,False,False,False
246,PF_XBTUSD,1,0.0005,2026-04-26T11:31:00+00:00,2026-04-26T11:32:00+00:00,2026-04-26T11:33:00+00:00,78155.0,78165.0,78090.0,78080.0,39.0825,0.9447595670878357,41.36766788238985,41.28610834496411,3.9082500000000007,3.9082500000000007,0.09447595670878359,9.999999999999998,stop_risk,78090.0,78090.0,0.08156125,0.010341916970597463,-0.0425,0.039061250000000006,1.7125742596389759e-06,1.7125742596389759e-06,0.01,-0.08155953742574036,-0.001971576876357106,stop_intrabar,False,False,False
247,PF_XBTUSD,-1,0.0004,2026-04-26T12:56:00+00:00,2026-04-26T13:10:00+00:00,2026-04-26T13:11:00+00:00,77831.0,77822.0,77930.0,77939.0,31.128800000000002,0.7539775786059756,41.28610834496411,41.20814154729351,3.1128800000000005,3.1128800000000005,0.07539775786059756,9.999999999999998,stop_risk,77930.0,77930.0,0.0779522,0.010321527086241029,-0.0468,0.031152200000000005,-1.4597670622007849e-05,9.746638082348377e-07,0.007200000000000001,-0.077966797670622,-0.0018884511230550997,stop_intrabar,False,False,False
248,PF_XBTUSD,1,0.0004,2026-04-26T14:26:00+00:00,2026-04-26T15:26:00+00:00,2026-04-26T15:26:00+00:00,78079.0,78089.0,78048.0,78039.0,31.2356,0.7579958432280116,41.20814154729351,41.15694856892282,3.1235600000000003,3.1235600000000003,0.07579958432280116,10.0,stop_risk,77961.0,77961.0,0.086408,0.010302035386823378,-0.02,0.031225600000000003,3.262162930789695e-05,0.0,0.0076,-0.051192978370692116,-0.0012423025268426453,time_exit,False,False,False
249,PF_ETHUSD,1,0.008,2026-04-26T18:16:00+00:00,2026-04-26T19:16:00+00:00,2026-04-26T19:16:00+00:00,2365.1,2365.6,2374.0,2373.5,18.9248,0.45982028935667785,41.15694856892282,41.20127726652941,1.8924800000000002,1.8924800000000002,0.04598202893566779,10.0,stop_risk,2356.9,2356.9,0.09248799999999856,0.010289237142230706,0.06320000000000073,0.0189564,8.509760674999493e-05,0.0,0.008,0.04432869760675072,0.0010770647277826338,time_exit,False,False,False
250,PF_XBTUSD,1,0.0002,2026-04-27T01:01:00+00:00,2026-04-27T01:15:00+00:00,2026-04-27T01:16:00+00:00,79434.0,79443.0,79077.0,79068.0,15.8886,0.3856336758012934,41.20127726652941,41.110406784329136,1.5888600000000002,1.5888600000000002,0.03856336758012934,10.0,stop_risk,79077.0,79077.0,0.0908511,0.010300319316632355,-0.075,0.0158511,-1.938220023777954e-05,1.292146682518636e-06,0.0036000000000000003,-0.09087048220023779,-0.0022055258532981945,stop_intrabar,False,False,False
251,PF_XBTUSD,-1,0.0003,2026-04-27T05:06:00+00:00,2026-04-27T05:20:00+00:00,2026-04-27T05:21:00+00:00,78743.0,78734.0,77961.0,77970.0,23.620199999999997,0.5745552488428253,41.110406784329136,41.31610184375274,2.36202,2.36202,0.05745552488428252,10.0,stop_risk,78925.0,78925.0,0.0836502,0.010277601696082285,0.2292,0.023505599999999998,6.594235875193495e-07,4.7101684822810676e-08,0.005399999999999999,0.2056950594235875,0.005003479058300059,target_intrabar,False,False,True
252,PF_XBTUSD,-1,0.0001,2026-04-27T05:26:00+00:00,2026-04-27T06:26:00+00:00,2026-04-27T06:26:00+00:00,77863.0,77854.0,77830.0,77839.0,7.7854,0.1884350084488235,41.31610184375274,41.309824306632606,0.77854,0.77854,0.01884350084488235,10.0,stop_risk,78237.0,78237.0,0.047005000000000005,0.010329025460938186,0.0015,0.007784650000000001,7.112879756260205e-06,0.0,0.0018000000000000002,-0.00627753712024374,-0.00015193924015348374,time_exit,False,False,False
253,PF_XBTUSD,1,0.0004,2026-04-27T09:01:00+00:00,2026-04-27T10:01:00+00:00,2026-04-27T10:01:00+00:00,77806.0,77815.0,77909.0,77900.0,31.126,0.7534769397458436,41.309824306632606,41.312500431638895,3.1126000000000005,3.1126000000000005,0.07534769397458436,9.999999999999998,stop_risk,77692.0,77692.0,0.0838996,0.010327456076658153,0.034,0.031143,-0.00018087499355588866,0.0,0.007200000000000001,0.002676125006444113,6.47818055719603e-05,time_exit,False,False,False
254,PF_XBTUSD,1,0.0002,2026-04-27T14:46:00+00:00,2026-04-27T14:53:00+00:00,2026-04-27T14:54:00+00:00,78172.0,78181.0,77946.0,77937.0,15.6362,0.37848592645399703,41.312500431638895,41.24808038121438,1.5636200000000002,1.5636200000000002,0.03784859264539971,9.999999999999998,stop_risk,77946.0,77946.0,0.06441179999999999,0.010328125107909725,-0.0488,0.0156118,-8.250424501510423e-06,1.0313030626888026e-06,0.0036000000000000003,-0.06442005042450151,-0.0015593355461768627,stop_intrabar,False,False,False
255,PF_XBTUSD,-1,0.0001,2026-04-27T15:26:00+00:00,2026-04-27T15:31:00+00:00,2026-04-27T15:32:00+00:00,76615.0,76598.0,77023.0,77032.0,7.659800000000001,0.18570076302238067,41.24808038121438,41.19699936411933,0.7659800000000001,0.7659800000000001,0.01857007630223807,10.0,stop_risk,77023.0,77023.0,0.0518819,0.010312020095303596,-0.0434,0.007681500000000001,4.829049426692851e-07,9.658098853385701e-08,0.0026000000000000003,-0.05108101709505733,-0.0012383853169157702,stop_intrabar,False,False,False
256,PF_ETHUSD,1,0.008,2026-04-27T17:31:00+00:00,2026-04-27T18:31:00+00:00,2026-04-27T18:31:00+00:00,2289.9,2290.4,2284.3,2283.9,18.3232,0.44477025712602397,41.19699936411933,41.126961187006906,1.8323200000000002,1.8323200000000002,0.044477025712602404,9.999999999999998,stop_risk,2281.9,2281.9,0.0902872,0.010299249841029832,-0.052000000000000005,0.0182972,0.00025902288763649884,0.0,0.0072000000000007275,-0.0700381771123635,-0.0017000795735954376,time_exit,False,False,False
257,PF_XBTUSD,-1,0.0003,2026-04-27T19:36:00+00:00,2026-04-27T19:42:00+00:00,2026-04-27T19:43:00+00:00,76576.0,76567.0,76727.0,76736.0,22.9701,0.5585168302504407,41.126961187006906,41.053270668393495,2.2970099999999998,2.2970099999999998,0.05585168302504407,10.0,stop_risk,76727.0,76727.0,0.07369545,0.010281740296751727,-0.050699999999999995,0.02299545,4.931386597408588e-06,8.218977662347647e-07,0.005399999999999999,-0.07369051861340259,-0.0017917812667541159,stop_intrabar,False,False,False
258,PF_ETHUSD,1,0.01,2026-04-27T20:11:00+00:00,2026-04-27T21:04:00+00:00,2026-04-27T21:05:00+00:00,2294.0,2294.4,2288.3,2287.8,22.944000000000003,0.5588836072363014,41.053270668393495,40.96448314692268,2.2944000000000004,2.2944000000000004,0.05588836072363015,10.0,stop_risk,2288.3,2288.3,0.0879115,0.010263317667098374,-0.06599999999999909,0.022911,0.00012347852921730979,6.940774366319867e-07,0.00900000000000091,-0.08878752147078178,-0.0021627392903225714,stop_intrabar,False,False,False
259,PF_XBTUSD,1,0.0004,2026-04-27T22:56:00+00:00,2026-04-27T23:56:00+00:00,2026-04-27T23:56:00+00:00,77064.0,77073.0,77388.0,77379.0,30.8292,0.7525836439685665,40.96448314692268,41.05618642238652,3.08292,3.08292,0.07525836439685665,10.0,stop_risk,76952.0,76952.0,0.0828032,0.010241120786730671,0.12240000000000001,0.030890400000000002,0.00019367546392899535,0.0,0.007200000000000001,0.09170327546392901,0.002238604479276041,time_exit,False,False,False
260,PF_XBTUSD,-1,0.0003,2026-04-28T02:36:00+00:00,2026-04-28T03:36:00+00:00,2026-04-28T03:36:00+00:00,76925.0,76916.0,76803.0,76813.0,23.074799999999996,0.5620297940633402,41.05618642238652,41.06392079847682,2.3074799999999995,2.3074799999999995,0.056202979406334015,10.0,stop_risk,77106.0,77106.0,0.08280464999999998,0.01026404660559663,0.030899999999999997,0.02305935,-0.00010627390978335097,0.0,0.005699999999999999,0.00773437609021665,0.00018838515615272447,time_exit,False,False,False
261,PF_XBTUSD,1,0.0004,2026-04-28T05:11:00+00:00,2026-04-28T05:41:00+00:00,2026-04-28T05:42:00+00:00,76972.0,76981.0,76846.0,76837.0,30.7924,0.7498650737983641,41.06392079847682,40.975630976729875,3.0792400000000004,3.0792400000000004,0.07498650737983642,9.999999999999998,stop_risk,76846.0,76846.0,0.0883636,0.010265980199619206,-0.057600000000000005,0.030763600000000002,7.377825305712502e-05,2.4592751019041667e-06,0.007200000000000001,-0.08828982174694289,-0.0021500582513839695,stop_intrabar,False,False,False
262,PF_XBTUSD,-1,0.0004,2026-04-28T06:46:00+00:00,2026-04-28T07:36:00+00:00,2026-04-28T07:37:00+00:00,76633.0,76617.0,76740.0,76749.0,30.646800000000002,0.7479274698028291,40.975630976729875,40.891978048383315,3.0646800000000005,3.0646800000000005,0.07479274698028292,10.0,stop_risk,76740.0,76740.0,0.0862746,0.01024390774418247,-0.0528,0.0306732,-0.00017972834656556255,3.907872917250227e-06,0.01,-0.08365292834656556,-0.0020415287416579915,stop_intrabar,False,False,False
263,PF_XBTUSD,-1,0.0005,2026-04-28T11:21:00+00:00,2026-04-28T12:21:00+00:00,2026-04-28T12:21:00+00:00,76391.0,76382.0,76258.0,76267.0,38.191,0.9339484618428701,40.891978048383315,40.91110664421208,3.8191000000000006,3.8191000000000006,0.093394846184287,9.999999999999998,stop_risk,76463.0,76463.0,0.08321350000000001,0.01022299451209583,0.0575,0.03816225,-0.0002091541713211856,0.0,0.009000000000000001,0.019128595828678815,0.0004677835786286957,time_exit,False,False,False
264,PF_XBTUSD,-1,0.0003,2026-04-28T14:31:00+00:00,2026-04-28T15:31:00+00:00,2026-04-28T15:31:00+00:00,75863.0,75854.0,75950.0,75959.0,22.7562,0.5562352589946242,40.91110664421208,40.856778570249894,2.27562,2.27562,0.05562352589946242,10.0,stop_risk,76066.0,76066.0,0.08908934999999998,0.010227776661053022,-0.0315,0.02277195,-5.612396235750312e-05,0.0,0.005399999999999999,-0.054328073962357504,-0.001327954152764127,time_exit,False,False,False
265,PF_ETHUSD,1,0.011,2026-04-28T17:41:00+00:00,2026-04-28T18:41:00+00:00,2026-04-28T18:41:00+00:00,2289.7,2290.2,2292.8,2292.3,25.192199999999996,0.6165978053478707,40.856778570249894,40.854560786656975,2.51922,2.51922,0.061659780534787066,10.0,stop_risk,2285.0,2285.0,0.08786084999999799,0.010214194642562475,0.023100000000004,0.025203749999999997,-0.000114033593094328,0.0,0.011,-0.0022177835930903274,-5.428190059764574e-05,time_exit,False,False,False
266,PF_XBTUSD,1,0.0004,2026-04-28T20:56:00+00:00,2026-04-28T21:13:00+00:00,2026-04-28T21:14:00+00:00,76450.0,76459.0,76345.0,76336.0,30.5836,0.7485969598280089,40.854560786656975,40.77479566703829,3.0583600000000004,3.0583600000000004,0.0748596959828009,9.999999999999998,stop_risk,76345.0,76345.0,0.07975900000000001,0.010213640196664243,-0.0492,0.030559000000000003,-6.119618725905401e-06,5.786919533446607e-09,0.007200000000000001,-0.0797651196187259,-0.0019524165254219802,stop_intrabar,False,False,False
267,PF_ETHUSD,-1,0.013,2026-04-28T21:21:00+00:00,2026-04-28T22:21:00+00:00,2026-04-28T22:21:00+00:00,2291.0,2290.5,2289.3,2289.8,29.7765,0.7302673014759178,40.77479566703829,40.754285926246105,2.97765,2.97765,0.07302673014759178,9.999999999999998,stop_risk,2294.4,2294.4,0.08700510000000118,0.010193698916759574,0.009099999999997634,0.029771950000000002,0.00016220920772081347,0.0,0.013,-0.020509740792281555,-0.0005030004554715968,time_exit,False,False,False
268,PF_XBTUSD,1,0.0004,2026-04-29T00:51:00+00:00,2026-04-29T01:08:00+00:00,2026-04-29T01:09:00+00:00,76412.0,76421.0,76316.0,76307.0,30.5684,0.7500658962672118,40.754285926246105,40.67817007798291,3.0568400000000002,3.0568400000000002,0.07500658962672119,10.0,stop_risk,76316.0,76316.0,0.07614560000000001,0.010188571481561527,-0.0456,0.0305456,2.9751736769057747e-05,2.153943011945535e-06,0.007200000000000001,-0.07611584826323094,-0.0018676771420061047,stop_intrabar,False,False,False
269,PF_XBTUSD,-1,0.0003,2026-04-29T01:31:00+00:00,2026-04-29T01:41:00+00:00,2026-04-29T01:42:00+00:00,76172.0,76163.0,76343.0,76352.0,22.848899999999997,0.5616993084053941,40.67817007798291,40.59857505795308,2.28489,2.28489,0.05616993084053941,10.0,stop_risk,76343.0,76343.0,0.07957724999999999,0.010169542519495728,-0.05669999999999999,0.022877250000000002,-1.7770029848550668e-05,1.615457258959151e-06,0.005399999999999999,-0.07959502002984854,-0.0019567010973517074,stop_intrabar,False,False,False
270,PF_XBTUSD,1,0.0004,2026-04-29T03:26:00+00:00,2026-04-29T04:26:00+00:00,2026-04-29T04:26:00+00:00,76826.0,76835.0,76998.0,76989.0,30.734,0.7570216431519645,40.59857505795308,40.62956070285759,3.0734000000000004,3.0734000000000004,0.07570216431519645,10.0,stop_risk,76721.0,76721.0,0.0799094,0.010149643764488271,0.0616,0.030764800000000002,0.00015044490444533765,0.0,0.007200000000000001,0.03098564490444534,0.0007632200110524666,time_exit,False,False,False
271,PF_XBTUSD,1,0.0002,2026-04-29T04:41:00+00:00,2026-04-29T05:41:00+00:00,2026-04-29T05:41:00+00:00,77374.0,77383.0,77234.0,77225.0,15.476600000000001,0.3809196981770834,40.62956070285759,40.58259508186838,1.5476600000000003,1.5476600000000003,0.03809196981770834,10.0,stop_risk,77116.0,77116.0,0.070649,0.010157390175714398,-0.0316,0.0154608,9.51790108586938e-05,0.0,0.0036000000000000003,-0.04696562098914131,-0.001155947053738095,time_exit,False,False,False
272,PF_XBTUSD,-1,0.0005,2026-04-29T06:31:00+00:00,2026-04-29T07:31:00+00:00,2026-04-29T07:31:00+00:00,77082.0,77073.0,77083.0,77092.0,38.536500000000004,0.9495819555713298,40.58259508186838,40.534325573498386,3.8536500000000005,3.8536500000000005,0.09495819555713299,10.0,stop_risk,77160.0,77160.0,0.0865605,0.010145648770467095,-0.0095,0.03854125,-0.0002282583700603675,0.0,0.009000000000000001,-0.04826950837006037,-0.001189414040001261,time_exit,False,False,False
273,PF_XBTUSD,1,0.0004,2026-04-29T09:41:00+00:00,2026-04-29T10:27:00+00:00,2026-04-29T10:28:00+00:00,77207.0,77216.0,77809.0,77800.0,30.886400000000002,0.761981346994305,40.534325573498386,40.7370507874337,3.0886400000000003,3.0886400000000003,0.0761981346994305,10.0,stop_risk,77119.0,77119.0,0.0732652,0.010133581393374598,0.2336,0.0310032,0.0001284139354384781,2.421854990245891e-06,0.007200000000000001,0.2027252139354385,0.005001321992340773,target_intrabar,False,False,True
274,PF_XBTUSD,-1,0.0004,2026-04-29T12:11:00+00:00,2026-04-29T13:11:00+00:00,2026-04-29T13:11:00+00:00,77472.0,77463.0,77095.0,77104.0,30.985200000000003,0.7606147082586084,40.7370507874337,40.849686037710875,3.0985200000000006,3.0985200000000006,0.07606147082586086,9.999999999999998,stop_risk,77590.0,77590.0,0.08541240000000001,0.010184262696858426,0.1436,0.030913400000000004,-5.1349722985099197e-05,0.0,0.007200000000000001,0.11263525027701492,0.002764933840320122,time_exit,False,False,False
275,PF_ETHUSD,-1,0.008,2026-04-29T13:41:00+00:00,2026-04-29T13:56:00+00:00,2026-04-29T13:57:00+00:00,2296.1,2295.6,2303.2,2303.8,18.3648,0.4495701627436332,40.849686037710875,40.765708622180966,1.83648,1.83648,0.04495701627436332,10.0,stop_risk,2303.2,2303.2,0.08319719999999928,0.01021242150942772,-0.06560000000000218,0.0183976,2.0184470096557617e-05,1.3456313397705077e-06,0.008800000000002911,-0.08397741552990565,-0.0020557664862437593,stop_intrabar,False,False,False
276,PF_XBTUSD,-1,0.0003,2026-04-29T15:16:00+00:00,2026-04-29T16:16:00+00:00,2026-04-29T16:16:00+00:00,76271.0,76262.0,76045.0,76054.0,22.8786,0.5612216927722325,40.765708622180966,40.8053323982842,2.28786,2.28786,0.05612216927722326,10.0,stop_risk,76460.0,76460.0,0.08500964999999999,0.010191427155545243,0.0624,0.022847399999999997,7.117610307921579e-05,0.0,0.005399999999999999,0.03962377610307922,0.0009719879144090136,time_exit,False,False,False
277,PF_XBTUSD,1,0.0003,2026-04-29T20:46:00+00:00,2026-04-29T21:46:00+00:00,2026-04-29T21:46:00+00:00,75762.0,75771.0,75923.0,75914.0,22.731299999999997,0.5570668994465982,40.8053323982842,40.82547622719149,2.2731299999999997,2.2731299999999997,0.05570668994465981,10.0,stop_risk,75570.0,75570.0,0.08569979999999999,0.010201333099571051,0.042899999999999994,0.02275275,-3.4210925591518285e-06,0.0,0.005399999999999999,0.020143828907440847,0.0004936567777668162,time_exit,False,False,False
278,PF_XBTUSD,1,0.0004,2026-04-29T21:51:00+00:00,2026-04-29T22:00:00+00:00,2026-04-29T22:01:00+00:00,75964.0,75973.0,75831.0,75822.0,30.389200000000002,0.7443685367167748,40.82547622719149,40.73471736583802,3.0389200000000005,3.0389200000000005,0.07443685367167749,10.0,stop_risk,75831.0,75831.0,0.090759,0.010206369056797872,-0.0604,0.030359000000000004,1.3864651141131595e-07,1.0850583036375198e-06,0.007200000000000001,-0.0907588613534886,-0.0022230937576434044,stop_intrabar,False,False,False
279,PF_XBTUSD,1,0.0003,2026-04-30T00:56:00+00:00,2026-04-30T01:56:00+00:00,2026-04-30T01:56:00+00:00,76270.0,76279.0,76314.0,76305.0,22.883699999999997,0.5617738744688408,40.73471736583802,40.719661774303695,2.28837,2.28837,0.05617738744688408,9.999999999999998,stop_risk,76110.0,76110.0,0.07625699999999999,0.010183679341459508,0.0078,0.022887599999999998,3.2008465759258536e-05,0.0,0.005399999999999999,-0.015055591534240739,-0.00036960098186091846,time_exit,False,False,False
280,PF_ETHUSD,-1,0.007,2026-04-30T02:36:00+00:00,2026-04-30T03:36:00+00:00,2026-04-30T03:36:00+00:00,2245.4,2244.8,2249.1,2249.5,15.713600000000001,0.38589711493910617,40.719661774303695,40.67100017511884,1.5713600000000003,1.5713600000000003,0.03858971149391062,9.999999999999998,stop_risk,2254.0,2254.0,0.0843478999999981,0.010179915443575924,-0.03289999999999873,0.015730050000000002,-3.154918486265419e-05,0.0,0.007,-0.04866159918486138,-0.0011950393756848315,time_exit,False,False,False
281,PF_XBTUSD,-1,0.0004,2026-04-30T04:41:00+00:00,2026-04-30T05:01:00+00:00,2026-04-30T05:02:00+00:00,75435.0,75426.0,75551.0,75560.0,30.1704,0.7418160328020957,40.67100017511884,40.587147612948144,3.01704,3.01704,0.07418160328020958,10.0,stop_risk,75551.0,75551.0,0.0837972,0.010167750043779712,-0.0536,0.0301972,-5.536217068572848e-05,1.86851665644e-06,0.007200000000000001,-0.08385256217068573,-0.0020617285488342607,stop_intrabar,False,False,False
282,PF_XBTUSD,1,0.0006,2026-04-30T07:36:00+00:00,2026-04-30T08:36:00+00:00,2026-04-30T08:36:00+00:00,75909.0,75918.0,76064.0,76055.0,45.550799999999995,1.1222961621838226,40.587147612948144,40.623802558732145,4.555079999999999,4.555079999999999,0.11222961621838225,10.0,stop_risk,75851.0,75851.0,0.09112799999999999,0.010146786903237037,0.0822,0.0455919,4.684578401387692e-05,0.0,0.010799999999999999,0.03665494578401387,0.0009031170688210713,time_exit,False,False,False
283,PF_ETHUSD,1,0.008,2026-04-30T09:36:00+00:00,2026-04-30T10:17:00+00:00,2026-04-30T10:18:00+00:00,2266.9,2267.4,2259.0,2258.6,18.139200000000002,0.44651654590372547,40.623802558732145,40.5353233253023,1.8139200000000004,1.8139200000000004,0.044651654590372555,9.999999999999998,stop_risk,2259.0,2259.0,0.08930360000000073,0.010155950639683038,-0.07040000000000146,0.018104000000000002,2.4766570142664955e-05,1.3156465477332327e-06,0.0072000000000007275,-0.08847923342985879,-0.0021780145593692105,stop_intrabar,False,False,False
284,PF_XBTUSD,-1,0.0004,2026-04-30T17:06:00+00:00,2026-04-30T18:02:00+00:00,2026-04-30T18:03:00+00:00,76221.0,76212.0,76337.0,76346.0,30.4848,0.752055182966094,40.5353233253023,40.451204603130336,3.04848,3.04848,0.0752055182966094,10.0,stop_risk,76337.0,76337.0,0.08411160000000001,0.010133830831325576,-0.0536,0.0305116,-7.12217193162568e-06,9.287129527441147e-07,0.007200000000000001,-0.08411872217193161,-0.0020751955398718726,stop_intrabar,False,False,False
285,PF_ETHUSD,-1,0.019,2026-04-30T21:31:00+00:00,2026-04-30T22:17:00+00:00,2026-04-30T22:18:00+00:00,2258.4,2258.0,2260.1,2260.6,42.902,1.0605864626508554,40.451204603130336,40.359243452006965,4.2902000000000005,4.2902000000000005,0.10605864626508554,10.0,stop_risk,2260.1,2260.1,0.09042575,0.010112801150782585,-0.04939999999999827,0.0429267,0.0003655488765851979,8.074829266175845e-06,0.01710000000000173,-0.09196115112341308,-0.0022733847366388843,stop_intrabar,False,False,False
286,PF_XBTUSD,1,0.0005,2026-05-01T00:11:00+00:00,2026-05-01T00:59:00+00:00,2026-05-01T01:00:00+00:00,76448.0,76457.0,76374.0,76365.0,38.228500000000004,0.9472055650760469,40.359243452006965,40.27509879676732,3.8228500000000007,3.8228500000000007,0.0947205565076047,9.999999999999998,stop_risk,76374.0,76374.0,0.0842055,0.010089810863001742,-0.046,0.0382055,6.084476038415005e-05,1.2675991746697918e-06,0.009000000000000001,-0.08414465523961585,-0.0020848917879165933,stop_intrabar,False,False,False
287,PF_XBTUSD,1,0.0004,2026-05-01T01:56:00+00:00,2026-05-01T02:02:00+00:00,2026-05-01T02:03:00+00:00,76717.0,76726.0,76619.0,76610.0,30.6904,0.762019235629122,40.27509879676732,40.19804043072843,3.06904,3.06904,0.0762019235629122,10.0,stop_risk,76619.0,76619.0,0.0770672,0.01006877469919183,-0.046400000000000004,0.0306672,8.833961112788468e-06,1.620794606824642e-07,0.007200000000000001,-0.07705836603888722,-0.0019133004844440584,stop_intrabar,False,False,False
288,PF_XBTUSD,1,0.0004,2026-05-01T03:26:00+00:00,2026-05-01T03:40:00+00:00,2026-05-01T03:41:00+00:00,77204.0,77213.0,77087.0,77078.0,30.8852,0.768326009652713,40.19804043072843,40.1131786244409,3.0885200000000004,3.0885200000000004,0.07683260096527131,10.0,stop_risk,77087.0,77087.0,0.08485820000000001,0.010049510107682109,-0.054,0.030858200000000002,-3.6062875059786284e-06,2.404191670652419e-07,0.007200000000000001,-0.08486180628750598,-0.002111093112455188,stop_intrabar,False,False,False
289,PF_ETHUSD,-1,0.016,2026-05-01T06:56:00+00:00,2026-05-01T06:56:00+00:00,2026-05-01T06:57:00+00:00,2277.5,2277.1,2280.0,2280.4,36.4336,0.9082700810401761,40.1131786244409,40.023918624440896,3.64336,3.64336,0.09082700810401763,10.0,stop_risk,2280.0,2280.0,0.08926000000000292,0.010028294656110225,-0.052800000000002914,0.03646,0.0,5.981407912592729e-06,0.012800000000002911,-0.0892600000000029,-0.002225203862194479,stop_intrabar,False,False,False
290,PF_XBTUSD,1,0.0003,2026-05-01T08:21:00+00:00,2026-05-01T09:21:00+00:00,2026-05-01T09:21:00+00:00,77363.0,77372.0,77327.0,77318.0,23.211599999999997,0.5799432139017409,40.023918624440896,39.984473938598576,2.32116,2.32116,0.057994321390174096,10.0,stop_risk,77215.0,77215.0,0.07298669999999999,0.010005979656110225,-0.0162,0.023203500000000002,-4.118584240201406e-05,0.0,0.005399999999999999,-0.039444685842402016,-0.0009855278343064299,time_exit,False,False,False
291,PF_XBTUSD,1,0.0003,2026-05-01T12:26:00+00:00,2026-05-01T13:26:00+00:00,2026-05-01T13:26:00+00:00,77729.0,77738.0,78292.0,78283.0,23.321399999999997,0.5832613938053325,39.984473938598576,40.124631286796884,2.33214,2.33214,0.05832613938053325,10.0,stop_risk,77570.0,77570.0,0.07639484999999999,0.009996118484649645,0.16349999999999998,0.023403149999999998,6.049819842390648e-05,0.0,0.005399999999999999,0.1401573481984239,0.003505294290320137,time_exit,False,False,False
292,PF_XBTUSD,-1,0.0003,2026-05-01T20:21:00+00:00,2026-05-01T21:21:00+00:00,2026-05-01T21:21:00+00:00,78152.0,78143.0,77943.0,77952.0,23.442899999999998,0.5842520977311496,40.124631286796884,40.15835880445778,2.34429,2.34429,0.05842520977311497,10.0,stop_risk,78292.0,78292.0,0.0708666,0.010031157821699221,0.0573,0.023414249999999998,-0.0001582323392318006,0.0,0.005399999999999999,0.033727517660768196,0.0008405689118909442,time_exit,False,False,False
293,PF_XBTUSD,1,0.0004,2026-05-01T22:11:00+00:00,2026-05-01T22:49:00+00:00,2026-05-01T22:50:00+00:00,78261.0,78270.0,78155.0,78146.0,31.308,0.7796135333230962,40.15835880445778,40.07759245612272,3.1308000000000002,3.1308000000000002,0.07796135333230964,10.0,stop_risk,78155.0,78155.0,0.0808832,0.010039589701114446,-0.049600000000000005,0.031283200000000004,0.00011685166491512612,3.0750438135559494e-06,0.007200000000000001,-0.08076634833508489,-0.0020111964417758883,stop_intrabar,False,False,False
294,PF_XBTUSD,-1,0.0004,2026-05-01T23:26:00+00:00,2026-05-01T23:53:00+00:00,2026-05-01T23:54:00+00:00,78064.0,78055.0,78151.0,78160.0,31.222,0.779038811629768,40.07759245612272,40.004207699127534,3.1222000000000003,3.1222000000000003,0.0779038811629768,10.0,stop_risk,78151.0,78151.0,0.07324300000000002,0.010019398114030681,-0.042,0.031243,-0.000141756995125456,5.062749825909145e-06,0.007200000000000001,-0.07338475699512546,-0.0018310670002313063,stop_intrabar,False,False,False
295,PF_XBTUSD,-1,0.0005,2026-05-02T05:21:00+00:00,2026-05-02T05:31:00+00:00,2026-05-02T05:32:00+00:00,78030.0,78021.0,78111.0,78120.0,39.0105,0.9751599205113315,40.004207699127534,39.91561926167568,3.90105,3.90105,0.09751599205113315,10.0,stop_risk,78111.0,78111.0,0.08853525,0.010001051924781885,-0.0495,0.03903525000000001,-5.318745188790191e-05,4.835222898900174e-06,0.009000000000000001,-0.08858843745188791,-0.00221447798986955,stop_intrabar,False,False,False
296,PF_XBTUSD,1,0.0005,2026-05-02T06:56:00+00:00,2026-05-02T07:42:00+00:00,2026-05-02T07:43:00+00:00,78295.0,78304.0,78216.0,78207.0,39.152,0.980869161601387,39.91561926167568,39.82821147092032,3.9152000000000005,3.9152000000000005,0.09808691616013872,9.999999999999998,stop_risk,78216.0,78216.0,0.08762774999999999,0.009978904815418922,-0.0485,0.03912775,0.0002199592446983626,4.718246729576561e-06,0.009000000000000001,-0.08740779075530164,-0.002189814222404531,stop_intrabar,False,False,False
297,PF_ETHUSD,1,0.019,2026-05-02T09:26:00+00:00,2026-05-02T09:30:00+00:00,2026-05-02T09:31:00+00:00,2305.9,2306.3,2304.4,2304.0,43.819700000000005,1.100217619161583,39.82821147092032,39.740706362926645,4.381970000000001,4.381970000000001,0.1100217619161583,10.0,stop_risk,2304.4,2304.4,0.08749785000000346,0.009957052867730081,-0.04370000000000346,0.04379785,-7.257993690195139e-06,1.4515987380390278e-06,0.015200000000003456,-0.08750510799369365,-0.00219706345733309,stop_intrabar,False,False,False
298,PF_XBTUSD,-1,0.0005,2026-05-02T11:11:00+00:00,2026-05-02T12:11:00+00:00,2026-05-02T12:11:00+00:00,78180.0,78171.0,78096.0,78105.0,39.0855,0.9835129663538675,39.740706362926645,39.734577757642896,3.9085500000000004,3.9085500000000004,0.09835129663538676,10.0,stop_risk,78241.0,78241.0,0.07860525,0.009935176590731662,0.033,0.039069000000000007,-5.9605283910883514e-05,0.0,0.009000000000000001,-0.006128605283910885,-0.00015421480504000667,time_exit,False,False,False
299,PF_XBTUSD,1,0.0004,2026-05-02T13:11:00+00:00,2026-05-02T14:11:00+00:00,2026-05-02T14:11:00+00:00,78340.0,78349.0,78310.0,78301.0,31.3396,0.7887236197941444,39.734577757642896,39.684054559909086,3.13396,3.13396,0.07887236197941444,10.0,stop_risk,78231.0,78231.0,0.08211420000000001,0.009933644439410725,-0.019200000000000002,0.031330000000000004,6.802266007482521e-06,0.0,0.007200000000000001,-0.050523197733992525,-0.0012715171667899365,time_exit,False,False,False
300,PF_XBTUSD,1,0.0006,2026-05-02T16:16:00+00:00,2026-05-02T16:34:00+00:00,2026-05-02T16:35:00+00:00,78518.0,78527.0,78466.0,78457.0,47.1162,1.1872829155818987,39.684054559909086,39.594957598525,4.71162,4.71162,0.11872829155818987,10.0,stop_risk,78466.0,78466.0,0.0890952,0.009921013639977272,-0.041999999999999996,0.0470952,-1.7613841119520528e-06,9.270442694484491e-08,0.010799999999999999,-0.08909696138411194,-0.0022451577181864467,stop_intrabar,False,False,False
301,PF_ETHUSD,-1,0.017,2026-05-02T17:51:00+00:00,2026-05-02T18:18:00+00:00,2026-05-02T18:19:00+00:00,2305.8,2305.4,2307.7,2308.2,39.19180000000001,0.9898179560485245,39.594957598525,39.50820836842415,3.9191800000000008,3.9191800000000008,0.09898179560485244,10.0,stop_risk,2307.7,2307.7,0.08511474999999692,0.00989873939963125,-0.04759999999999537,0.0392156,6.63698991416125e-05,2.320012711441132e-06,0.015300000000001547,-0.08674923010085374,-0.002190916100490668,stop_intrabar,False,False,False
302,PF_ETHUSD,1,0.018,2026-05-02T21:31:00+00:00,2026-05-02T21:37:00+00:00,2026-05-02T21:38:00+00:00,2313.0,2313.5,2327.3,2326.8,41.642999999999994,1.0540341291021948,39.50820836842415,39.70581683993149,4.1643,4.1643,0.1054034129102195,9.999999999999998,stop_risk,2311.5,2311.5,0.0866205,0.009877052092106039,0.23940000000000325,0.0417627,-2.8828492645864508e-05,4.118356092266359e-06,0.018,0.19760847150735739,0.005001706725463424,target_intrabar,False,False,True
303,PF_XBTUSD,1,0.0009,2026-05-02T21:41:00+00:00,2026-05-02T21:41:00+00:00,2026-05-02T21:41:00+00:00,78763.0,78772.0,78763.0,78754.0,70.8948,1.785501612668053,39.70581683993149,39.618730139931486,7.089480000000001,7.089480000000001,0.1785501612668053,10.0,stop_risk,78766.0,78766.0,0.08438804999999999,0.009926454209982873,-0.0162,0.0708867,0.0,0.0,0.0162,-0.0870867,-0.0021932982855151426,stop_at_open,False,False,False
304,PF_XBTUSD,-1,0.0004,2026-05-03T01:11:00+00:00,2026-05-03T02:11:00+00:00,2026-05-03T02:11:00+00:00,78359.0,78350.0,78184.0,78193.0,31.34,0.7910399926829709,39.618730139931486,39.65021340254491,3.1340000000000003,3.1340000000000003,0.0791039992682971,9.999999999999998,stop_risk,78474.0,78474.0,0.08456659999999999,0.009904682534982872,0.06280000000000001,0.0313086,-8.137386481667367e-06,0.0,0.007200000000000001,0.03148326261351834,0.0007946560251255136,time_exit,False,False,False
305,PF_XBTUSD,-1,0.0005,2026-05-03T06:26:00+00:00,2026-05-03T06:33:00+00:00,2026-05-03T06:34:00+00:00,78070.0,78061.0,78147.0,78156.0,39.0305,0.9843704901092631,39.65021340254491,39.56365635364215,3.9030500000000004,3.9030500000000004,0.09843704901092631,10.0,stop_risk,78147.0,78147.0,0.08655425,0.009912553350636228,-0.0475,0.03905425,-2.7989027354204835e-06,3.498628419275605e-07,0.009000000000000001,-0.08655704890273543,-0.00218301596573954,stop_intrabar,False,False,False
306,PF_XBTUSD,1,0.0004,2026-05-03T07:11:00+00:00,2026-05-03T08:11:00+00:00,2026-05-03T08:11:00+00:00,78401.0,78410.0,78436.0,78427.0,31.364,0.7927477612193113,39.56365635364215,39.53914171511538,3.1364,3.1364,0.07927477612193114,10.0,stop_risk,78288.0,78288.0,0.0837378,0.009890914088410538,0.0068000000000000005,0.031367400000000004,5.27614733899247e-05,0.0,0.007200000000000001,-0.024514638526610077,-0.0006196252011564474,time_exit,False,False,False
307,PF_ETHUSD,1,0.015,2026-05-03T11:41:00+00:00,2026-05-03T12:41:00+00:00,2026-05-03T12:41:00+00:00,2317.8,2318.2,2325.0,2324.6,34.772999999999996,0.8794576334140977,39.53914171511538,39.60015065901989,3.4772999999999996,3.4772999999999996,0.08794576334140977,10.0,stop_risk,2315.0,2315.0,0.08874599999999863,0.009884785428778846,0.09600000000000136,0.034821,-0.00017005609552756727,0.0,0.011999999999995906,0.0610089439044738,0.0015430012200075337,time_exit,False,False,False
308,PF_XBTUSD,-1,0.0004,2026-05-03T21:51:00+00:00,2026-05-03T21:55:00+00:00,2026-05-03T21:56:00+00:00,78689.0,78680.0,78780.0,78789.0,31.472,0.7947444511257559,39.60015065901989,39.52506300325212,3.1472,3.1472,0.07947444511257559,10.0,stop_risk,78780.0,78780.0,0.0750938,0.009900037664754974,-0.0436,0.0314938,6.144232216537077e-06,1.5360580541342692e-06,0.007200000000000001,-0.07508765576778346,-0.0018961457095032653,stop_intrabar,False,False,False
309,PF_ETHUSD,-1,0.007,2026-05-04T00:11:00+00:00,2026-05-04T01:11:00+00:00,2026-05-04T01:11:00+00:00,2317.5,2317.1,2314.2,2314.6,16.2197,0.41036493727196444,39.52506300325212,39.526334240403095,1.6219700000000001,1.6219700000000001,0.04103649372719645,9.999999999999998,stop_risk,2325.5,2325.5,0.07785050000000128,0.00988126575081303,0.0175,0.016210950000000002,-1.7812849050030025e-05,0.0,0.005600000000001273,0.0012712371509499716,3.216281150128399e-05,time_exit,False,False,False
310,PF_XBTUSD,1,0.0003,2026-05-04T01:36:00+00:00,2026-05-04T01:55:00+00:00,2026-05-04T01:56:00+00:00,78899.0,78910.0,79658.0,79649.0,23.673,0.5989171638335713,39.526334240403095,39.72425290433304,2.3672999999999997,2.3672999999999997,0.05989171638335712,10.0,stop_risk,78729.0,78729.0,0.0812442,0.009881583560100774,0.22169999999999998,0.02378385,2.513929892495e-06,1.32312099605e-07,0.005999999999999999,0.1979186639298925,0.005007260797981707,target_intrabar,False,False,True
311,PF_XBTUSD,1,0.0001,2026-05-04T02:01:00+00:00,2026-05-04T03:01:00+00:00,2026-05-04T03:01:00+00:00,79799.0,79808.0,80147.0,80138.0,7.9808,0.2009049740776741,39.72425290433304,39.74925499234395,0.7980800000000001,0.7980800000000001,0.020090497407767412,9.999999999999998,stop_risk,79426.0,79426.0,0.047061250000000006,0.00993106322608326,0.033,0.007997299999999999,-6.119890661723254e-07,0.0,0.0018000000000000002,0.02500208801093383,0.0006293910189109346,time_exit,False,False,False
312,PF_ETHUSD,-1,0.01,2026-05-04T06:11:00+00:00,2026-05-04T07:11:00+00:00,2026-05-04T07:11:00+00:00,2372.8,2372.3,2370.4,2370.9,23.723000000000003,0.5968162171736113,39.74925499234395,39.73967281807251,2.3723000000000005,2.3723000000000005,0.05968162171736114,9.999999999999998,stop_risk,2377.6,2377.6,0.08175199999999727,0.009937313748085989,0.01400000000000091,0.023716,0.00013382572861498786,0.0,0.01,-0.009582174271384105,-0.00024106550608884907,time_exit,False,False,False
313,PF_ETHUSD,1,0.012,2026-05-04T09:46:00+00:00,2026-05-04T10:02:00+00:00,2026-05-04T10:03:00+00:00,2368.3,2368.7,2364.4,2363.9,28.4244,0.7152650735230351,39.73967281807251,39.653645400203466,2.84244,2.84244,0.07152650735230352,10.0,stop_risk,2364.4,2364.4,0.08479619999999782,0.009934918204518129,-0.05759999999999673,0.0283956,-3.1817869036800005e-05,2.644892922e-07,0.010799999999995634,-0.08602741786903353,-0.00216477418580836,stop_intrabar,False,False,False
314,PF_XBTUSD,-1,0.0001,2026-05-04T10:11:00+00:00,2026-05-04T10:49:00+00:00,2026-05-04T10:50:00+00:00,78696.0,78687.0,79062.0,79071.0,7.8687000000000005,0.19843572818048213,39.653645400203466,39.60735288372344,0.7868700000000001,0.7868700000000001,0.019843572818048213,10.0,stop_risk,79062.0,79062.0,0.04628790000000001,0.009913411350050867,-0.038400000000000004,0.0078879,-4.6164800067922285e-06,1.1837128222544178e-07,0.0018000000000000002,-0.0462925164800068,-0.0011674214567866507,stop_intrabar,False,False,False
315,PF_XBTUSD,1,0.0001,2026-05-04T14:46:00+00:00,2026-05-04T15:46:00+00:00,2026-05-04T15:46:00+00:00,79653.0,79662.0,79783.0,79774.0,7.966200000000001,0.20112932119918808,39.60735288372344,39.61061433492955,0.7966200000000001,0.7966200000000001,0.020112932119918808,10.0,stop_risk,79197.0,79197.0,0.055342499999999996,0.009901838220930862,0.0112,0.007971800000000001,3.3251206193942384e-05,0.0,0.0018000000000000002,0.003261451206193941,8.234458929302057e-05,time_exit,False,False,False
316,PF_ETHUSD,1,0.006,2026-05-04T17:26:00+00:00,2026-05-04T18:26:00+00:00,2026-05-04T18:26:00+00:00,2368.6,2369.1,2361.1,2360.7,14.214599999999999,0.3588583575050801,39.61061433492955,39.546093464785585,1.42146,1.42146,0.03588583575050801,10.0,stop_risk,2357.8,2357.8,0.08497919999999835,0.009902653583732388,-0.05040000000000055,0.0141894,6.852985612480382e-05,0.0,0.005400000000000546,-0.06452087014387574,-0.0016288783001019945,time_exit,False,False,False
317,PF_ETHUSD,-1,0.012,2026-05-04T20:46:00+00:00,2026-05-04T21:02:00+00:00,2026-05-04T21:03:00+00:00,2349.9,2349.5,2353.7,2354.1,28.194,0.7129402054619066,39.546093464785585,39.46264406328819,2.8194,2.8194,0.07129402054619066,10.0,stop_risk,2353.7,2353.7,0.08342159999999892,0.009886523366196397,-0.05519999999999891,0.0282216,-2.7801497393014004e-05,1.6127606414498434e-06,0.009600000000002183,-0.08344940149739193,-0.0021101806572045023,stop_intrabar,False,False,False
318,PF_XBTUSD,-1,0.0003,2026-05-04T23:06:00+00:00,2026-05-05T00:06:00+00:00,2026-05-05T00:06:00+00:00,79935.0,79926.0,79977.0,79986.0,23.9778,0.6076075379426077,39.46264406328819,39.42037583860508,2.39778,2.39778,0.06076075379426077,10.0,stop_risk,80066.0,80066.0,0.06870014999999999,0.009865661015822048,-0.018,0.023986800000000003,-0.0002814246833047935,0.0,0.005399999999999999,-0.04226822468330479,-0.0010710945930413876,time_exit,False,False,False
319,PF_XBTUSD,1,0.0004,2026-05-05T01:01:00+00:00,2026-05-05T02:01:00+00:00,2026-05-05T02:01:00+00:00,80108.0,80117.0,80285.0,80276.0,32.046800000000005,0.8129501385579383,39.42037583860508,39.45224712752427,3.2046800000000006,3.2046800000000006,0.08129501385579384,10.0,stop_risk,79994.0,79994.0,0.0848204,0.00985509395965127,0.0636,0.0320786,0.0003498889191953367,0.0,0.007200000000000001,0.031871288919195336,0.0008084978451165149,time_exit,False,False,False
320,PF_XBTUSD,1,0.0003,2026-05-05T02:46:00+00:00,2026-05-05T02:47:00+00:00,2026-05-05T02:48:00+00:00,80778.0,80787.0,80612.0,80603.0,24.236099999999997,0.6143148176492951,39.45224712752427,39.37284349719458,2.42361,2.42361,0.06143148176492952,9.999999999999998,stop_risk,80612.0,80612.0,0.07940849999999999,0.009863061781881066,-0.05519999999999999,0.024208499999999997,4.8696703143840725e-06,4.8696703143840725e-06,0.005399999999999999,-0.07940363032968561,-0.002012651651324795,stop_intrabar,False,False,False
321,PF_ETHUSD,1,0.006,2026-05-05T03:41:00+00:00,2026-05-05T04:41:00+00:00,2026-05-05T04:41:00+00:00,2384.9,2385.4,2380.7,2380.3,14.3124,0.3635094326123486,39.37284349719458,39.32797746092899,1.43124,1.43124,0.03635094326123486,10.0,stop_risk,2374.4,2374.4,0.0832779,0.009843210874298645,-0.030599999999999454,0.014297100000000002,3.1063734490341707e-05,0.0,0.005399999999997817,-0.04486603626550911,-0.0011395172987367786,time_exit,False,False,False
322,PF_ETHUSD,-1,0.01,2026-05-05T06:26:00+00:00,2026-05-05T06:52:00+00:00,2026-05-05T06:53:00+00:00,2371.8,2371.3,2377.1,2377.5,23.713,0.6029549834734842,39.32797746092899,39.24221359700217,2.3713,2.3713,0.060295498347348424,10.0,stop_risk,2377.1,2377.1,0.08674449999999727,0.009831994365232249,-0.06199999999999818,0.023744,-1.986392684475001e-05,7.357009942500002e-07,0.00900000000000091,-0.08576386392684293,-0.002180734160866686,stop_intrabar,False,False,False
323,PF_ETHUSD,1,0.011,2026-05-05T07:41:00+00:00,2026-05-05T07:46:00+00:00,2026-05-05T07:47:00+00:00,2387.0,2387.4,2382.2,2381.8,26.2614,0.6692130130499617,39.24221359700217,39.154382339545876,2.62614,2.62614,0.06692130130499617,10.0,stop_risk,2382.2,2382.2,0.087830599999999,0.009810553399250544,-0.061599999999998996,0.0262306,-6.574562961400511e-07,1.0957604935667518e-07,0.008799999999996998,-0.08783125745629514,-0.0022381830535422404,stop_intrabar,False,False,False
324,PF_XBTUSD,-1,0.0004,2026-05-05T08:46:00+00:00,2026-05-05T09:46:00+00:00,2026-05-05T09:46:00+00:00,80762.0,80753.0,80600.0,80609.0,32.3012,0.8249702350016599,39.154382339545876,39.17958899316909,3.2301200000000003,3.2301200000000003,0.082497023500166,10.0,stop_risk,80847.0,80847.0,0.07352180000000001,0.00978859558488647,0.057600000000000005,0.03227240000000001,-0.00012094637679863234,0.0,0.007200000000000001,0.02520665362320137,0.0006437760505225154,time_exit,False,False,False
325,PF_XBTUSD,1,0.0004,2026-05-05T11:16:00+00:00,2026-05-05T11:17:00+00:00,2026-05-05T11:18:00+00:00,80905.0,80914.0,80827.0,80818.0,32.3656,0.8260831936149943,39.17958899316909,39.10884318969888,3.2365600000000003,3.2365600000000003,0.08260831936149944,10.0,stop_risk,80827.0,80827.0,0.0707464,0.009794897248292272,-0.038400000000000004,0.032346400000000004,5.965297949960568e-07,5.965297949960568e-07,0.007200000000000001,-0.07074580347020501,-0.0018056800821095761,stop_intrabar,False,False,False
326,PF_XBTUSD,1,0.0003,2026-05-05T11:41:00+00:00,2026-05-05T11:51:00+00:00,2026-05-05T11:52:00+00:00,81034.0,81043.0,80876.0,80867.0,24.3129,0.6216726964300474,39.10884318969888,39.03176116367236,2.43129,2.43129,0.062167269643004744,9.999999999999998,stop_risk,80876.0,80876.0,0.07708649999999999,0.009777210797424721,-0.05279999999999999,0.0242865,4.473973462470426e-06,4.473973462470426e-07,0.005399999999999999,-0.07708202602653753,-0.0019709615457723546,stop_intrabar,False,False,False
327,PF_XBTUSD,1,0.0004,2026-05-05T12:36:00+00:00,2026-05-05T13:36:00+00:00,2026-05-05T13:36:00+00:00,81208.0,81217.0,81449.0,81440.0,32.4868,0.8323170421076495,39.03176116367236,39.088558055518966,3.2486800000000002,3.2486800000000002,0.08323170421076495,10.0,stop_risk,81089.0,81089.0,0.08725940000000001,0.00975794029091809,0.0892,0.0325314,0.00012829184662119358,0.0,0.007200000000000001,0.05679689184662119,0.001455145505949734,time_exit,False,False,False
328,PF_XBTUSD,-1,0.0001,2026-05-05T14:21:00+00:00,2026-05-05T14:27:00+00:00,2026-05-05T14:28:00+00:00,80937.0,80927.0,81336.0,81345.0,8.0927,0.2070350097976403,39.088558055518966,39.038637174067304,0.8092700000000002,0.8092700000000002,0.020703500979764033,9.999999999999998,stop_risk,81336.0,81336.0,0.05001365000000001,0.009772139513879743,-0.041800000000000004,0.008113600000000002,-7.281451633809525e-06,1.0402073762585035e-06,0.0019,-0.04992088145163382,-0.0012771226142629588,stop_intrabar,False,False,False
329,PF_ETHUSD,-1,0.007,2026-05-05T16:41:00+00:00,2026-05-05T17:41:00+00:00,2026-05-05T17:41:00+00:00,2362.1,2361.5,2361.2,2361.7,16.5305,0.4234394742391501,39.038637174067304,39.020662408362504,1.6530500000000001,1.6530500000000001,0.042343947423915014,10.0,stop_risk,2370.8,2370.8,0.08586515000000064,0.009759659293516826,-0.0013999999999987267,0.016531200000000003,-4.35657046704011e-05,0.0,0.007699999999999364,-0.01797476570466913,-0.0004604352765831041,time_exit,False,False,False
330,PF_XBTUSD,-1,0.0003,2026-05-05T21:36:00+00:00,2026-05-05T21:52:00+00:00,2026-05-05T21:53:00+00:00,81316.0,81307.0,81460.0,81469.0,24.3921,0.6251072763637282,39.020662408362504,38.94757664446701,2.43921,2.43921,0.06251072763637282,10.0,stop_risk,81460.0,81460.0,0.0730164,0.009755165602090627,-0.0486,0.024416399999999998,-6.936389551573124e-05,4.08022914798419e-06,0.005399999999999999,-0.07308576389551573,-0.0018730016197739572,stop_intrabar,False,False,False
331,PF_XBTUSD,-1,0.0003,2026-05-05T22:41:00+00:00,2026-05-05T22:52:00+00:00,2026-05-05T22:53:00+00:00,81016.0,81007.0,81183.0,81194.0,24.3021,0.623969501924131,38.94757664446701,38.867097969605105,2.43021,2.43021,0.062396950192413106,9.999999999999998,stop_risk,81183.0,81183.0,0.07982985000000001,0.009736894161116755,-0.0561,0.02433015,-4.852486190591135e-05,4.0437384921592805e-06,0.005999999999999999,-0.08047867486190591,-0.0020663333073725116,stop_intrabar,False,False,False
332,PF_XBTUSD,1,0.0003,2026-05-06T01:26:00+00:00,2026-05-06T02:26:00+00:00,2026-05-06T02:26:00+00:00,81252.0,81261.0,81229.0,81220.0,24.3783,0.6272220277177459,38.867097969605105,38.83065939391658,2.43783,2.43783,0.0627222027717746,10.0,stop_risk,81064.0,81064.0,0.0861474,0.009716774492401277,-0.012299999999999998,0.024372149999999995,0.00023357431146100983,0.0,0.005399999999999999,-0.036438575688538984,-0.0009375172727594615,time_exit,False,False,False
333,PF_XBTUSD,-1,0.0004,2026-05-06T05:41:00+00:00,2026-05-06T05:47:00+00:00,2026-05-06T05:48:00+00:00,81075.0,81066.0,81193.0,81202.0,32.4264,0.8350720926742773,38.83065939391658,38.74377242310581,3.24264,3.24264,0.08350720926742773,10.0,stop_risk,81193.0,81193.0,0.08685360000000002,0.009707664848479146,-0.054400000000000004,0.0324536,-3.337081075905714e-05,4.767258679865306e-06,0.007200000000000001,-0.08688697081075906,-0.00223758679782737,stop_intrabar,False,False,False
334,PF_XBTUSD,1,0.0003,2026-05-06T06:46:00+00:00,2026-05-06T07:46:00+00:00,2026-05-06T07:46:00+00:00,81459.0,81468.0,81396.0,81387.0,24.440399999999997,0.6308213803523262,38.74377242310581,38.69521410336092,2.4440399999999998,2.4440399999999998,0.06308213803523262,10.0,stop_risk,81305.0,81305.0,0.0760146,0.009685943105776453,-0.0243,0.02442825,0.00016993025500171809,0.0,0.005399999999999999,-0.048558319744998274,-0.0012533193519389794,time_exit,False,False,False
335,PF_ETHUSD,1,0.008,2026-05-06T09:01:00+00:00,2026-05-06T09:22:00+00:00,2026-05-06T09:23:00+00:00,2392.6,2393.2,2386.4,2386.0,19.145599999999998,0.4947795339459586,38.69521410336092,38.61849688883016,1.9145599999999998,1.9145599999999998,0.049477953394595854,10.0,stop_risk,2386.4,2386.4,0.0783159999999971,0.00967380352584023,-0.05759999999999855,0.0191168,-4.145307996280703e-07,1.8842309074003204e-08,0.008,-0.07671721453079818,-0.0019826021462466805,stop_intrabar,False,False,False
336,PF_ETHUSD,1,0.004,2026-05-06T09:41:00+00:00,2026-05-06T10:41:00+00:00,2026-05-06T10:41:00+00:00,2412.5,2413.0,2412.5,2412.1,9.652000000000001,0.24993204753113274,38.61849688883016,38.605253067322465,0.9652000000000002,0.9652000000000002,0.024993204753113275,10.0,stop_risk,2397.5,2397.5,0.07322020000000036,0.009654624222207541,-0.0036000000000003638,0.009650200000000001,6.378492495369036e-06,0.0,0.0036000000000003638,-0.013243821507504996,-0.0003429398494102338,time_exit,False,False,False
337,PF_XBTUSD,1,0.0002,2026-05-06T11:26:00+00:00,2026-05-06T11:41:00+00:00,2026-05-06T11:42:00+00:00,82734.0,82743.0,82525.0,82514.0,16.5486,0.4286618707340534,38.605253067322465,38.54293816751553,1.6548600000000002,1.6548600000000002,0.042866187073405344,9.999999999999998,stop_risk,82525.0,82525.0,0.061925900000000006,0.009651313266830617,-0.0458,0.0165257,1.0800193098284705e-05,7.200128732189803e-07,0.004,-0.06231489980690171,-0.0016141559724587935,stop_intrabar,False,False,False
338,PF_XBTUSD,-1,0.0003,2026-05-06T13:11:00+00:00,2026-05-06T14:05:00+00:00,2026-05-06T14:06:00+00:00,82087.0,82075.0,81340.0,81350.0,24.6225,0.6388329787673569,38.54293816751553,38.735912560230446,2.46225,2.46225,0.06388329787673569,10.0,stop_risk,82244.0,82244.0,0.07894965,0.009635734541878882,0.21749999999999997,0.02451375,-1.1857285050521571e-05,6.65331403538312e-07,0.006599999999999999,0.19297439271494946,0.005006737988584137,target_intrabar,False,False,True
339,PF_ETHUSD,-1,0.004,2026-05-06T14:11:00+00:00,2026-05-06T14:45:00+00:00,2026-05-06T14:46:00+00:00,2356.7,2356.3,2372.1,2372.6,9.4252,0.243319425748516,38.735912560230446,38.6612689031283,0.94252,0.94252,0.0243319425748516,10.0,stop_risk,2372.1,2372.1,0.07425759999999927,0.009683978140057612,-0.06519999999999891,0.009457799999999999,1.414289791915423e-05,4.1596758585747756e-07,0.003599999999998545,-0.07464365710207976,-0.0019269884757720987,stop_intrabar,False,False,False
340,PF_XBTUSD,1,0.0003,2026-05-07T00:01:00+00:00,2026-05-07T00:21:00+00:00,2026-05-07T00:22:00+00:00,81441.0,81450.0,81272.0,81263.0,24.435,0.6320278845794124,38.6612689031283,38.580793275796424,2.4435000000000002,2.4435000000000002,0.06320278845794125,9.999999999999998,stop_risk,81272.0,81272.0,0.08050695,0.009665317225782077,-0.0561,0.024406949999999997,3.132266810666939e-05,1.5661334053334691e-06,0.005399999999999999,-0.08047562733189334,-0.002081556803878768,stop_intrabar,False,False,False
341,PF_ETHUSD,-1,0.007,2026-05-07T01:06:00+00:00,2026-05-07T01:10:00+00:00,2026-05-07T01:11:00+00:00,2319.3,2318.9,2328.3,2328.9,16.232300000000002,0.42073525766986497,38.580793275796424,38.494527842618034,1.6232300000000004,1.6232300000000004,0.0420735257669865,9.999999999999998,stop_risk,2328.3,2328.3,0.0848665999999981,0.009645198318949107,-0.07,0.016267300000000002,1.8668215975239531e-06,4.667053993809883e-07,0.007,-0.08626543317840248,-0.002235968362851702,stop_intrabar,False,False,False
342,PF_XBTUSD,-1,0.0003,2026-05-07T04:06:00+00:00,2026-05-07T04:19:00+00:00,2026-05-07T04:20:00+00:00,80781.0,80772.0,80935.0,80944.0,24.231599999999997,0.6294816785146465,38.494527842618034,38.41867426147886,2.4231599999999998,2.4231599999999998,0.06294816785146466,10.0,stop_risk,80935.0,80935.0,0.07585739999999999,0.00962363196065451,-0.05159999999999999,0.0242574,3.818860794989915e-06,2.93758522691532e-07,0.005399999999999999,-0.075853581139205,-0.001970502962117801,stop_intrabar,False,False,False
343,PF_XBTUSD,1,0.0004,2026-05-07T05:21:00+00:00,2026-05-07T05:52:00+00:00,2026-05-07T05:53:00+00:00,81100.0,81109.0,81015.0,81006.0,32.4436,0.844474741090432,38.41867426147886,38.34502535688947,3.2443600000000004,3.2443600000000004,0.08444747410904319,10.0,stop_risk,81015.0,81015.0,0.07362300000000001,0.009604668565369717,-0.0412,0.032423,-2.5904589382028606e-05,8.095184181883935e-07,0.007200000000000001,-0.07364890458938202,-0.0019170079656607867,stop_intrabar,False,False,False
344,PF_XBTUSD,1,0.0002,2026-05-07T06:41:00+00:00,2026-05-07T07:41:00+00:00,2026-05-07T07:41:00+00:00,81328.0,81337.0,81593.0,81584.0,16.267400000000002,0.42423756011618413,38.34502535688947,38.378156919539194,1.6267400000000003,1.6267400000000003,0.042423756011618415,10.0,stop_risk,81139.0,81139.0,0.0576467,0.009586256339222369,0.0494,0.0162921,2.3662649731260132e-05,0.0,0.0036000000000000003,0.03313156264973126,0.0008640380946776057,time_exit,False,False,False
345,PF_XBTUSD,-1,0.0003,2026-05-07T08:51:00+00:00,2026-05-07T09:51:00+00:00,2026-05-07T09:51:00+00:00,81258.0,81249.0,80909.0,80918.0,24.374699999999997,0.635119087430441,38.378156919539194,38.45306916642716,2.43747,2.43747,0.0635119087430441,10.0,stop_risk,81389.0,81389.0,0.06909705,0.0095945392298848,0.09929999999999999,0.02432505,-6.270311210132783e-05,0.0,0.005399999999999999,0.07491224688789866,0.0019519500909059844,time_exit,False,False,False
346,PF_ETHUSD,-1,0.011,2026-05-07T10:21:00+00:00,2026-05-07T11:05:00+00:00,2026-05-07T11:06:00+00:00,2326.0,2325.6,2330.7,2331.2,25.581599999999998,0.6652680931470337,38.45306916642716,38.36598572984137,2.55816,2.55816,0.06652680931470338,10.0,stop_risk,2330.7,2330.7,0.08611185,0.00961326729160679,-0.061599999999998996,0.0256124,0.00012896341416777013,3.786587227713699e-06,0.009900000000001,-0.08708343658583123,-0.0022646680349214508,stop_intrabar,False,False,False
347,PF_ETHUSD,1,0.01,2026-05-07T12:11:00+00:00,2026-05-07T13:06:00+00:00,2026-05-07T13:07:00+00:00,2333.9,2334.3,2328.6,2328.2,23.343000000000004,0.6084295647809626,38.36598572984137,38.281495894947255,2.3343000000000003,2.3343000000000003,0.060842956478096254,10.0,stop_risk,2328.6,2328.6,0.08431250000000365,0.009591496432460343,-0.06100000000000364,0.0233125,-0.0001773348941769951,1.409522652222136e-06,0.00800000000000182,-0.08448983489418063,-0.002202206806026719,stop_intrabar,False,False,False
348,PF_ETHUSD,-1,0.008,2026-05-07T13:41:00+00:00,2026-05-07T14:38:00+00:00,2026-05-07T14:39:00+00:00,2316.8,2316.4,2289.7,2290.1,18.531200000000002,0.4840772171195619,38.281495894947255,38.47349560572387,1.8531200000000003,1.8531200000000003,0.048407721711956196,10.0,stop_risk,2323.6,2323.6,0.07936159999999927,0.009570373973736813,0.21040000000000145,0.018425999999999998,2.5710776721196024e-05,1.1279032651104254e-07,0.006400000000001456,0.19199971077672262,0.005015470432597815,target_intrabar,False,False,True
349,PF_XBTUSD,-1,0.0002,2026-05-07T14:41:00+00:00,2026-05-07T15:41:00+00:00,2026-05-07T15:41:00+00:00,80135.0,80126.0,79922.0,79931.0,16.0252,0.41652570809333644,38.47349560572387,38.49645529031548,1.6025200000000002,1.6025200000000002,0.04165257080933364,10.0,stop_risk,80439.0,80439.0,0.08045740000000001,0.009618373901430968,0.039,0.0160057,-3.461540844804774e-05,0.0,0.0036000000000000003,0.02295968459155195,0.0005967662732506204,time_exit,False,False,False
350,PF_XBTUSD,1,0.0002,2026-05-07T18:06:00+00:00,2026-05-07T19:06:00+00:00,2026-05-07T19:06:00+00:00,80168.0,80177.0,80074.0,80064.0,16.0354,0.4165422473074816,38.49645529031548,38.45778964689167,1.60354,1.60354,0.04165422473074816,10.0,stop_risk,79914.0,79914.0,0.0704082,0.009624113822578871,-0.022600000000000002,0.0160241,-4.1543423708633905e-05,0.0,0.0038,-0.03866564342370864,-0.0010043949016115186,time_exit,False,False,False
351,PF_XBTUSD,-1,0.0003,2026-05-07T21:06:00+00:00,2026-05-07T22:06:00+00:00,2026-05-07T22:06:00+00:00,79822.0,79813.0,79611.0,79626.0,23.9439,0.6226020845151524,38.45778964689167,38.489969027375004,2.39439,2.39439,0.06226020845151524,10.0,stop_risk,79980.0,79980.0,0.0767703,0.009614447411722918,0.0561,0.023915850000000002,-4.769516620772416e-06,0.0,0.0072,0.03217938048337922,0.0008367454494613707,time_exit,False,False,False
352,PF_XBTUSD,1,0.0004,2026-05-07T23:51:00+00:00,2026-05-08T00:38:00+00:00,2026-05-08T00:39:00+00:00,80059.0,80068.0,79942.0,79933.0,32.0272,0.8320921219037998,38.489969027375004,38.40388624422421,3.2027200000000002,3.2027200000000002,0.08320921219037998,10.0,stop_risk,79942.0,79942.0,0.0860002,0.009622492256843751,-0.054,0.0320002,-8.258315078211975e-05,1.8377727208506224e-06,0.007200000000000001,-0.08608278315078212,-0.00223649915357318,stop_intrabar,False,False,False
353,PF_ETHUSD,-1,0.014,2026-05-08T00:56:00+00:00,2026-05-08T01:00:00+00:00,2026-05-08T01:01:00+00:00,2285.2,2284.8,2288.2,2288.7,31.987200000000005,0.8329157053685095,38.40388624422421,38.317288849036444,3.1987200000000007,3.1987200000000007,0.08329157053685095,10.0,stop_risk,2288.2,2288.2,0.08521379999999618,0.009600971561056054,-0.05459999999999491,0.0320145,1.7104812234223176e-05,4.115567542952256e-06,0.012599999999994907,-0.08659739518776068,-0.002254912292913704,stop_intrabar,False,False,False
354,PF_ETHUSD,-1,0.009,2026-05-08T02:11:00+00:00,2026-05-08T02:33:00+00:00,2026-05-08T02:34:00+00:00,2276.2,2275.8,2282.3,2282.8,20.4822,0.534541994364381,38.317288849036444,38.23382698296518,2.04822,2.04822,0.05345419943643811,9.999999999999998,stop_risk,2282.3,2282.3,0.08261324999999672,0.009579322212259113,-0.063,0.020513700000000003,5.183392874715168e-05,2.356087670325076e-06,0.008099999999996724,-0.08346186607125286,-0.0021781777515647916,stop_intrabar,False,False,False
355,PF_XBTUSD,1,0.0004,2026-05-08T04:21:00+00:00,2026-05-08T04:35:00+00:00,2026-05-08T04:36:00+00:00,79703.0,79712.0,79618.0,79609.0,31.884800000000002,0.83394215321961,38.23382698296518,38.16074475726851,3.18848,3.18848,0.083394215321961,10.0,stop_risk,79618.0,79618.0,0.07306420000000001,0.009558456745741295,-0.0412,0.0318642,-1.8025696627001772e-05,1.2017131084667848e-06,0.007200000000000001,-0.07308222569662699,-0.001911454632286438,stop_intrabar,False,False,False
356,PF_ETHUSD,-1,0.009,2026-05-08T06:06:00+00:00,2026-05-08T07:06:00+00:00,2026-05-08T07:06:00+00:00,2272.6,2272.1,2270.0,2270.5,20.4489,0.5358621832480112,38.16074475726851,38.15473300487318,2.04489,2.04489,0.05358621832480112,9.999999999999998,stop_risk,2278.6,2278.6,0.0834804,0.009540186189317129,0.01439999999999918,0.0204417,2.994760474469613e-05,0.0,0.009,-0.006011752395256123,-0.00015753760660321126,time_exit,False,False,False
357,PF_XBTUSD,-1,0.0004,2026-05-08T07:16:00+00:00,2026-05-08T07:31:00+00:00,2026-05-08T07:32:00+00:00,79326.0,79317.0,79427.0,79436.0,31.7268,0.8315298654022243,38.15473300487318,38.075414052578544,3.17268,3.17268,0.08315298654022243,10.0,stop_risk,79427.0,79427.0,0.07935060000000001,0.009538683251218295,-0.0476,0.031750600000000004,3.1647705329057317e-05,2.109847021937155e-06,0.007200000000000001,-0.07931895229467095,-0.002078875831329765,stop_intrabar,False,False,False
358,PF_ETHUSD,1,0.011,2026-05-08T07:51:00+00:00,2026-05-08T08:51:00+00:00,2026-05-08T08:51:00+00:00,2280.5,2281.0,2286.8,2286.3,25.090999999999998,0.658981671620214,38.075414052578544,38.108457066495795,2.5091,2.5091,0.06589816716202142,9.999999999999998,stop_risk,2276.3,2276.3,0.08226239999999799,0.009518853513144637,0.058300000000001996,0.02512015,-0.00013683608270236,0.0,0.011,0.033043013917299635,0.0008678307180499825,time_exit,False,False,False
359,PF_XBTUSD,1,0.0004,2026-05-08T08:56:00+00:00,2026-05-08T09:01:00+00:00,2026-05-08T09:02:00+00:00,79937.0,79946.0,79838.0,79829.0,31.9784,0.8391418194706912,38.108457066495795,38.029680193900084,3.1978400000000002,3.1978400000000002,0.08391418194706912,10.0,stop_risk,79838.0,79838.0,0.078755,0.009527114266623948,-0.0468,0.031955000000000004,-2.1872595700222176e-05,2.9168253643557334e-06,0.007200000000000001,-0.07877687259570022,-0.002067175599847607,stop_intrabar,False,False,False
360,PF_XBTUSD,1,0.0002,2026-05-08T11:01:00+00:00,2026-05-08T12:01:00+00:00,2026-05-08T12:01:00+00:00,80264.0,80273.0,80245.0,80236.0,16.0546,0.4221597425522169,38.029680193900084,38.006153760694005,1.60546,1.60546,0.04221597425522169,10.0,stop_risk,80051.0,80051.0,0.06223150000000001,0.009507420048475022,-0.0074,0.0160509,-7.553320601416245e-05,0.0,0.0036000000000000003,-0.023526433206014167,-0.0006186334748559831,time_exit,False,False,False
361,PF_XBTUSD,-1,0.0004,2026-05-08T13:16:00+00:00,2026-05-08T14:05:00+00:00,2026-05-08T14:06:00+00:00,79768.0,79759.0,79877.0,79886.0,31.9036,0.8394324824574785,38.006153760694005,37.923381603039935,3.19036,3.19036,0.08394324824574785,10.0,stop_risk,79877.0,79877.0,0.082729,0.009501538440173502,-0.050800000000000005,0.031929,-4.315765409310659e-05,9.634858803409007e-07,0.007200000000000001,-0.0827721576540931,-0.002177861989804823,stop_intrabar,False,False,False
362,PF_ETHUSD,1,0.007,2026-05-08T17:36:00+00:00,2026-05-08T17:58:00+00:00,2026-05-08T17:59:00+00:00,2314.6,2315.0,2306.0,2305.5,16.205000000000002,0.427308940157937,37.923381603039935,37.84066998001405,1.6205000000000003,1.6205000000000003,0.042730894015793705,10.0,stop_risk,2306.0,2306.0,0.08197210000000063,0.009480845400759984,-0.0665,0.01617175,-3.987302588043519e-05,1.7336098208884853e-06,0.006300000000000637,-0.08271162302588043,-0.002181019189998876,stop_intrabar,False,False,False
363,PF_ETHUSD,1,0.006,2026-05-08T18:26:00+00:00,2026-05-08T19:26:00+00:00,2026-05-08T19:26:00+00:00,2320.4,2320.8,2316.2,2315.8,13.924800000000001,0.3679850279435996,37.84066998001405,37.79666494641907,1.3924800000000002,1.3924800000000002,0.036798502794359964,10.0,stop_risk,2309.7,2309.7,0.0828903,0.009460167495003514,-0.03,0.013909800000000002,-9.523359509105364e-05,0.0,0.004799999999998363,-0.04400503359509105,-0.001162903130899447,time_exit,False,False,False
364,PF_ETHUSD,-1,0.015,2026-05-08T23:41:00+00:00,2026-05-08T23:51:00+00:00,2026-05-08T23:52:00+00:00,2305.1,2304.7,2307.5,2308.0,34.570499999999996,0.9146441901423705,37.79666494641907,37.71262778556898,3.4570499999999997,3.4570499999999997,0.09146441901423706,10.0,stop_risk,2307.5,2307.5,0.0825945000000041,0.009449166236604769,-0.04950000000000273,0.034595249999999994,5.8089149929687506e-05,5.8089149929687505e-06,0.013500000000001363,-0.08403716085007304,-0.002223401481829282,stop_intrabar,False,False,False
365,PF_XBTUSD,1,0.0004,2026-05-09T01:16:00+00:00,2026-05-09T01:22:00+00:00,2026-05-09T01:23:00+00:00,80334.0,80343.0,80262.0,80253.0,32.1372,0.8521601884315666,37.71262778556898,37.64450310288199,3.2137200000000004,3.2137200000000004,0.08521601884315667,9.999999999999998,stop_risk,80262.0,80262.0,0.0681192,0.009428156946392248,-0.036000000000000004,0.0321192,-5.482686990513752e-06,7.832409986448217e-07,0.007200000000000001,-0.06812468268699051,-0.0018064156938185816,stop_intrabar,False,False,False
366,PF_ETHUSD,1,0.011,2026-05-09T01:41:00+00:00,2026-05-09T02:41:00+00:00,2026-05-09T02:41:00+00:00,2315.7,2316.1,2318.8,2318.4,25.477099999999997,0.6767814129561327,37.64450310288199,37.644081228159315,2.54771,2.54771,0.06767814129561328,9.999999999999998,stop_risk,2311.6,2311.6,0.07935015000000098,0.0094111257757205,0.025300000000001998,0.02548975,-0.0002321247226595956,0.0,0.008800000000002,-0.0004218747226575944,-1.1206808109662536e-05,time_exit,False,False,False
367,PF_XBTUSD,-1,0.0004,2026-05-09T06:26:00+00:00,2026-05-09T07:26:00+00:00,2026-05-09T07:26:00+00:00,80309.0,80300.0,80273.0,80282.0,32.120000000000005,0.8532549859650427,37.644081228159315,37.61923058302112,3.2120000000000006,3.2120000000000006,0.08532549859650428,10.0,stop_risk,80382.0,80382.0,0.06853820000000001,0.00941102030703983,0.007200000000000001,0.0321164,6.575486164858628e-05,0.0,0.007200000000000001,-0.024850645138351415,-0.0006601474741203702,time_exit,False,False,False
368,PF_XBTUSD,1,0.0007,2026-05-09T12:31:00+00:00,2026-05-09T12:31:00+00:00,2026-05-09T12:32:00+00:00,80369.0,80378.0,80348.0,80339.0,56.2646,1.4956339916583565,37.61923058302112,37.53567963302112,5.626460000000001,5.626460000000001,0.14956339916583566,9.999999999999998,stop_risk,80348.0,80348.0,0.08355095,0.009404807645755282,-0.0273,0.05625095,0.0,2.2926439241035303e-06,0.0126,-0.08355095,-0.002220963818375102,stop_intrabar,False,False,False
369,PF_ETHUSD,-1,0.014,2026-05-09T14:31:00+00:00,2026-05-09T14:48:00+00:00,2026-05-09T14:49:00+00:00,2308.6,2308.2,2311.2,2311.6,32.3148,0.8609088823203783,37.53567963302112,37.45583121985901,3.23148,3.23148,0.08609088823203784,10.0,stop_risk,2311.2,2311.2,0.07993860000000128,0.009383919908255281,-0.04760000000000127,0.032338599999999995,9.018683787035522e-05,5.305108110020893e-06,0.011200000000002546,-0.07984841316213093,-0.0021272670148187803,stop_intrabar,False,False,False
370,PF_ETHUSD,-1,0.013,2026-05-09T15:16:00+00:00,2026-05-09T15:23:00+00:00,2026-05-09T15:24:00+00:00,2305.4,2305.0,2308.7,2309.1,29.965,0.8000089445114922,37.45583121985901,37.37256731101596,2.9965,2.9965,0.08000089445114922,10.0,stop_risk,2308.7,2308.7,0.08329164999999882,0.009363957804964752,-0.053299999999998814,0.02999165,2.7741156946743207e-05,3.963022420963315e-06,0.010400000000002364,-0.08326390884305207,-0.0022229892150652823,stop_intrabar,False,False,False
371,PF_XBTUSD,1,0.0004,2026-05-09T15:41:00+00:00,2026-05-09T16:41:00+00:00,2026-05-09T16:41:00+00:00,80517.0,80526.0,80606.0,80597.0,32.2104,0.861872820562307,37.37256731101596,37.368696901875445,3.2210400000000003,3.2210400000000003,0.0861872820562307,9.999999999999998,stop_risk,80428.0,80428.0,0.074989,0.009343141827753991,0.0284,0.032224600000000006,-4.580914047395607e-05,0.0,0.007200000000000001,-0.003870409140473957,-0.00010356283817122493,time_exit,False,False,False
372,PF_XBTUSD,1,0.0004,2026-05-09T17:41:00+00:00,2026-05-09T17:49:00+00:00,2026-05-09T17:50:00+00:00,80881.0,80890.0,80796.0,80787.0,32.356,0.8658583970685938,37.368696901875445,37.29515773461752,3.2356000000000003,3.2356000000000003,0.08658583970685939,10.0,stop_risk,80796.0,80796.0,0.07353540000000001,0.009342174225468862,-0.0412,0.0323354,-3.7672579450049993e-06,4.1858421611166666e-07,0.007200000000000001,-0.073539167257945,-0.001967935019276903,stop_intrabar,False,False,False
373,PF_ETHUSD,-1,0.016,2026-05-09T23:31:00+00:00,2026-05-10T00:20:00+00:00,2026-05-10T00:21:00+00:00,2326.3,2325.9,2328.4,2328.8,37.214400000000005,0.9978346321741776,37.29515773461752,37.21165760634291,3.7214400000000007,3.7214400000000007,0.09978346321741777,10.0,stop_risk,2328.4,2328.4,0.08363760000000148,0.00932378943365438,-0.046400000000001454,0.03723760000000001,0.00013747172543002428,3.1321856117224287e-06,0.012800000000002911,-0.08350012827457144,-0.0022388999898790155,stop_intrabar,False,False,False
374,PF_ETHUSD,-1,0.013,2026-05-10T01:31:00+00:00,2026-05-10T01:52:00+00:00,2026-05-10T01:53:00+00:00,2320.6,2320.1,2323.3,2323.7,30.161299999999997,0.8105336322039804,37.21165760634291,37.13473155202576,3.01613,3.01613,0.08105336322039805,10.0,stop_risk,2323.3,2323.3,0.07828535000000353,0.009302914401585729,-0.046799999999998815,0.030184699999999995,5.8645682829001145e-05,2.7926515632857674e-06,0.01169999999999527,-0.07692605431716981,-0.0020672568561970585,stop_intrabar,False,False,False
375,PF_XBTUSD,1,0.0004,2026-05-10T08:31:00+00:00,2026-05-10T08:41:00+00:00,2026-05-10T08:42:00+00:00,80899.0,80909.0,80796.0,80787.0,32.3636,0.8715183508101733,37.13473155202576,37.05358466883064,3.23636,3.23636,0.08715183508101733,10.0,stop_risk,80796.0,80796.0,0.081539,0.00928368288800644,-0.0488,0.0323392,-7.683195149886967e-06,6.984722863533605e-07,0.0076,-0.0811468831951499,-0.0021852018259903966,stop_intrabar,False,False,False
376,PF_XBTUSD,1,0.0004,2026-05-10T11:01:00+00:00,2026-05-10T11:22:00+00:00,2026-05-10T11:23:00+00:00,80874.0,80883.0,80791.0,80781.0,32.3532,0.8731462904104772,37.05358466883064,36.98042383778118,3.23532,3.23532,0.08731462904104773,10.0,stop_risk,80791.0,80791.0,0.07273299999999999,0.00926339616720766,-0.0408,0.0323328,-2.8031049377444875e-05,1.2741386080656754e-06,0.0076,-0.07316083104937744,-0.001974460277008505,stop_intrabar,False,False,False
377,PF_ETHUSD,1,0.012,2026-05-10T13:21:00+00:00,2026-05-10T14:21:00+00:00,2026-05-10T14:21:00+00:00,2330.9,2331.3,2327.6,2327.2,27.975600000000004,0.756497549155146,36.98042383778118,36.90301450419638,2.7975600000000007,2.7975600000000007,0.07564975491551461,9.999999999999998,stop_risk,2327.5,2327.5,0.07835040000000328,0.009245105959445296,-0.049200000000004365,0.027951,-0.0002583335846517341,0.0,0.009600000000002183,-0.0774093335846561,-0.002093251659965308,time_exit,False,False,False
378,PF_ETHUSD,1,0.008,2026-05-10T15:46:00+00:00,2026-05-10T16:46:00+00:00,2026-05-10T16:46:00+00:00,2342.3,2342.8,2346.2,2345.7,18.742400000000004,0.5078826283383634,36.90301450419638,36.907272426454554,1.8742400000000004,1.8742400000000004,0.05078826283383634,10.0,stop_risk,2336.2,2336.2,0.07551400000000291,0.009225753626049096,0.02319999999999709,0.018754,-0.0001880777416928017,0.0,0.008,0.004257922258304288,0.00011538142115246719,time_exit,False,False,False
379,PF_ETHUSD,1,0.012,2026-05-10T20:11:00+00:00,2026-05-10T20:12:00+00:00,2026-05-10T20:13:00+00:00,2368.0,2368.4,2364.6,2364.2,28.420800000000003,0.7700596151242112,36.907272426454554,36.8284721702958,2.8420800000000006,2.8420800000000006,0.07700596151242112,9.999999999999998,stop_risk,2364.6,2364.6,0.07879560000000328,0.00922681810661364,-0.050400000000003276,0.0283956,-4.656158752777357e-06,2.3280793763886784e-06,0.009600000000002183,-0.07880025615875605,-0.0021350875038458074,stop_intrabar,False,False,False
380,PF_XBTUSD,-1,0.0003,2026-05-10T20:51:00+00:00,2026-05-10T20:51:00+00:00,2026-05-10T20:52:00+00:00,80453.0,80443.0,80572.0,80582.0,24.1329,0.6552783370542458,36.8284721702958,36.762618420295794,2.41329,2.41329,0.06552783370542457,10.0,stop_risk,80572.0,80572.0,0.06585374999999999,0.00920711804257395,-0.041699999999999994,0.024153749999999998,0.0,1.0674720361685397e-07,0.005999999999999999,-0.06585374999999999,-0.001788120606673298,stop_intrabar,False,False,False
381,PF_XBTUSD,1,0.0002,2026-05-10T22:21:00+00:00,2026-05-10T22:33:00+00:00,2026-05-10T22:34:00+00:00,81301.0,81310.0,82320.0,82311.0,16.262,0.44235151626256647,36.762618420295794,36.946483644319756,1.6262,1.6262,0.044235151626256644,10.0,stop_risk,81020.0,81020.0,0.0760321,0.009190654605073949,0.20020000000000002,0.0163621,2.7324023931575005e-05,2.277001994297917e-06,0.0036000000000000003,0.1838652240239316,0.005001418068807195,target_intrabar,False,False,True
382,PF_XBTUSD,1,0.0001,2026-05-10T22:36:00+00:00,2026-05-10T23:36:00+00:00,2026-05-10T23:36:00+00:00,81950.0,81959.0,82244.0,82235.0,8.1959,0.22183166546784644,36.946483644319756,36.96594084441887,0.81959,0.81959,0.022183166546784646,10.0,stop_risk,81583.0,81583.0,0.04667665,0.00923662091107994,0.027600000000000003,0.0082097,6.690009913914459e-05,0.0,0.0018000000000000002,0.019457200099139146,0.000526631987131759,time_exit,False,False,False
383,PF_XBTUSD,-1,0.0002,2026-05-11T03:11:00+00:00,2026-05-11T04:11:00+00:00,2026-05-11T04:11:00+00:00,80974.0,80965.0,80646.0,80655.0,16.193,0.43805188316868787,36.96594084441887,37.01175801541839,1.6193000000000002,1.6193000000000002,0.04380518831686879,10.0,stop_risk,81185.0,81185.0,0.0620159,0.009241485211104716,0.062,0.016162000000000003,-2.0829000457492256e-05,0.0,0.0036000000000000003,0.04581717099954251,0.001239442848009102,time_exit,False,False,False
384,PF_XBTUSD,1,0.0004,2026-05-11T05:31:00+00:00,2026-05-11T05:39:00+00:00,2026-05-11T05:40:00+00:00,80935.0,80944.0,80847.0,80838.0,32.3776,0.8747922751065247,37.01175801541839,36.93698611466743,3.23776,3.23776,0.08747922751065247,10.0,stop_risk,80847.0,80847.0,0.07475640000000001,0.009252939503854597,-0.0424,0.0323564,-1.5500750970000002e-05,1.7223056633333336e-06,0.007200000000000001,-0.07477190075097,-0.0020202201884012496,stop_intrabar,False,False,False
385,PF_ETHUSD,1,0.01,2026-05-11T09:16:00+00:00,2026-05-11T10:16:00+00:00,2026-05-11T10:16:00+00:00,2336.0,2336.4,2337.2,2336.8,23.364,0.6325367188180606,36.93698611466743,36.917281022135924,2.3364000000000003,2.3364000000000003,0.06325367188180607,10.0,stop_risk,2331.5,2331.5,0.07633750000000182,0.009234246528666857,0.00400000000000091,0.023366000000000005,-0.00033909253131688793,0.0,0.007999999999997271,-0.01970509253131598,-0.0005334786241125186,time_exit,False,False,False
386,PF_ETHUSD,-1,0.008,2026-05-11T13:36:00+00:00,2026-05-11T13:42:00+00:00,2026-05-11T13:43:00+00:00,2319.7,2319.2,2325.9,2326.3,18.5536,0.5025722232597547,36.917281022135924,36.84191585444218,1.8553600000000001,1.8553600000000001,0.05025722232597547,9.999999999999998,stop_risk,2325.9,2325.9,0.07618240000000219,0.00922932025553398,-0.05680000000000291,0.018582,1.683230625038806e-05,2.8053843750646765e-06,0.0072000000000007275,-0.07536516769375251,-0.002041460411143575,stop_intrabar,False,False,False
387,PF_XBTUSD,-1,0.0002,2026-05-11T14:36:00+00:00,2026-05-11T14:39:00+00:00,2026-05-11T14:40:00+00:00,80647.0,80638.0,80872.0,80881.0,16.1276,0.43775139337807895,36.84191585444218,36.77716654642734,1.6127600000000002,1.6127600000000002,0.0437751393378079,10.0,stop_risk,80872.0,80872.0,0.0647519,0.009210478963610545,-0.048600000000000004,0.016151900000000004,2.5919851705580144e-06,8.639950568526715e-07,0.0036000000000000003,-0.06474930801482945,-0.0017574902529674597,stop_intrabar,False,False,False
388,PF_XBTUSD,1,0.0002,2026-05-11T16:16:00+00:00,2026-05-11T16:43:00+00:00,2026-05-11T16:44:00+00:00,81724.0,81733.0,81533.0,81524.0,16.346600000000002,0.44447687342536635,36.77716654642734,36.71900699419663,1.6346600000000002,1.6346600000000002,0.04444768734253664,10.0,stop_risk,81533.0,81533.0,0.05812570000000001,0.009194291636606835,-0.041800000000000004,0.016325700000000002,-3.385223069848665e-05,1.2090082392316666e-06,0.0036000000000000003,-0.05815955223069849,-0.0015814038353737262,stop_intrabar,False,False,False
389,PF_XBTUSD,-1,0.0003,2026-05-11T21:16:00+00:00,2026-05-11T21:55:00+00:00,2026-05-11T21:56:00+00:00,81712.0,81703.0,81849.0,81858.0,24.5109,0.6675262216070794,36.71900699419663,36.64794965647403,2.45109,2.45109,0.06675262216070794,9.999999999999998,stop_risk,81849.0,81849.0,0.07103415,0.009179751748549158,-0.04649999999999999,0.024534149999999998,-2.3187722615113766e-05,5.796930653778446e-07,0.005399999999999999,-0.0710573377226151,-0.0019351650150518933,stop_intrabar,False,False,False
390,PF_XBTUSD,-1,0.0003,2026-05-12T01:11:00+00:00,2026-05-12T02:11:00+00:00,2026-05-12T02:11:00+00:00,81390.0,81381.0,81296.0,81305.0,24.414299999999997,0.6661846086575568,36.64794965647403,36.64632316460397,2.44143,2.44143,0.0666184608657557,9.999999999999998,stop_risk,81557.0,81557.0,0.07994204999999999,0.009161987414118508,0.022799999999999997,0.024402899999999998,-2.3591869966315544e-05,0.0,0.005399999999999999,-0.0016264918699663146,-4.438152434754251e-05,time_exit,False,False,False
391,PF_XBTUSD,-1,0.0004,2026-05-12T06:41:00+00:00,2026-05-12T07:41:00+00:00,2026-05-12T07:41:00+00:00,81129.0,81120.0,80960.0,80969.0,32.448,0.8854367150083134,36.64632316460397,36.674445234394085,3.2448,3.2448,0.08854367150083134,10.0,stop_risk,81200.0,81200.0,0.06806580000000001,0.009161580791150993,0.0604,0.0324178,0.0001398697900968472,0.0,0.007200000000000001,0.028122069790096852,0.0007673913059103145,time_exit,False,False,False
392,PF_ETHUSD,-1,0.007,2026-05-12T08:11:00+00:00,2026-05-12T09:11:00+00:00,2026-05-12T09:11:00+00:00,2288.6,2288.2,2285.7,2286.1,16.0174,0.43674552941781203,36.674445234394085,36.67336041270536,1.60174,1.60174,0.04367455294178121,10.0,stop_risk,2297.0,2297.0,0.08044960000000191,0.009168611308598522,0.014699999999999363,0.016010049999999998,0.0002252283113783317,0.0,0.005600000000001273,-0.0010848216886223051,-2.957977091920496e-05,time_exit,False,False,False
393,PF_XBTUSD,1,0.0004,2026-05-12T12:21:00+00:00,2026-05-12T12:30:00+00:00,2026-05-12T12:31:00+00:00,80793.0,80802.0,80707.0,80698.0,32.3208,0.8813154735829054,36.67336041270536,36.59944524141877,3.23208,3.23208,0.08813154735829054,10.0,stop_risk,80707.0,80707.0,0.07390000000000001,0.00916834010317634,-0.041600000000000005,0.032299999999999995,-1.5171286614831541e-05,1.517128661483154e-06,0.007200000000000001,-0.07391517128661484,-0.0020155003647008905,stop_intrabar,False,False,False
394,PF_XBTUSD,-1,0.0002,2026-05-12T16:56:00+00:00,2026-05-12T17:12:00+00:00,2026-05-12T17:13:00+00:00,79958.0,79948.0,80144.0,80153.0,15.989600000000001,0.4368809388920718,36.59944524141877,36.542419223091954,1.5989600000000002,1.5989600000000002,0.04368809388920718,10.0,stop_risk,80144.0,80144.0,0.05741030000000001,0.009149861310354694,-0.041,0.0160101,-1.5918326810153476e-05,9.353736270208593e-07,0.0038,-0.05702601832681016,-0.0015581115492503447,stop_intrabar,False,False,False
395,PF_ETHUSD,1,0.009,2026-05-12T17:26:00+00:00,2026-05-12T18:26:00+00:00,2026-05-12T18:26:00+00:00,2274.0,2274.5,2276.4,2276.0,20.470499999999998,0.5601845864398666,36.542419223091954,36.53528573573494,2.04705,2.04705,0.05601845864398667,9.999999999999998,stop_risk,2268.3,2268.3,0.08074034999999836,0.009135604805772989,0.013499999999999998,0.02047725,-0.0001562373570475527,0.0,0.008100000000000818,-0.007133487357047554,-0.00019521114115345016,time_exit,False,False,False
396,PF_ETHUSD,1,0.011,2026-05-12T18:46:00+00:00,2026-05-12T19:46:00+00:00,2026-05-12T19:46:00+00:00,2281.0,2281.5,2283.2,2282.8,25.0965,0.6869112830135408,36.53528573573494,36.524316922713446,2.50965,2.50965,0.06869112830135408,9.999999999999998,stop_risk,2277.4,2277.4,0.075671199999999,0.009133821433933735,0.014300000000002,0.02510365,-0.00016516302141525175,0.0,0.009899999999995997,-0.010968813021413252,-0.0003002251878020684,time_exit,False,False,False
397,PF_XBTUSD,-1,0.0004,2026-05-12T21:41:00+00:00,2026-05-12T22:00:00+00:00,2026-05-12T22:01:00+00:00,80563.0,80554.0,80642.0,80651.0,32.2216,0.8821958277325728,36.524316922713446,36.45321108714905,3.2221600000000006,3.2221600000000006,0.08821958277325728,9.999999999999998,stop_risk,80642.0,80642.0,0.071041,0.009131079230678362,-0.0388,0.032241000000000006,-6.483556445951107e-05,4.5940083814670687e-07,0.007200000000000001,-0.07110583556445951,-0.0019468080871963083,stop_intrabar,False,False,False
398,PF_ETHUSD,-1,0.01,2026-05-12T23:46:00+00:00,2026-05-13T00:18:00+00:00,2026-05-13T00:19:00+00:00,2276.6,2276.2,2281.1,2281.6,22.761999999999997,0.6244168708644805,36.45321108714905,36.37652637428785,2.2762,2.2762,0.06244168708644805,10.0,stop_risk,2281.1,2281.1,0.07578850000000183,0.009113302771787263,-0.05400000000000091,0.022788999999999997,0.00010428713878512577,3.3094329453264312e-06,0.00900000000000091,-0.07668471286121578,-0.0021036476780573565,stop_intrabar,False,False,False
399,PF_XBTUSD,1,0.0004,2026-05-13T01:16:00+00:00,2026-05-13T02:16:00+00:00,2026-05-13T02:16:00+00:00,80874.0,80883.0,81071.0,81062.0,32.3532,0.8893977304789699,36.37652637428785,36.415870262424555,3.23532,3.23532,0.08893977304789698,10.0,stop_risk,80785.0,80785.0,0.0751318,0.009094131593571963,0.0716,0.032389,0.00013288813658736173,0.0,0.007200000000000001,0.03934388813658736,0.0010815735326613523,time_exit,False,False,False
400,PF_ETHUSD,1,0.015,2026-05-13T03:51:00+00:00,2026-05-13T04:11:00+00:00,2026-05-13T04:12:00+00:00,2302.3,2302.7,2300.0,2299.5,34.540499999999994,0.9485012921863453,36.415870262424555,36.33323657613208,3.4540499999999996,3.4540499999999996,0.09485012921863453,10.0,stop_risk,2300.0,2300.0,0.08101724999999863,0.00910396756560614,-0.04799999999999727,0.0345165,-0.00011718629249431331,5.688326439583589e-06,0.013499999999994542,-0.08263368629249158,-0.0022691668686483798,stop_intrabar,False,False,False
401,PF_XBTUSD,-1,0.0004,2026-05-13T05:41:00+00:00,2026-05-13T06:19:00+00:00,2026-05-13T06:20:00+00:00,81054.0,81045.0,81123.0,81132.0,32.418,0.8922409081853152,36.33323657613208,36.266032737562114,3.2418,3.2418,0.08922409081853153,10.0,stop_risk,81123.0,81123.0,0.0672354,0.009083309144033021,-0.034800000000000005,0.0324354,3.156142995917378e-05,9.587805086505934e-07,0.007200000000000001,-0.06720383857004082,-0.001849651858821412,stop_intrabar,False,False,False
402,PF_ETHUSD,1,0.008,2026-05-13T09:11:00+00:00,2026-05-13T10:10:00+00:00,2026-05-13T10:11:00+00:00,2321.5,2321.9,2315.3,2314.9,18.575200000000002,0.5121927764864382,36.266032737562114,36.19127197769705,1.8575200000000003,1.8575200000000003,0.05121927764864382,10.0,stop_risk,2315.3,2315.3,0.07454720000000001,0.00906650818439053,-0.056,0.018547200000000003,-0.00021355986506224522,4.096935347733368e-06,0.006400000000001456,-0.07476075986506225,-0.0020614540445067675,stop_intrabar,False,False,False
403,PF_XBTUSD,-1,0.0003,2026-05-13T10:36:00+00:00,2026-05-13T11:36:00+00:00,2026-05-13T11:36:00+00:00,80913.0,80904.0,80642.0,80651.0,24.271199999999997,0.6706368324096809,36.19127197769705,36.24303444935383,2.42712,2.42712,0.06706368324096809,9.999999999999998,stop_risk,81029.0,81029.0,0.0644913,0.009047817994424263,0.0759,0.024233249999999998,9.572165672017923e-05,0.0,0.005399999999999999,0.051762471656720176,0.0014302473725880348,time_exit,False,False,False
404,PF_XBTUSD,-1,0.0003,2026-05-13T12:01:00+00:00,2026-05-13T13:01:00+00:00,2026-05-13T13:01:00+00:00,80484.0,80475.0,80229.0,80238.0,24.1425,0.6661279985740938,36.24303444935383,36.29013869806964,2.41425,2.41425,0.06661279985740938,10.0,stop_risk,80606.0,80606.0,0.0661635,0.009060758612338458,0.0711,0.024106949999999995,0.00011119871584829739,0.0,0.005399999999999999,0.0471042487158483,0.001299677287829527,time_exit,False,False,False
405,PF_XBTUSD,-1,0.0003,2026-05-13T15:21:00+00:00,2026-05-13T16:21:00+00:00,2026-05-13T16:21:00+00:00,79354.0,79345.0,78889.0,78899.0,23.8035,0.6559219902145529,36.29013869806964,36.40030281851221,2.38035,2.38035,0.06559219902145529,10.0,stop_risk,79504.0,79504.0,0.0742287,0.00907253467451741,0.13379999999999997,0.0237366,0.00010072044258913332,0.0,0.005699999999999999,0.11016412044258911,0.0030356489226768648,time_exit,False,False,False
406,PF_XBTUSD,1,0.0003,2026-05-13T17:51:00+00:00,2026-05-13T18:51:00+00:00,2026-05-13T18:51:00+00:00,79472.0,79481.0,79591.0,79582.0,23.844299999999997,0.6550577372634777,36.40030281851221,36.40652619683074,2.3844299999999996,2.3844299999999996,0.06550577372634776,10.0,stop_risk,79312.0,79312.0,0.0772176,0.009100075704628053,0.030299999999999997,0.023859449999999997,-0.0002171716816253936,0.0,0.005399999999999999,0.006223378318374604,0.00017097050948734313,time_exit,False,False,False
407,PF_ETHUSD,1,0.012,2026-05-14T00:11:00+00:00,2026-05-14T01:11:00+00:00,2026-05-14T01:11:00+00:00,2264.2,2264.6,2266.6,2266.2,27.1752,0.7464375989370184,36.40652619683074,36.398254988907965,2.7175200000000004,2.7175200000000004,0.07464375989370185,9.999999999999998,stop_risk,2260.7,2260.7,0.07874939999999672,0.009101631549207685,0.01919999999999891,0.0271848,-0.0002864079228132498,0.0,0.009600000000002183,-0.00827120792281434,-0.00022719025369507417,time_exit,False,False,False
408,PF_ETHUSD,-1,0.013,2026-05-14T02:56:00+00:00,2026-05-14T03:03:00+00:00,2026-05-14T03:04:00+00:00,2251.1,2250.7,2254.2,2254.6,29.259099999999997,0.8038599655097872,36.398254988907965,36.318307800460815,2.92591,2.92591,0.08038599655097874,9.999999999999998,stop_risk,2254.2,2254.2,0.07998445000000116,0.009099563747226992,-0.05070000000000118,0.029284449999999997,3.7261552862673686e-05,5.542210310011928e-06,0.010400000000002364,-0.07994718844713851,-0.0021964566287999707,stop_intrabar,False,False,False
409,PF_XBTUSD,1,0.0003,2026-05-14T05:31:00+00:00,2026-05-14T06:31:00+00:00,2026-05-14T06:31:00+00:00,79590.0,79599.0,79798.0,79789.0,23.879699999999996,0.657511361245113,36.318307800460815,36.35125852297947,2.3879699999999997,2.3879699999999997,0.0657511361245113,10.0,stop_risk,79459.0,79459.0,0.06855734999999999,0.009079576950115204,0.056999999999999995,0.023908199999999998,-0.0001410774812093182,0.0,0.005399999999999999,0.03295072251879067,0.0009072758207741327,time_exit,False,False,False
410,PF_ETHUSD,-1,0.01,2026-05-14T09:36:00+00:00,2026-05-14T10:12:00+00:00,2026-05-14T10:13:00+00:00,2257.9,2257.5,2262.8,2263.3,22.575,0.6210238907059903,36.35125852297947,36.27078853133136,2.2575,2.2575,0.06210238907059902,10.0,stop_risk,2262.8,2262.8,0.07960349999999818,0.00908781463074487,-0.05800000000000182,0.022604000000000003,0.00013400835188311162,3.6748252256758847e-06,0.00900000000000091,-0.08046999164811872,-0.002213678285643111,stop_intrabar,False,False,False
411,PF_XBTUSD,-1,0.0003,2026-05-14T11:36:00+00:00,2026-05-14T12:25:00+00:00,2026-05-14T12:26:00+00:00,79261.0,79252.0,79427.0,79436.0,23.775599999999997,0.6555027051441742,36.27078853133136,36.19187619840323,2.37756,2.37756,0.06555027051441742,10.0,stop_risk,79427.0,79427.0,0.0790032,0.00906769713283284,-0.05519999999999999,0.023803199999999997,9.086707185686002e-05,1.8065227597753147e-06,0.005399999999999999,-0.07891233292814312,-0.0021756442614964716,stop_intrabar,False,False,False
412,PF_XBTUSD,1,0.0003,2026-05-14T12:51:00+00:00,2026-05-14T13:51:00+00:00,2026-05-14T13:51:00+00:00,79714.0,79723.0,79930.0,79921.0,23.9169,0.6608361464569555,36.19187619840323,36.22718983335951,2.39169,2.39169,0.06608361464569557,9.999999999999998,stop_risk,79574.0,79574.0,0.0712932,0.009047969049600807,0.059399999999999994,0.0239466,-0.0001397650436556072,0.0,0.005399999999999999,0.03531363495634439,0.0009757337465113901,time_exit,False,False,False
413,PF_XBTUSD,1,0.0001,2026-05-14T14:46:00+00:00,2026-05-14T15:46:00+00:00,2026-05-14T15:46:00+00:00,80399.0,80408.0,81010.0,81001.0,8.0408,0.22195483660164267,36.22718983335951,36.27838340510844,0.8040800000000001,0.8040800000000001,0.02219548366016427,10.0,stop_risk,80034.0,80034.0,0.04632165,0.009056797458339878,0.059300000000000005,0.00807045,-3.5978251136992475e-05,0.0,0.0018000000000000002,0.051193571748863013,0.0014131256656767187,time_exit,False,False,False
414,PF_ETHUSD,1,0.007,2026-05-14T15:56:00+00:00,2026-05-14T16:56:00+00:00,2026-05-14T16:56:00+00:00,2296.2,2296.7,2300.1,2299.5,16.0769,0.44315370452080766,36.27838340510844,36.28180974898135,1.6076899999999998,1.6076899999999998,0.04431537045208076,10.0,stop_risk,2289.0,2289.0,0.07344819999999873,0.009069595851277111,0.019600000000001273,0.0160867,-8.695612719977548e-05,0.0,0.007699999999999364,0.0034263438728014983,9.444588074779063e-05,time_exit,False,False,False
415,PF_XBTUSD,1,0.0001,2026-05-14T17:06:00+00:00,2026-05-14T17:15:00+00:00,2026-05-14T17:16:00+00:00,82020.0,82029.0,81665.0,81653.0,8.2029,0.22608850155911267,36.28180974898135,36.236030816376505,0.82029,0.82029,0.022608850155911266,10.0,stop_risk,81665.0,81665.0,0.04548425,0.009070452437245339,-0.0376,0.0081841,5.16739513735806e-06,5.741550152620067e-07,0.0021000000000000003,-0.04577893260486264,-0.0012617598990124225,stop_intrabar,False,False,False
416,PF_ETHUSD,-1,0.011,2026-05-14T19:31:00+00:00,2026-05-14T20:31:00+00:00,2026-05-14T20:31:00+00:00,2299.2,2298.8,2290.5,2290.9,25.2868,0.6978358123200372,36.236030816376505,36.2978631872299,2.52868,2.52868,0.06978358123200372,10.0,stop_risk,2303.2,2303.2,0.078113199999997,0.009059007704094128,0.08690000000000099,0.02524335,0.00017572085342559636,0.0,0.008799999999996998,0.06183237085342659,0.0017063781396687101,time_exit,False,False,False
417,PF_XBTUSD,-1,0.0003,2026-05-14T23:56:00+00:00,2026-05-15T00:06:00+00:00,2026-05-15T00:07:00+00:00,81063.0,81054.0,81173.0,81182.0,24.3162,0.6699072029274379,36.2978631872299,36.23511816758519,2.43162,2.43162,0.06699072029274379,9.999999999999998,stop_risk,81173.0,81173.0,0.0627354,0.009074465796807476,-0.0384,0.0243354,-9.619644708992014e-06,1.2688472087472183e-06,0.005399999999999999,-0.062745019644709,-0.0017286146934066238,stop_intrabar,False,False,False
418,PF_ETHUSD,-1,0.009,2026-05-15T02:01:00+00:00,2026-05-15T03:01:00+00:00,2026-05-15T03:01:00+00:00,2276.6,2276.1,2277.4,2277.9,20.484899999999996,0.5653327775904744,36.23511816758519,36.198548402740926,2.0484899999999997,2.0484899999999997,0.056533277759047436,10.0,stop_risk,2282.1,2282.1,0.07901415,0.0090587795418963,-0.016200000000001637,0.020492999999999997,0.00012323515593625552,0.0,0.009,-0.036569764844065385,-0.001009235423903752,time_exit,False,False,False
419,PF_ETHUSD,-1,0.009,2026-05-15T04:56:00+00:00,2026-05-15T05:36:00+00:00,2026-05-15T05:37:00+00:00,2264.2,2263.8,2240.9,2241.4,20.374200000000002,0.5628457741818532,36.198548402740926,36.37999137007906,2.0374200000000005,2.0374200000000005,0.05628457741818533,9.999999999999998,stop_risk,2269.5,2269.5,0.07530164999999918,0.009049637100685232,0.2016000000000008,0.0202734,0.00011636733800157221,2.8514582162834848e-06,0.008099999999996724,0.1814429673380024,0.005012437662397083,target_intrabar,False,False,True
420,PF_XBTUSD,-1,0.0002,2026-05-15T05:41:00+00:00,2026-05-15T06:41:00+00:00,2026-05-15T06:41:00+00:00,80372.0,80363.0,80569.0,80578.0,16.0726,0.4417977958405731,36.37999137007906,36.320804994525,1.6072600000000001,1.6072600000000001,0.04417977958405731,10.0,stop_risk,80609.0,80609.0,0.06709810000000001,0.009094997842519766,-0.043000000000000003,0.0160941,-9.227555402519259e-05,0.0,0.0036000000000000003,-0.0591863755540252,-0.001626893611709413,time_exit,False,False,False
421,PF_XBTUSD,1,0.0003,2026-05-15T07:31:00+00:00,2026-05-15T07:37:00+00:00,2026-05-15T07:38:00+00:00,80860.0,80869.0,80751.0,80741.0,24.260699999999996,0.6679560104369123,36.320804994525,36.258171177100984,2.4260699999999997,2.4260699999999997,0.06679560104369123,10.0,stop_risk,80751.0,80751.0,0.06234164999999999,0.009080201248631249,-0.0384,0.0242415,7.682575986786694e-06,1.2804293311311157e-06,0.005699999999999999,-0.06263381742401321,-0.0017244611575501874,stop_intrabar,False,False,False
422,PF_XBTUSD,-1,0.0003,2026-05-15T13:11:00+00:00,2026-05-15T13:38:00+00:00,2026-05-15T13:39:00+00:00,80097.0,80088.0,79394.0,79403.0,24.0264,0.6626478727414135,36.258171177100984,36.43970825294655,2.40264,2.40264,0.06626478727414135,10.0,stop_risk,80270.0,80270.0,0.08135504999999998,0.009064542794275246,0.2055,0.023923649999999998,-3.9274154466718764e-05,1.402648373811384e-06,0.005399999999999999,0.18153707584553327,0.005006790744045686,target_intrabar,False,False,True
423,PF_XBTUSD,-1,0.0002,2026-05-15T13:41:00+00:00,2026-05-15T13:51:00+00:00,2026-05-15T13:52:00+00:00,79323.0,79314.0,78314.0,78324.0,15.8628,0.4353163282726699,36.43970825294655,36.621934166858466,1.5862800000000001,1.5862800000000001,0.04353163282726699,10.0,stop_risk,79583.0,79583.0,0.0714906,0.009109927063236638,0.198,0.0157638,-1.0286088074616816e-05,9.350989158742561e-07,0.0038,0.18222591391192539,0.005000751176354175,target_intrabar,False,False,True
424,PF_XBTUSD,1,0.0005,2026-05-16T00:16:00+00:00,2026-05-16T00:51:00+00:00,2026-05-16T00:52:00+00:00,79127.0,79136.0,79075.0,79066.0,39.568,1.0804453915437273,36.621934166858466,36.54730253228293,3.9568,3.9568,0.10804453915437273,10.0,stop_risk,79075.0,79075.0,0.0745505,0.009155483541714617,-0.035,0.0395505,-8.113457555903899e-05,2.2537382099733066e-06,0.009000000000000001,-0.07463163457555903,-0.0020378944005392807,stop_intrabar,False,False,False
425,PF_XBTUSD,-1,0.0004,2026-05-16T01:36:00+00:00,2026-05-16T01:52:00+00:00,2026-05-16T01:53:00+00:00,79003.0,78994.0,79075.0,79084.0,31.5976,0.8645672268723318,36.54730253228293,36.47969846761944,3.1597600000000003,3.1597600000000003,0.08645672268723319,9.999999999999998,stop_risk,79075.0,79075.0,0.0676156,0.009136825633070732,-0.036000000000000004,0.03161560000000001,1.15353365152e-05,7.209585322e-07,0.007200000000000001,-0.06760406466348481,-0.0018497689290138133,stop_intrabar,False,False,False
426,PF_ETHUSD,-1,0.017,2026-05-16T04:31:00+00:00,2026-05-16T05:31:00+00:00,2026-05-16T05:31:00+00:00,2224.8,2224.3,2226.1,2226.5,37.813100000000006,1.0365518792202775,36.47969846761944,36.40466019380668,3.781310000000001,3.781310000000001,0.10365518792202774,10.0,stop_risk,2226.4,2226.4,0.08203519999999846,0.00911992461690486,-0.03739999999999691,0.037831800000000006,0.0001935261871948569,0.0,0.015300000000001547,-0.07503827381280206,-0.00205698722755092,time_exit,False,False,False
427,PF_XBTUSD,-1,0.0005,2026-05-16T06:26:00+00:00,2026-05-16T06:33:00+00:00,2026-05-16T06:34:00+00:00,78787.0,78778.0,78841.0,78850.0,39.389,1.0819768620364993,36.40466019380668,36.32922876935693,3.9389000000000003,3.9389000000000003,0.10819768620364992,10.0,stop_risk,78841.0,78841.0,0.07540700000000002,0.00910116504845167,-0.036000000000000004,0.039407,-2.4424449721045958e-05,3.0530562151307443e-06,0.009000000000000001,-0.07543142444972105,-0.0020720266045102043,stop_intrabar,False,False,False
428,PF_XBTUSD,-1,0.0004,2026-05-16T06:51:00+00:00,2026-05-16T07:13:00+00:00,2026-05-16T07:14:00+00:00,78541.0,78532.0,77990.0,77999.0,31.4128,0.8646701585500254,36.32922876935693,36.51105386784298,3.14128,3.14128,0.08646701585500254,10.0,stop_risk,78646.0,78646.0,0.08063740000000001,0.009082307192339233,0.2132,0.031306200000000006,-6.87015138864686e-05,3.337107795537662e-06,0.007200000000000001,0.18182509848611353,0.0050049259135244795,target_intrabar,False,False,True
429,PF_ETHUSD,-1,0.004,2026-05-16T07:21:00+00:00,2026-05-16T08:21:00+00:00,2026-05-16T08:21:00+00:00,2189.1,2188.5,2191.4,2191.8,8.754,0.23976300524455862,36.51105386784298,36.48911095310266,0.8754,0.8754,0.023976300524455863,10.0,stop_risk,2203.3,2203.3,0.07038480000000037,0.009127763466960747,-0.013200000000000729,0.0087606,1.7685259751979014e-05,0.0,0.004,-0.02194291474024875,-0.0006009937379423308,time_exit,False,False,False
430,PF_XBTUSD,-1,0.0003,2026-05-16T09:21:00+00:00,2026-05-16T09:35:00+00:00,2026-05-16T09:36:00+00:00,77973.0,77961.0,78114.0,78123.0,23.388299999999997,0.6409665620535294,36.48911095310266,36.417063563606156,2.3388299999999997,2.3388299999999997,0.06409665620535294,10.0,stop_risk,78114.0,78114.0,0.07291305,0.009122277738275666,-0.0486,0.0234126,-3.4789496549561195e-05,2.3192997699707462e-06,0.006299999999999999,-0.07204738949654955,-0.001974490131840918,stop_intrabar,False,False,False
431,PF_XBTUSD,1,0.0003,2026-05-16T14:41:00+00:00,2026-05-16T15:41:00+00:00,2026-05-16T15:41:00+00:00,78094.0,78103.0,78176.0,78167.0,23.430899999999998,0.6434044293295508,36.417063563606156,36.41291000706076,2.3430899999999997,2.3430899999999997,0.06434044293295509,10.0,stop_risk,77967.0,77967.0,0.06690915,0.009104265890901539,0.0192,0.023440499999999996,8.694345457486797e-05,0.0,0.005399999999999999,-0.004153556545425131,-0.00011405522958133394,time_exit,False,False,False
432,PF_XBTUSD,-1,0.0007,2026-05-17T00:01:00+00:00,2026-05-17T00:01:00+00:00,2026-05-17T00:02:00+00:00,78147.0,78138.0,78164.0,78173.0,54.6966,1.5021210880809548,36.41291000706076,36.33370115706076,5.46966,5.46966,0.1502121088080955,9.999999999999998,stop_risk,78164.0,78164.0,0.07920885,0.00910322750176519,-0.0245,0.05470885,0.0,3.120132941585503e-07,0.0126,-0.07920885,-0.0021752957943938223,stop_intrabar,False,False,False
433,PF_ETHUSD,1,0.012,2026-05-17T00:11:00+00:00,2026-05-17T00:21:00+00:00,2026-05-17T00:22:00+00:00,2185.0,2185.5,2181.8,2181.4,26.226,0.7218092064618492,36.33370115706076,36.25828588946437,2.6226000000000003,2.6226000000000003,0.07218092064618493,9.999999999999998,stop_risk,2181.8,2181.8,0.07660079999999783,0.00908342528926519,-0.04919999999999891,0.0262014,-1.3867596424001603e-05,1.2606905840001455e-06,0.010800000000001092,-0.07541526759642292,-0.002075628554063984,stop_intrabar,False,False,False
434,PF_XBTUSD,-1,0.0004,2026-05-17T00:56:00+00:00,2026-05-17T01:56:00+00:00,2026-05-17T01:56:00+00:00,78043.0,78034.0,77793.0,77802.0,31.213600000000003,0.8608680535852301,36.25828588946437,36.31989960206695,3.1213600000000006,3.1213600000000006,0.08608680535852302,10.0,stop_risk,78134.0,78134.0,0.07483540000000001,0.009064571472366093,0.09280000000000001,0.031167200000000006,-1.9087397343623162e-05,0.0,0.007200000000000001,0.06161371260265638,0.0016993002038345,time_exit,False,False,False
435,PF_ETHUSD,1,0.011,2026-05-17T03:41:00+00:00,2026-05-17T04:41:00+00:00,2026-05-17T04:41:00+00:00,2180.6,2181.1,2186.2,2185.7,23.992099999999997,0.6605772665361282,36.31989960206695,36.34643591510411,2.3992099999999996,2.3992099999999996,0.06605772665361283,10.0,stop_risk,2176.7,2176.7,0.077865150000001,0.009079974900516737,0.050599999999999,0.024017399999999998,-4.6286962899096155e-05,0.0,0.011,0.026536313037099902,0.0007306273785952243,time_exit,False,False,False
436,PF_XBTUSD,1,0.0004,2026-05-17T04:46:00+00:00,2026-05-17T05:46:00+00:00,2026-05-17T05:46:00+00:00,78150.0,78159.0,78126.0,78117.0,31.2636,0.8601558643335401,36.34643591510411,36.29847660682284,3.12636,3.12636,0.08601558643335401,10.0,stop_risk,78071.0,78071.0,0.0700442,0.009086608978776027,-0.016800000000000002,0.031255200000000004,9.589171881600239e-05,0.0,0.007200000000000001,-0.047959308281184006,-0.0013195051199299036,time_exit,False,False,False
437,PF_ETHUSD,1,0.015,2026-05-17T09:21:00+00:00,2026-05-17T10:21:00+00:00,2026-05-17T10:21:00+00:00,2188.3,2188.7,2193.2,2192.7,32.830499999999994,0.9044594448305032,36.29847660682284,36.32560699482762,3.2830499999999994,3.2830499999999994,0.09044594448305032,10.0,stop_risk,2185.9,2185.9,0.08080649999999727,0.00907461915170571,0.06,0.032860499999999994,-9.111995094904783e-06,0.0,0.013499999999994542,0.027130388004905102,0.0007474249759507963,time_exit,False,False,False
438,PF_ETHUSD,1,0.012,2026-05-17T12:41:00+00:00,2026-05-17T13:01:00+00:00,2026-05-17T13:02:00+00:00,2195.5,2196.0,2192.0,2191.6,26.352,0.7254386693043352,36.32560699482762,36.24644157460818,2.6352,2.6352,0.07254386693043352,10.0,stop_risk,2192.0,2192.0,0.080325,0.009081401748706907,-0.05280000000000109,0.026325599999999998,-3.9820219434158745e-05,2.225438685789084e-06,0.010800000000001092,-0.07916542021943525,-0.0021793282141357624,stop_intrabar,False,False,False
439,PF_XBTUSD,-1,0.0003,2026-05-17T13:16:00+00:00,2026-05-17T14:16:00+00:00,2026-05-17T14:16:00+00:00,78206.0,78197.0,77916.0,77925.0,23.4591,0.6472111186890652,36.24644157460818,36.30459673177724,2.34591,2.34591,0.06472111186890651,10.0,stop_risk,78317.0,78317.0,0.062178449999999996,0.009061610393652044,0.08159999999999999,0.0234183,-2.6542830867955056e-05,0.0,0.005399999999999999,0.058155157169132034,0.0016044376949231791,time_exit,False,False,False
440,PF_ETHUSD,1,0.012,2026-05-17T19:06:00+00:00,2026-05-17T20:06:00+00:00,2026-05-17T20:06:00+00:00,2187.9,2188.3,2190.1,2189.6,26.259600000000002,0.7233133642554719,36.30459673177724,36.29374995183905,2.6259600000000005,2.6259600000000005,0.07233133642554719,9.999999999999998,stop_risk,2184.3,2184.3,0.0790332000000011,0.00907614918294431,0.015599999999996726,0.026267400000000003,-0.0001793799380448433,0.0,0.010800000000001092,-0.01084677993804812,-0.00029877153072888936,time_exit,False,False,False
441,PF_ETHUSD,1,0.007,2026-05-18T02:16:00+00:00,2026-05-18T02:36:00+00:00,2026-05-18T02:37:00+00:00,2122.6,2123.0,2114.6,2114.2,14.861,0.40946444001295534,36.29374995183905,36.217330764039126,1.4861000000000002,1.4861000000000002,0.04094644400129554,9.999999999999998,stop_risk,2114.6,2114.6,0.07643020000000128,0.009073437487959763,-0.06160000000000127,0.0148302,1.101220003764242e-05,5.50610001882121e-07,0.005600000000001273,-0.07641918779996362,-0.002105574317929949,stop_intrabar,False,False,False
442,PF_ETHUSD,1,0.011,2026-05-18T05:06:00+00:00,2026-05-18T05:16:00+00:00,2026-05-18T05:17:00+00:00,2122.9,2123.4,2119.2,2118.8,23.3574,0.6449232869251647,36.217330764039126,36.14339881819834,2.33574,2.33574,0.06449232869251646,10.0,stop_risk,2119.2,2119.2,0.075031550000003,0.00905433269100978,-0.050599999999999,0.0233321,1.541592409903076e-07,1.5415924099030764e-08,0.009899999999995997,-0.07393194584075802,-0.0020413416527693545,stop_intrabar,False,False,False
443,PF_XBTUSD,1,0.0003,2026-05-18T07:36:00+00:00,2026-05-18T08:36:00+00:00,2026-05-18T08:36:00+00:00,76974.0,76983.0,76891.0,76882.0,23.0949,0.6389797516323127,36.14339881819834,36.09001397897837,2.30949,2.30949,0.06389797516323126,10.0,stop_risk,76859.0,76859.0,0.06297494999999999,0.009035849704549586,-0.030299999999999997,0.023079749999999996,-5.089219916215386e-06,0.0,0.005399999999999999,-0.05338483921991621,-0.0014770287511819927,time_exit,False,False,False
444,PF_XBTUSD,-1,0.0003,2026-05-18T10:11:00+00:00,2026-05-18T11:11:00+00:00,2026-05-18T11:11:00+00:00,76787.0,76778.0,76684.0,76693.0,23.033399999999997,0.6382208666756527,36.09001397897837,36.092533337567424,2.30334,2.30334,0.06382208666756528,9.999999999999998,stop_risk,76900.0,76900.0,0.06235304999999999,0.009022503494744592,0.0255,0.023020649999999997,4.000858909859816e-05,0.0,0.005399999999999999,0.002519358589098598,6.980763683178589e-05,time_exit,False,False,False
445,PF_ETHUSD,1,0.01,2026-05-18T11:41:00+00:00,2026-05-18T12:24:00+00:00,2026-05-18T12:25:00+00:00,2128.4,2128.8,2149.4,2149.0,21.288000000000004,0.5898172843922288,36.092533337567424,36.273108347564595,2.1288000000000005,2.1288000000000005,0.058981728439222884,10.0,stop_risk,2123.3,2123.3,0.08025850000000091,0.009023133334391855,0.20199999999999818,0.021389000000000005,-3.59900027564825e-05,7.996266442592989e-07,0.00800000000000182,0.1805750099972417,0.005003112646827914,target_intrabar,False,False,True
446,PF_XBTUSD,1,0.0002,2026-05-18T12:46:00+00:00,2026-05-18T13:03:00+00:00,2026-05-18T13:04:00+00:00,77715.0,77724.0,77445.0,77436.0,15.5448,0.4285488812001327,36.273108347564595,36.19999518287472,1.55448,1.55448,0.04285488812001327,10.0,stop_risk,77445.0,77445.0,0.073116,0.00906827708689115,-0.057600000000000005,0.015516000000000002,2.8353101663534004e-06,6.496418571171934e-08,0.0036000000000000003,-0.07311316468983366,-0.002015629981011609,stop_intrabar,False,False,False
447,PF_XBTUSD,-1,0.0001,2026-05-18T13:41:00+00:00,2026-05-18T14:41:00+00:00,2026-05-18T14:41:00+00:00,76898.0,76886.0,76438.0,76447.0,7.6886,0.2123922934563615,36.19999518287472,36.23623240347259,0.7688600000000001,0.7688600000000001,0.02123922934563615,9.999999999999998,stop_risk,77232.0,77232.0,0.043506500000000004,0.00904999879571868,0.0439,0.0076666500000000005,3.8705977541758194e-06,0.0,0.0021000000000000003,0.03623722059775417,0.0010010283265147245,time_exit,False,False,False
448,PF_XBTUSD,-1,0.0002,2026-05-18T18:26:00+00:00,2026-05-18T19:01:00+00:00,2026-05-18T19:02:00+00:00,76137.0,76128.0,76425.0,76434.0,15.2256,0.42017613284047983,36.23623240347259,36.1598192969374,1.5225600000000001,1.5225600000000001,0.04201761328404799,10.0,stop_risk,76425.0,76425.0,0.0764562,0.009059058100868147,-0.061200000000000004,0.015256200000000001,4.3093464752678564e-05,1.29026088692187e-06,0.0036000000000000003,-0.07641310653524733,-0.002108748660302899,stop_intrabar,False,False,False
449,PF_ETHUSD,1,0.005,2026-05-18T19:51:00+00:00,2026-05-18T20:51:00+00:00,2026-05-18T20:51:00+00:00,2120.7,2121.1,2112.9,2112.5,10.6055,0.29329516037980435,36.1598192969374,36.106132629978305,1.0605499999999999,1.0605499999999999,0.029329516037980435,10.0,stop_risk,2108.6,2108.6,0.07507325000000045,0.00903995482423435,-0.042999999999999546,0.010584,-0.00010266695926127426,0.0,0.00400000000000091,-0.053686666959260824,-0.0014847050677548016,time_exit,False,False,False
450,PF_ETHUSD,1,0.006,2026-05-18T21:41:00+00:00,2026-05-18T22:41:00+00:00,2026-05-18T22:41:00+00:00,2136.0,2136.4,2135.7,2135.2,12.8184,0.35502002198255656,36.106132629978305,36.08602584373928,1.28184,1.28184,0.03550200219825566,10.0,stop_risk,2126.8,2126.8,0.0727884,0.009026533157494576,-0.007200000000001637,0.012814800000000001,-9.198623903418591e-05,0.0,0.005400000000000546,-0.020106786239035824,-0.0005568800858594726,time_exit,False,False,False
451,PF_XBTUSD,1,0.0003,2026-05-19T00:26:00+00:00,2026-05-19T00:41:00+00:00,2026-05-19T00:42:00+00:00,77214.0,77223.0,77075.0,77066.0,23.1669,0.6419908942125675,36.08602584373928,36.01578751560348,2.31669,2.31669,0.06419908942125675,10.0,stop_risk,77075.0,77075.0,0.07024335,0.00902150646093482,-0.047099999999999996,0.02314335,5.021864190354567e-06,3.3479094602363776e-07,0.005399999999999999,-0.07023832813580964,-0.0019464135075432695,stop_intrabar,False,False,False
452,PF_XBTUSD,-1,0.0002,2026-05-19T01:31:00+00:00,2026-05-19T01:36:00+00:00,2026-05-19T01:37:00+00:00,76629.0,76620.0,76870.0,76879.0,15.324000000000002,0.4254800757407021,36.01578751560348,35.94863876796058,1.5324000000000002,1.5324000000000002,0.042548007574070214,10.0,stop_risk,76870.0,76870.0,0.06714990000000001,0.00900394687890087,-0.051800000000000006,0.015349900000000001,1.1523571220855595e-06,2.304714244171119e-07,0.0036000000000000003,-0.06714874764287793,-0.001864425361066627,stop_intrabar,False,False,False
453,PF_XBTUSD,-1,0.0003,2026-05-19T02:06:00+00:00,2026-05-19T02:16:00+00:00,2026-05-19T02:17:00+00:00,76533.0,76524.0,76669.0,76678.0,22.957199999999997,0.63861110703476,35.94863876796058,35.87946526499548,2.2957199999999998,2.2957199999999998,0.063861110703476,10.0,stop_risk,76669.0,76669.0,0.0691803,0.008987159691990146,-0.0462,0.0229803,6.79703493127211e-06,6.797034931272109e-07,0.005399999999999999,-0.06917350296506873,-0.0019242314962623838,stop_intrabar,False,False,False
454,PF_ETHUSD,1,0.011,2026-05-19T04:16:00+00:00,2026-05-19T04:22:00+00:00,2026-05-19T04:23:00+00:00,2134.1,2134.6,2130.4,2130.0,23.4806,0.6544300431062446,35.87946526499548,35.805389301371086,2.34806,2.34806,0.06544300431062446,10.0,stop_risk,2130.4,2130.4,0.075154749999998,0.00896986631624887,-0.050599999999999,0.0234553,-2.0663624395516667e-05,2.9519463422166666e-06,0.009900000000001,-0.07407596362439452,-0.002064578250464175,stop_intrabar,False,False,False
455,PF_ETHUSD,-1,0.013,2026-05-19T05:26:00+00:00,2026-05-19T05:28:00+00:00,2026-05-19T05:29:00+00:00,2125.4,2125.0,2128.6,2129.0,27.625,0.7715318989407598,35.805389301371086,35.72574739366255,2.7625,2.7625,0.07715318989407599,10.0,stop_risk,2128.6,2128.6,0.079651,0.008951347325342772,-0.052,0.027651000000000002,9.09229146684465e-06,4.546145733422325e-06,0.010400000000002364,-0.07964190770853316,-0.0022242994493983466,stop_intrabar,False,False,False
456,PF_ETHUSD,1,0.01,2026-05-19T06:46:00+00:00,2026-05-19T07:03:00+00:00,2026-05-19T07:04:00+00:00,2138.5,2139.0,2134.0,2133.5,21.39,0.598727852053122,35.72574739366255,35.649318755335166,2.1390000000000002,2.1390000000000002,0.0598727852053122,10.0,stop_risk,2134.0,2134.0,0.0763625,0.008931436848415639,-0.055,0.0213625,-6.613832735075942e-05,4.107416194314855e-06,0.01,-0.07642863832735076,-0.0021393153090733816,stop_intrabar,False,False,False
457,PF_XBTUSD,1,0.0003,2026-05-19T07:21:00+00:00,2026-05-19T08:09:00+00:00,2026-05-19T08:10:00+00:00,77150.0,77159.0,77034.0,77025.0,23.147699999999997,0.6493167557805234,35.649318755335166,35.585914759627386,2.3147699999999998,2.3147699999999998,0.06493167557805235,10.0,stop_risk,77034.0,77034.0,0.06332759999999998,0.008912329688833792,-0.0402,0.023127599999999998,-7.639570788448602e-05,1.306457253226303e-06,0.005399999999999999,-0.06340399570788448,-0.0017785471902852458,stop_intrabar,False,False,False
458,PF_XBTUSD,-1,0.0003,2026-05-19T09:26:00+00:00,2026-05-19T10:26:00+00:00,2026-05-19T10:26:00+00:00,76810.0,76801.0,76754.0,76763.0,23.0403,0.6474556058381693,35.585914759627386,35.574370476387635,2.30403,2.30403,0.06474556058381693,10.0,stop_risk,76978.0,76978.0,0.0788682,0.008896478689906846,0.011399999999999999,0.0230346,9.031676031701721e-05,0.0,0.005399999999999999,-0.011544283239682982,-0.0003244059712293837,time_exit,False,False,False
459,PF_XBTUSD,-1,0.0001,2026-05-19T14:26:00+00:00,2026-05-19T15:26:00+00:00,2026-05-19T15:26:00+00:00,76339.0,76330.0,76365.0,76376.0,7.633,0.21456458393455977,35.574370476387635,35.56219102568726,0.7633000000000001,0.7633000000000001,0.02145645839345598,9.999999999999998,stop_risk,76695.0,76695.0,0.0450517,0.00889359261909691,-0.0046,0.0076353,5.584929979329404e-05,0.0,0.002,-0.012179450700206707,-0.00034236588131027575,time_exit,False,False,False
460,PF_XBTUSD,1,0.0003,2026-05-19T17:01:00+00:00,2026-05-19T18:01:00+00:00,2026-05-19T18:01:00+00:00,76828.0,76837.0,76783.0,76774.0,23.051099999999998,0.6481912203708073,35.56219102568726,35.520086365411395,2.30511,2.30511,0.06481912203708073,10.0,stop_risk,76694.0,76694.0,0.06862829999999999,0.008890547756421816,-0.018899999999999997,0.023041649999999997,-0.00016301027605573228,0.0,0.005399999999999999,-0.04210466027605573,-0.001183972614219487,time_exit,False,False,False
461,PF_XBTUSD,-1,0.0004,2026-05-19T22:11:00+00:00,2026-05-19T23:11:00+00:00,2026-05-19T23:11:00+00:00,76748.0,76739.0,76778.0,76787.0,30.695600000000002,0.8641758267201355,35.520086365411395,35.47031224125348,3.0695600000000005,3.0695600000000005,0.08641758267201355,10.0,stop_risk,76835.0,76835.0,0.07271659999999999,0.008880021591352849,-0.019200000000000002,0.030705200000000002,0.00013107584203164482,0.0,0.007200000000000001,-0.04977412415796836,-0.0014012951332921645,time_exit,False,False,False
462,PF_XBTUSD,-1,0.0004,2026-05-20T00:21:00+00:00,2026-05-20T00:29:00+00:00,2026-05-20T00:30:00+00:00,76547.0,76538.0,76635.0,76644.0,30.6152,0.8631218070979714,35.47031224125348,35.39731174565015,3.0615200000000002,3.0615200000000002,0.08631218070979714,10.0,stop_risk,76635.0,76635.0,0.0730364,0.008867578060313372,-0.0424,0.0306364,3.590439666440001e-05,4.48804958305e-06,0.007200000000000001,-0.0730004956033356,-0.0020580731036935426,stop_intrabar,False,False,False
463,PF_XBTUSD,1,0.0004,2026-05-20T05:11:00+00:00,2026-05-20T06:11:00+00:00,2026-05-20T06:11:00+00:00,76981.0,76990.0,77138.0,77129.0,30.796000000000003,0.8700095708195811,35.39731174565015,35.42184456487579,3.0796000000000006,3.0796000000000006,0.08700095708195811,10.0,stop_risk,76886.0,76886.0,0.0759734,0.008849327936412538,0.055600000000000004,0.030823800000000005,-0.00024338077418609378,0.0,0.007200000000000001,0.024532819225813903,0.0006930701235759423,time_exit,False,False,False
464,PF_ETHUSD,1,0.015,2026-05-20T06:26:00+00:00,2026-05-20T06:35:00+00:00,2026-05-20T06:36:00+00:00,2127.5,2128.0,2125.6,2125.2,31.919999999999998,0.9011388422061958,35.42184456487579,35.347931626873674,3.192,3.192,0.09011388422061958,9.999999999999998,stop_risk,2125.6,2125.6,0.07539825000000136,0.008855461141218948,-0.04200000000000273,0.031899,-1.3938002103056145e-05,1.3938002103056146e-06,0.013500000000001363,-0.07391293800210579,-0.002086648476669046,stop_intrabar,False,False,False
465,PF_XBTUSD,-1,0.0004,2026-05-20T11:46:00+00:00,2026-05-20T12:04:00+00:00,2026-05-20T12:05:00+00:00,77323.0,77314.0,77401.0,77410.0,30.925600000000003,0.8748913607292501,35.347931626873674,35.27860825157095,3.0925600000000006,3.0925600000000006,0.08748913607292502,9.999999999999998,stop_risk,77401.0,77401.0,0.0693448,0.00883698290671842,-0.038400000000000004,0.0309448,2.1424697289359303e-05,6.353346391545018e-07,0.007200000000000001,-0.06932337530271064,-0.001961172043515178,stop_intrabar,False,False,False
466,PF_XBTUSD,1,0.0004,2026-05-20T12:56:00+00:00,2026-05-20T13:07:00+00:00,2026-05-20T13:08:00+00:00,77548.0,77557.0,77446.0,77437.0,31.0228,0.8793657555529719,35.27860825157095,35.199596952396206,3.1022800000000004,3.1022800000000004,0.0879365755552972,9.999999999999998,stop_risk,77446.0,77446.0,0.07899880000000001,0.008819652062892739,-0.048,0.0309988,-1.2499174772392718e-05,1.2447295269718389e-06,0.007200000000000001,-0.07901129917477238,-0.0022396376470223715,stop_intrabar,False,False,False
467,PF_XBTUSD,-1,0.0002,2026-05-20T13:36:00+00:00,2026-05-20T14:16:00+00:00,2026-05-20T14:17:00+00:00,77031.0,77022.0,77316.0,77325.0,15.4044,0.43763001095816095,35.199596952396206,35.12357811328873,1.5404400000000003,1.5404400000000003,0.0437630010958161,9.999999999999998,stop_risk,77316.0,77316.0,0.0760347,0.008799899238099053,-0.0606,0.015434699999999999,1.5860892423182405e-05,5.77586312200217e-08,0.0036000000000000003,-0.07601883910757683,-0.0021596508394793384,stop_intrabar,False,False,False
468,PF_XBTUSD,1,0.0002,2026-05-20T15:26:00+00:00,2026-05-20T16:17:00+00:00,2026-05-20T16:18:00+00:00,77522.0,77531.0,77271.0,77262.0,15.506200000000002,0.44147552251042876,35.12357811328873,35.054252039324936,1.5506200000000003,1.5506200000000003,0.04414755225104288,9.999999999999998,stop_risk,77271.0,77271.0,0.0692793,0.008780894528322182,-0.0538,0.015479300000000001,-4.677396376360452e-05,1.1626520572779697e-06,0.0036000000000000003,-0.06932607396376361,-0.001973775955859538,stop_intrabar,False,False,False
469,PF_XBTUSD,-1,0.0002,2026-05-20T16:31:00+00:00,2026-05-20T16:38:00+00:00,2026-05-20T16:39:00+00:00,76981.0,76970.0,77220.0,77229.0,15.394,0.4391478666476905,35.054252039324936,34.98704027788932,1.5394,1.5394,0.04391478666476906,10.0,stop_risk,77220.0,77220.0,0.0676201,0.008763563009831233,-0.051800000000000006,0.0154199,8.138564400945788e-06,1.1626520572779697e-06,0.004,-0.06721176143559907,-0.0019173640150757986,stop_intrabar,False,False,False
470,PF_ETHUSD,1,0.008,2026-05-20T17:26:00+00:00,2026-05-20T18:00:00+00:00,2026-05-20T18:01:00+00:00,2142.5,2142.9,2136.0,2135.6,17.1432,0.4899871456355783,34.98704027788932,34.91146545896359,1.71432,1.71432,0.04899871456355784,10.0,stop_risk,2136.0,2136.0,0.07551400000000145,0.00874676006947233,-0.05840000000000146,0.017114,-6.081892564323641e-05,1.878252765977651e-06,0.006400000000001456,-0.0755748189256447,-0.0021600803704852263,stop_intrabar,False,False,False
471,PF_XBTUSD,1,0.0003,2026-05-20T19:56:00+00:00,2026-05-20T20:20:00+00:00,2026-05-20T20:21:00+00:00,77615.0,77624.0,77505.0,77496.0,23.2872,0.6670358775793229,34.91146545896359,34.84975673585942,2.32872,2.32872,0.0667035877579323,9.999999999999998,stop_risk,77505.0,77505.0,0.061667999999999994,0.008727866364740898,-0.0384,0.023267999999999997,-4.072310411942984e-05,1.6579114591923275e-06,0.005399999999999999,-0.06170872310411942,-0.0017675775649307662,stop_intrabar,False,False,False
472,PF_XBTUSD,-1,0.0003,2026-05-20T22:11:00+00:00,2026-05-20T22:30:00+00:00,2026-05-20T22:31:00+00:00,77272.0,77263.0,77387.0,77396.0,23.1789,0.6651093772528277,34.84975673585942,34.78668508138806,2.31789,2.31789,0.06651093772528277,10.0,stop_risk,77387.0,77387.0,0.06309885,0.008712439183964856,-0.0399,0.02319885,2.719552860949976e-05,1.4313436110263028e-06,0.005399999999999999,-0.0630716544713905,-0.0018098162047280961,stop_intrabar,False,False,False
473,PF_XBTUSD,1,0.0004,2026-05-20T23:56:00+00:00,2026-05-21T00:53:00+00:00,2026-05-21T00:54:00+00:00,77486.0,77495.0,78017.0,78008.0,30.998,0.8910880679626724,34.78668508138806,34.96067633639868,3.0998,3.0998,0.08910880679626723,10.0,stop_risk,77398.0,77398.0,0.0733768,0.008696671270347015,0.20520000000000002,0.031100600000000003,-0.00010814498928190386,1.902447136803774e-06,0.007200000000000001,0.1739912550107181,0.005001662406281096,target_intrabar,False,False,True
474,PF_XBTUSD,1,0.0003,2026-05-21T00:56:00+00:00,2026-05-21T01:19:00+00:00,2026-05-21T01:20:00+00:00,77941.0,77950.0,77822.0,77813.0,23.384999999999998,0.6688943822191771,34.96067633639868,34.89619531534953,2.3385,2.3385,0.06688943822191772,10.0,stop_risk,77822.0,77822.0,0.06446444999999999,0.008740169084099669,-0.0411,0.02336445,-1.657104919298249e-05,5.431853891285587e-07,0.005399999999999999,-0.06448102104919297,-0.0018443871173641946,stop_intrabar,False,False,False
475,PF_ETHUSD,-1,0.011,2026-05-21T05:51:00+00:00,2026-05-21T06:51:00+00:00,2026-05-21T06:51:00+00:00,2134.4,2133.9,2126.9,2127.3,23.4729,0.6726492612698998,34.89619531534953,34.9455839981221,2.34729,2.34729,0.06726492612698999,10.0,stop_risk,2137.9,2137.9,0.07299765,0.008724048828837384,0.072599999999999,0.023436600000000002,0.00022528277243280106,0.0,0.009900000000001,0.049388682772431795,0.001415302795222136,time_exit,False,False,False
476,PF_XBTUSD,1,0.0004,2026-05-21T08:06:00+00:00,2026-05-21T08:37:00+00:00,2026-05-21T08:38:00+00:00,77946.0,77955.0,77849.0,77840.0,31.182000000000002,0.8923015852782902,34.9455839981221,34.86839794911007,3.1182000000000003,3.1182000000000003,0.08923015852782902,10.0,stop_risk,77849.0,77849.0,0.077159,0.008736395999530527,-0.046,0.031159000000000003,-2.704901209995737e-05,8.452816281236681e-07,0.007200000000000001,-0.07718604901209997,-0.0022087497240351676,stop_intrabar,False,False,False
477,PF_ETHUSD,-1,0.013,2026-05-21T09:41:00+00:00,2026-05-21T10:26:00+00:00,2026-05-21T10:27:00+00:00,2127.9,2127.4,2111.3,2111.8,27.6562,0.7931594689369964,34.86839794911007,35.04374928786504,2.76562,2.76562,0.07931594689369965,9.999999999999998,stop_risk,2130.4,2130.4,0.07317894999999999,0.008717099487277518,0.20279999999999881,0.0275548,0.00010613875495438889,2.2320085694653803e-06,0.013,0.17535133875495318,0.00502894738699713,target_intrabar,False,False,True
478,PF_XBTUSD,-1,0.0003,2026-05-21T12:31:00+00:00,2026-05-21T12:33:00+00:00,2026-05-21T12:34:00+00:00,77044.0,77035.0,77153.0,77162.0,23.1105,0.659475668832122,35.04374928786504,34.98252426387089,2.31105,2.31105,0.06594756688321221,10.0,stop_risk,77153.0,77153.0,0.061229549999999994,0.00876093732196626,-0.038099999999999995,0.02312955,4.526005852091453e-06,2.2630029260457267e-06,0.005399999999999999,-0.0612250239941479,-0.0017471025571841115,stop_intrabar,False,False,False
479,PF_XBTUSD,-1,0.0005,2026-05-21T13:46:00+00:00,2026-05-21T13:46:00+00:00,2026-05-21T13:47:00+00:00,76813.0,76804.0,76870.0,76879.0,38.402,1.0977481130388484,34.98252426387089,34.90660351387089,3.8402000000000003,3.8402000000000003,0.10977481130388485,10.0,stop_risk,76870.0,76870.0,0.07592075,0.008745631065967725,-0.0375,0.038420750000000004,0.0,3.0875720177724368e-06,0.009000000000000001,-0.07592075000000001,-0.002170247905134997,stop_intrabar,False,False,False
480,PF_ETHUSD,1,0.006,2026-05-21T15:21:00+00:00,2026-05-21T16:21:00+00:00,2026-05-21T16:21:00+00:00,2131.7,2132.3,2128.5,2128.0,12.793800000000001,0.36651517799249955,34.90660351387089,34.86797126732476,1.2793800000000002,1.2793800000000002,0.03665151779924996,10.0,stop_risk,2122.8,2122.8,0.07336350000000219,0.008726650878467723,-0.025800000000001093,0.012780900000000001,-5.1346546219604086e-05,0.0,0.006600000000002183,-0.0386322465462207,-0.0011067317543761983,time_exit,False,False,False
481,PF_XBTUSD,1,0.0001,2026-05-21T17:21:00+00:00,2026-05-21T18:21:00+00:00,2026-05-21T18:21:00+00:00,77835.0,77849.0,77724.0,77715.0,7.7849,0.22326793664922323,34.86797126732476,34.84679451801962,0.7784900000000001,0.7784900000000001,0.022326793664922323,9.999999999999998,stop_risk,77443.0,77443.0,0.04976390000000001,0.008716992816831191,-0.0134,0.007778200000000001,1.450694939191554e-06,0.0,0.0023,-0.021176749305060808,-0.0006073410220142581,time_exit,False,False,False
482,PF_ETHUSD,-1,0.013,2026-05-21T21:51:00+00:00,2026-05-21T22:51:00+00:00,2026-05-21T22:51:00+00:00,2133.8,2133.3,2129.9,2130.4,27.7329,0.7958522550950574,34.84679451801962,34.85712389821469,2.7732900000000003,2.7732900000000003,0.07958522550950575,10.0,stop_risk,2136.6,2136.6,0.07715759999999644,0.008711698629504905,0.037700000000001184,0.02771405,0.0003434301949710621,0.0,0.013,0.010329380194972244,0.00029642267926913103,time_exit,False,False,False
483,PF_XBTUSD,-1,0.0004,2026-05-22T01:06:00+00:00,2026-05-22T01:14:00+00:00,2026-05-22T01:15:00+00:00,77299.0,77290.0,77394.0,77403.0,30.916,0.8869349086366662,34.85712389821469,34.78098383749252,3.0916,3.0916,0.08869349086366662,10.0,stop_risk,77394.0,77394.0,0.0761386,0.008714280974553672,-0.045200000000000004,0.030938600000000004,-1.460722153230515e-06,1.6230246147005725e-07,0.007200000000000001,-0.07614006072215324,-0.002184347192398538,stop_intrabar,False,False,False
484,PF_XBTUSD,1,0.0004,2026-05-22T03:36:00+00:00,2026-05-22T04:36:00+00:00,2026-05-22T04:36:00+00:00,77723.0,77732.0,77684.0,77675.0,31.0928,0.8939597610370985,34.78098383749252,34.72708857618678,3.10928,3.10928,0.08939597610370985,10.0,stop_risk,77638.0,77638.0,0.0722722,0.008695245959373132,-0.0228,0.031081400000000002,-1.3861305704072122e-05,0.0,0.007200000000000001,-0.05389526130570407,-0.0015495611497799875,time_exit,False,False,False
485,PF_ETHUSD,-1,0.014,2026-05-22T04:46:00+00:00,2026-05-22T05:46:00+00:00,2026-05-22T05:46:00+00:00,2132.3,2131.9,2129.5,2130.0,29.846600000000002,0.8594616255987134,34.72708857618678,34.72421286420453,2.9846600000000003,2.9846600000000003,0.08594616255987135,10.0,stop_risk,2134.6,2134.6,0.07326829999999873,0.008681772144046696,0.026600000000001275,0.0298333,0.0003575880178082565,0.0,0.012600000000001273,-0.00287571198219047,-8.28088993375165e-05,time_exit,False,False,False
486,PF_XBTUSD,-1,0.0004,2026-05-22T07:11:00+00:00,2026-05-22T07:17:00+00:00,2026-05-22T07:18:00+00:00,77259.0,77250.0,77340.0,77349.0,30.900000000000002,0.8898689833759567,34.72421286420453,34.65369890864993,3.0900000000000003,3.0900000000000003,0.08898689833759567,10.0,stop_risk,77340.0,77340.0,0.07051980000000001,0.008681053216051135,-0.0396,0.030919800000000004,5.844445407603546e-06,9.740742346005909e-07,0.007200000000000001,-0.0705139555545924,-0.0020306854997793698,stop_intrabar,False,False,False
487,PF_XBTUSD,1,0.0005,2026-05-22T11:56:00+00:00,2026-05-22T12:56:00+00:00,2026-05-22T12:56:00+00:00,77313.0,77322.0,77387.0,77378.0,38.661,1.1156384806687925,34.65369890864993,34.64289018596086,3.8661000000000003,3.8661000000000003,0.11156384806687926,10.0,stop_risk,77254.0,77254.0,0.07714175000000001,0.008663424727162482,0.028,0.038675,-0.00013372268909028843,0.0,0.009000000000000001,-0.010808722689090288,-0.00031190675251097994,time_exit,False,False,False
488,PF_XBTUSD,-1,0.0003,2026-05-22T13:36:00+00:00,2026-05-22T13:40:00+00:00,2026-05-22T13:41:00+00:00,77147.0,77136.0,77253.0,77263.0,23.1408,0.6679812185352214,34.64289018596086,34.58163730569047,2.31408,2.31408,0.06679812185352216,9.999999999999998,stop_risk,77253.0,77253.0,0.06155999999999999,0.008660722546490215,-0.038099999999999995,0.02315985,6.9697296072593105e-06,1.7424324018148276e-06,0.006299999999999999,-0.06125288027039274,-0.0017681226924656436,stop_intrabar,False,False,False
489,PF_XBTUSD,-1,0.0002,2026-05-22T14:16:00+00:00,2026-05-22T15:16:00+00:00,2026-05-22T15:16:00+00:00,76988.0,76979.0,76753.0,76762.0,15.395800000000001,0.445201592507206,34.58163730569047,34.60975516762385,1.5395800000000002,1.5395800000000002,0.0445201592507206,10.0,stop_risk,77188.0,77188.0,0.05901760000000001,0.008645409326422618,0.0434,0.015374100000000002,9.196193333828395e-05,0.0,0.0036000000000000003,0.028117861933338283,0.0008130864853154722,time_exit,False,False,False
490,PF_XBTUSD,-1,0.0003,2026-05-22T18:06:00+00:00,2026-05-22T18:22:00+00:00,2026-05-22T18:23:00+00:00,76687.0,76678.0,76824.0,76833.0,23.0034,0.6646507578163636,34.60975516762385,34.540233860358285,2.30034,2.30034,0.06646507578163635,10.0,stop_risk,76824.0,76824.0,0.06952665,0.008652438791905963,-0.04649999999999999,0.02302665,5.342734455655126e-06,3.3392090347844535e-07,0.005399999999999999,-0.06952130726554434,-0.0020087199961061545,stop_intrabar,False,False,False
491,PF_ETHUSD,-1,0.002,2026-05-22T18:46:00+00:00,2026-05-22T19:46:00+00:00,2026-05-22T19:46:00+00:00,2084.0,2083.6,2060.7,2061.2,4.1672,0.12064770658031596,34.540233860358285,34.58091013601559,0.41672000000000003,0.41672000000000003,0.012064770658031595,10.0,stop_risk,2111.0,2111.0,0.05979500000000037,0.008635058465089572,0.04480000000000018,0.004144800000000001,2.1075657273131186e-05,0.0,0.0018000000000001819,0.04067627565727332,0.0011776491097808502,time_exit,False,False,False
492,PF_XBTUSD,-1,0.0003,2026-05-22T22:26:00+00:00,2026-05-22T23:26:00+00:00,2026-05-22T23:26:00+00:00,75711.0,75702.0,75663.0,75672.0,22.7106,0.6567380647494061,34.58091013601559,34.567274900555255,2.27106,2.27106,0.0656738064749406,10.0,stop_risk,75829.0,75829.0,0.06353099999999999,0.008645227534003899,0.009,0.0227061,7.086453977988202e-05,0.0,0.005399999999999999,-0.013635235460220118,-0.00039429949664682737,time_exit,False,False,False
493,PF_XBTUSD,1,0.0004,2026-05-23T03:01:00+00:00,2026-05-23T04:01:00+00:00,2026-05-23T04:01:00+00:00,75496.0,75505.0,75548.0,75539.0,30.202,0.8737165451105567,34.567274900555255,34.550595572335254,3.0202000000000004,3.0202000000000004,0.08737165451105569,10.0,stop_risk,75406.0,75406.0,0.07338040000000001,0.008641818725138814,0.013600000000000001,0.0302088,-7.052821992420885e-05,0.0,0.007200000000000001,-0.016679328219924208,-0.00048251788050715814,time_exit,False,False,False
494,PF_XBTUSD,-1,0.0005,2026-05-23T04:46:00+00:00,2026-05-23T05:46:00+00:00,2026-05-23T05:46:00+00:00,75432.0,75423.0,75441.0,75450.0,37.7115,1.0914862501008722,34.550595572335254,34.49944099819344,3.7711500000000004,3.7711500000000004,0.10914862501008722,9.999999999999998,stop_risk,75491.0,75491.0,0.07623075,0.008637648893083815,-0.0135,0.03771825,6.36758582644339e-05,0.0,0.009000000000000001,-0.051154574141735576,-0.0014805699668660754,time_exit,False,False,False
495,PF_XBTUSD,-1,0.0004,2026-05-23T07:21:00+00:00,2026-05-23T07:46:00+00:00,2026-05-23T07:47:00+00:00,75210.0,75201.0,74686.0,74694.0,30.0804,0.8719097796852754,34.49944099819344,34.67228911627704,3.0080400000000003,3.0080400000000003,0.08719097796852754,10.0,stop_risk,75293.0,75293.0,0.07050060000000001,0.008624860249548361,0.2028,0.029979,2.7118083639112522e-05,1.0847233455645003e-06,0.0068000000000000005,0.17284811808363912,0.005010171558799758,target_intrabar,False,False,True
496,PF_XBTUSD,-1,0.0001,2026-05-23T07:56:00+00:00,2026-05-23T08:56:00+00:00,2026-05-23T08:56:00+00:00,74422.0,74414.0,74590.0,74598.0,7.441400000000001,0.2146209607056664,34.67228911627704,34.646476986014584,0.7441400000000001,0.7441400000000001,0.021462096070566643,9.999999999999998,stop_risk,74760.0,74760.0,0.042859100000000004,0.008668072279069261,-0.0184,0.007450600000000001,3.846973740988852e-05,0.0,0.0016,-0.025812130262590112,-0.0007444599396372853,time_exit,False,False,False
497,PF_ETHUSD,1,0.014,2026-05-23T10:41:00+00:00,2026-05-23T11:41:00+00:00,2026-05-23T11:41:00+00:00,2029.3,2029.7,2028.6,2028.2,28.4158,0.8201641976894314,34.646476986014584,34.59690648132976,2.8415800000000004,2.8415800000000004,0.08201641976894315,9.999999999999998,stop_risk,2026.9,2026.9,0.07319340000000064,0.008661619246503646,-0.021,0.0284053,-0.0001652046847887432,0.0,0.011199999999999363,-0.04957050468478874,-0.0014307516664623188,time_exit,False,False,False
498,PF_XBTUSD,1,0.0004,2026-05-23T13:11:00+00:00,2026-05-23T14:11:00+00:00,2026-05-23T14:11:00+00:00,74868.0,74876.0,75150.0,75141.0,29.950400000000002,0.8656958972954056,34.59690648132976,34.672751156882676,2.9950400000000004,2.9950400000000004,0.08656958972954057,10.0,stop_risk,74788.0,74788.0,0.06833120000000001,0.00864922662033244,0.10600000000000001,0.0300034,-0.00015192444705456308,0.0,0.0068000000000000005,0.07584467555294545,0.0021922386498305873,time_exit,False,False,False
499,PF_XBTUSD,1,0.0003,2026-05-23T14:31:00+00:00,2026-05-23T15:31:00+00:00,2026-05-23T15:31:00+00:00,75215.0,75224.0,75440.0,75431.0,22.5672,0.6508626874715225,34.672751156882676,34.71216643989062,2.25672,2.25672,0.06508626874715226,10.0,stop_risk,75080.0,75080.0,0.06844425,0.008668187789220669,0.062099999999999995,0.02259825,-8.646699199322637e-05,0.0,0.005399999999999999,0.03941528300800678,0.0011367797966093235,time_exit,False,False,False
500,PF_ETHUSD,1,0.01,2026-05-23T18:11:00+00:00,2026-05-23T18:20:00+00:00,2026-05-23T18:21:00+00:00,2066.4,2066.9,2086.8,2086.4,20.669,0.5954396432095792,34.71216643989062,34.88640135713749,2.0669,2.0669,0.05954396432095791,10.0,stop_risk,2061.8,2061.8,0.07664099999999908,0.008678041609972657,0.195,0.0207665,1.4172468916659796e-06,1.574718768517755e-07,0.00900000000000091,0.1742349172468917,0.005019419273314613,target_intrabar,False,False,True
501,PF_XBTUSD,1,0.0003,2026-05-23T20:21:00+00:00,2026-05-23T20:29:00+00:00,2026-05-23T20:30:00+00:00,76047.0,76056.0,75924.0,75915.0,22.816799999999997,0.6540313449478748,34.88640135713749,34.82129716047996,2.2816799999999997,2.2816799999999997,0.06540313449478749,10.0,stop_risk,75924.0,75924.0,0.06509564999999999,0.008721600339284373,-0.0423,0.02279565,-8.546657495656628e-06,9.496286106285143e-07,0.005399999999999999,-0.06510419665749564,-0.0018661769091920348,stop_intrabar,False,False,False
502,PF_XBTUSD,1,0.0002,2026-05-23T20:41:00+00:00,2026-05-23T21:00:00+00:00,2026-05-23T21:01:00+00:00,76733.0,76742.0,77699.0,77690.0,15.348400000000002,0.4407762275272013,34.82129716047996,34.99544128472476,1.5348400000000002,1.5348400000000002,0.044077622752720126,10.0,stop_risk,76439.0,76439.0,0.0777172,0.00870532429011999,0.18960000000000002,0.0154432,-1.2675755202936335e-05,6.471261349751566e-07,0.0036000000000000003,0.17414412424479708,0.005001080902937757,target_intrabar,False,False,True
503,PF_ETHUSD,1,0.013,2026-05-24T01:31:00+00:00,2026-05-24T02:24:00+00:00,2026-05-24T02:25:00+00:00,2119.5,2119.9,2116.6,2116.2,27.558699999999998,0.7874939988834819,34.99544128472476,34.919488896192114,2.75587,2.75587,0.07874939988834818,10.0,stop_risk,2116.6,2116.6,0.07563465000000355,0.008748860321181192,-0.04810000000000354,0.027534649999999997,-0.0003177385327723654,5.957771025203319e-06,0.010400000000002364,-0.0759523885327759,-0.0021703509298489267,stop_intrabar,False,False,False
504,PF_XBTUSD,-1,0.0004,2026-05-24T05:26:00+00:00,2026-05-24T05:49:00+00:00,2026-05-24T05:50:00+00:00,76580.0,76571.0,76669.0,76678.0,30.628400000000003,0.877114785129056,34.919488896192114,34.846011674682146,3.0628400000000005,3.0628400000000005,0.0877114785129056,10.0,stop_risk,76669.0,76669.0,0.07344980000000001,0.008729872224048028,-0.042800000000000005,0.030649800000000005,-2.7421509940529247e-05,1.1425629141887185e-06,0.007200000000000001,-0.07347722150994054,-0.0021041894893814744,stop_intrabar,False,False,False
505,PF_XBTUSD,1,0.0004,2026-05-24T06:56:00+00:00,2026-05-24T07:10:00+00:00,2026-05-24T07:11:00+00:00,76902.0,76911.0,76805.0,76796.0,30.764400000000002,0.8828671782358468,34.846011674682146,34.76929181744605,3.0764400000000003,3.0764400000000003,0.08828671782358469,10.0,stop_risk,76805.0,76805.0,0.0767414,0.008711502918670537,-0.046,0.030741400000000002,2.154276393434098e-05,1.31924103816661e-06,0.007200000000000001,-0.07671985723606566,-0.002201682590028159,stop_intrabar,False,False,False
506,PF_XBTUSD,-1,0.0004,2026-05-24T12:26:00+00:00,2026-05-24T13:26:00+00:00,2026-05-24T13:26:00+00:00,77003.0,76994.0,76974.0,76983.0,30.797600000000003,0.8857701261705541,34.76929181744605,34.74293752622683,3.0797600000000003,3.0797600000000003,0.0885770126170554,10.0,stop_risk,77090.0,77090.0,0.0728186,0.008692322954361514,0.0044,0.030795400000000004,4.110878070738313e-05,0.0,0.007200000000000001,-0.026354291219292624,-0.0007579760714616837,time_exit,False,False,False
507,PF_XBTUSD,-1,0.0004,2026-05-24T13:36:00+00:00,2026-05-24T14:14:00+00:00,2026-05-24T14:15:00+00:00,76864.0,76855.0,76335.0,76344.0,30.742,0.8848417027717764,34.74293752622683,34.91671462822774,3.0742000000000003,3.0742000000000003,0.08848417027717766,10.0,stop_risk,76944.0,76944.0,0.0699616,0.008685734381556709,0.2044,0.030639800000000002,1.6902000824263938e-05,2.404249354876073e-07,0.007200000000000001,0.17377710200082427,0.005001796462076443,target_intrabar,False,False,True
508,PF_XBTUSD,-1,0.0003,2026-05-24T14:21:00+00:00,2026-05-24T14:22:00+00:00,2026-05-24T14:23:00+00:00,76248.0,76237.0,76411.0,76422.0,22.8711,0.6550186706715615,34.91671462822774,34.83831595854644,2.2871099999999998,2.2871099999999998,0.06550186706715615,10.0,stop_risk,76411.0,76411.0,0.07839884999999999,0.008729178657056934,-0.055499999999999994,0.02289885,1.8031870161570546e-07,1.8031870161570546e-07,0.006599999999999999,-0.07839866968129838,-0.002245304878080325,stop_intrabar,False,False,False
509,PF_XBTUSD,1,0.0003,2026-05-24T16:11:00+00:00,2026-05-24T16:36:00+00:00,2026-05-24T16:37:00+00:00,76531.0,76540.0,76365.0,76356.0,22.962,0.6591018930800823,34.83831595854644,34.760182610067616,2.2962000000000002,2.2962000000000002,0.06591018930800824,9.999999999999998,stop_risk,76365.0,76365.0,0.07813439999999999,0.00870957898963661,-0.05519999999999999,0.0229344,1.051521237407015e-06,4.206084949628061e-08,0.005399999999999999,-0.07813334847876259,-0.002242741829763879,stop_intrabar,False,False,False
510,PF_XBTUSD,-1,0.0001,2026-05-24T21:36:00+00:00,2026-05-24T22:01:00+00:00,2026-05-24T22:02:00+00:00,76141.0,76131.0,76443.0,76452.0,7.6131,0.21901783674160022,34.760182610067616,34.72046410238514,0.76131,0.76131,0.021901783674160024,10.0,stop_risk,76443.0,76443.0,0.0398292,0.008690045652516905,-0.032100000000000004,0.00762915,1.0642317497254344e-05,4.343390656440205e-09,0.0019,-0.03971850768250275,-0.0011426438154268801,stop_intrabar,False,False,False
511,PF_XBTUSD,1,0.0002,2026-05-24T22:16:00+00:00,2026-05-24T23:16:00+00:00,2026-05-24T23:16:00+00:00,76796.0,76805.0,76915.0,76906.0,15.361,0.44241920138805896,34.72046410238514,34.7252894951072,1.5361000000000002,1.5361000000000002,0.0442419201388059,9.999999999999998,stop_risk,76562.0,76562.0,0.0657358,0.008680116025596284,0.020200000000000003,0.015371100000000002,-3.5072778275098194e-06,0.0,0.0036000000000000003,0.004825392722172492,0.00013897834740754546,time_exit,False,False,False
512,PF_XBTUSD,1,0.0002,2026-05-24T23:46:00+00:00,2026-05-25T00:46:00+00:00,2026-05-25T00:46:00+00:00,77085.0,77094.0,77004.0,76995.0,15.418800000000001,0.4440222162056421,34.7252894951072,34.6900743231974,1.5418800000000001,1.5418800000000001,0.04440222162056421,10.0,stop_risk,76909.0,76909.0,0.05419940000000001,0.0086813223737768,-0.0198,0.015408900000000001,-6.2719099073602495e-06,0.0,0.0036000000000000003,-0.03521517190990736,-0.0010141073673372598,time_exit,False,False,False
513,PF_ETHUSD,-1,0.015,2026-05-25T02:01:00+00:00,2026-05-25T02:03:00+00:00,2026-05-25T02:04:00+00:00,2094.2,2093.8,2096.3,2096.7,31.407,0.905359835997757,34.6900743231974,34.6151581392859,3.1407000000000003,3.1407000000000003,0.09053598359977572,10.0,stop_risk,2096.3,2096.3,0.07492874999999453,0.00867251858079935,-0.04349999999999454,0.03142874999999999,1.2566088499479515e-05,6.283044249739758e-06,0.011999999999989085,-0.07491618391149506,-0.0021595855694491344,stop_intrabar,False,False,False
514,PF_XBTUSD,1,0.0002,2026-05-25T02:16:00+00:00,2026-05-25T02:25:00+00:00,2026-05-25T02:26:00+00:00,77250.0,77259.0,77078.0,77069.0,15.4518,0.44638825389225173,34.6151581392859,34.56172161813864,1.5451800000000002,1.5451800000000002,0.04463882538922518,9.999999999999998,stop_risk,77078.0,77078.0,0.0534328,0.008653789534821476,-0.038,0.0154328,-3.7211472753047005e-06,3.721147275304701e-07,0.0036000000000000003,-0.053436521147275304,-0.0015437318221183686,stop_intrabar,False,False,False
515,PF_XBTUSD,1,0.0003,2026-05-25T04:51:00+00:00,2026-05-25T05:51:00+00:00,2026-05-25T05:51:00+00:00,77198.0,77207.0,77319.0,77310.0,23.1621,0.670166268217498,34.56172161813864,34.56939148509478,2.31621,2.31621,0.0670166268217498,10.0,stop_risk,77090.0,77090.0,0.060943199999999996,0.00864043040453466,0.030899999999999997,0.023177549999999998,-5.258304369304446e-05,0.0,0.005399999999999999,0.007669866956306955,0.00022191796580763108,time_exit,False,False,False
516,PF_XBTUSD,1,0.0003,2026-05-25T09:01:00+00:00,2026-05-25T10:01:00+00:00,2026-05-25T10:01:00+00:00,77399.0,77408.0,77528.0,77519.0,23.222399999999997,0.6717618969374325,34.56939148509478,34.579467577913896,2.32224,2.32224,0.06717618969374325,10.0,stop_risk,77284.0,77284.0,0.06310244999999999,0.008642347871273697,0.033299999999999996,0.023239049999999997,1.5142818913126004e-05,0.0,0.005399999999999999,0.010076092818913125,0.00029147440513257555,time_exit,False,False,False
517,PF_XBTUSD,-1,0.0004,2026-05-25T12:01:00+00:00,2026-05-25T13:01:00+00:00,2026-05-25T13:01:00+00:00,77280.0,77271.0,77275.0,77284.0,30.9084,0.893836781331514,34.579467577913896,34.54325673187912,3.09084,3.09084,0.0893836781331514,10.0,stop_risk,77366.0,77366.0,0.0725292,0.008644866894478475,-0.005200000000000001,0.030911,-9.984603487492389e-05,0.0,0.007200000000000001,-0.03621084603487493,-0.001047177662677577,time_exit,False,False,False
518,PF_XBTUSD,1,0.0003,2026-05-25T14:16:00+00:00,2026-05-25T15:16:00+00:00,2026-05-25T15:16:00+00:00,77410.0,77419.0,77602.0,77593.0,23.225699999999996,0.6723656712589456,34.54325673187912,34.57220995935233,2.32257,2.32257,0.06723656712589457,10.0,stop_risk,77304.0,77304.0,0.06040709999999999,0.00863581418296978,0.052199999999999996,0.0232518,5.027473153527324e-06,0.0,0.005399999999999999,0.02895322747315352,0.0008381730679850259,time_exit,False,False,False
519,PF_ETHUSD,-1,0.013,2026-05-25T18:51:00+00:00,2026-05-25T19:51:00+00:00,2026-05-25T19:51:00+00:00,2126.4,2125.9,2119.6,2120.0,27.6367,0.7993906097554472,34.57220995935233,34.6214988079447,2.7636700000000003,2.7636700000000003,0.07993906097554472,10.0,stop_risk,2128.9,2128.9,0.07315945,0.008643052489838083,0.07670000000000118,0.02759835,0.000187198592392507,0.0,0.011700000000001182,0.049288848592393686,0.0014256782731084934,time_exit,False,False,False
520,PF_XBTUSD,-1,0.0004,2026-05-25T20:46:00+00:00,2026-05-25T21:06:00+00:00,2026-05-25T21:07:00+00:00,77223.0,77214.0,77292.0,77301.0,30.8856,0.8920930942744913,34.6214988079447,34.55578300688682,3.08856,3.08856,0.08920930942744915,10.0,stop_risk,77292.0,77292.0,0.065703,0.008655374701986174,-0.034800000000000005,0.030903,-1.2801057830260559e-05,2.7662738577107846e-08,0.007200000000000001,-0.06571580105783027,-0.0018981212056235497,stop_intrabar,False,False,False
521,PF_XBTUSD,-1,0.0004,2026-05-26T00:46:00+00:00,2026-05-26T01:46:00+00:00,2026-05-26T01:46:00+00:00,76851.0,76842.0,76646.0,76655.0,30.736800000000002,0.88948353431535,34.55578300688682,34.599909838097176,3.0736800000000004,3.0736800000000004,0.08894835343153501,10.0,stop_risk,76925.0,76925.0,0.06755520000000001,0.008638945751721706,0.0748,0.0306994,2.623121025656068e-05,0.0,0.007200000000000001,0.04412683121025657,0.0012769738483848646,time_exit,False,False,False
522,PF_XBTUSD,1,0.0004,2026-05-26T04:36:00+00:00,2026-05-26T05:36:00+00:00,2026-05-26T05:36:00+00:00,76696.0,76705.0,76891.0,76882.0,30.682000000000002,0.8867653165447485,34.599909838097176,34.63989671383512,3.0682000000000005,3.0682000000000005,0.08867653165447487,10.0,stop_risk,76602.0,76602.0,0.0754596,0.008649977459524295,0.0708,0.030717400000000002,-9.572426207424644e-05,0.0,0.007200000000000001,0.03998687573792575,0.0011556930617748927,time_exit,False,False,False
523,PF_XBTUSD,1,0.0006,2026-05-26T05:41:00+00:00,2026-05-26T05:53:00+00:00,2026-05-26T05:54:00+00:00,76811.0,76820.0,76780.0,76771.0,46.092,1.3306044293599446,34.63989671383512,34.5643875121966,4.6092,4.6092,0.13306044293599448,9.999999999999998,stop_risk,76780.0,76780.0,0.0754773,0.008659974178458782,-0.0294,0.0460773,-3.1901638557855e-05,2.4539721967580776e-06,0.010799999999999999,-0.07550920163855786,-0.002179833336754714,stop_intrabar,False,False,False
524,PF_XBTUSD,-1,0.0003,2026-05-26T07:16:00+00:00,2026-05-26T08:11:00+00:00,2026-05-26T08:12:00+00:00,76586.0,76577.0,76719.0,76728.0,22.9731,0.6646465235900265,34.5643875121966,34.49618557499251,2.29731,2.29731,0.06646465235900266,10.0,stop_risk,76719.0,76719.0,0.06829574999999999,0.008641096878049152,-0.04529999999999999,0.022995750000000002,9.381279601210161e-05,1.7888888326813034e-06,0.005399999999999999,-0.06820193720398789,-0.001973185180264564,stop_intrabar,False,False,False
525,PF_XBTUSD,1,0.0003,2026-05-26T10:26:00+00:00,2026-05-26T11:26:00+00:00,2026-05-26T11:26:00+00:00,76892.0,76901.0,77166.0,77157.0,23.0703,0.6687782899893856,34.49618557499251,34.549786066477694,2.30703,2.30703,0.06687782899893856,10.0,stop_risk,76743.0,76743.0,0.07314525,0.008624046393748128,0.0768,0.0231087,-9.080851462803688e-05,0.0,0.005399999999999999,0.05360049148537196,0.0015538092282362033,time_exit,False,False,False
526,PF_XBTUSD,-1,0.0003,2026-05-26T13:31:00+00:00,2026-05-26T13:42:00+00:00,2026-05-26T13:43:00+00:00,76698.0,76689.0,76838.0,76848.0,23.0067,0.6658999264346386,34.549786066477694,34.4790797683589,2.3006699999999998,2.3006699999999998,0.06658999264346387,10.0,stop_risk,76838.0,76838.0,0.07043039999999999,0.008637446516619424,-0.04769999999999999,0.023030549999999997,2.4251881222136835e-05,2.204716474739712e-06,0.005699999999999999,-0.07070629811877785,-0.0020465046580239584,stop_intrabar,False,False,False
527,PF_XBTUSD,1,0.0001,2026-05-26T14:26:00+00:00,2026-05-26T14:36:00+00:00,2026-05-26T14:37:00+00:00,77895.0,77904.0,77391.0,77382.0,7.7904,0.22594570540566372,34.4790797683589,34.419109247928354,0.7790400000000001,0.7790400000000001,0.022594570540566374,10.0,stop_risk,77391.0,77391.0,0.059964300000000005,0.008619769942089725,-0.0522,0.0077643,-6.220430532078185e-06,5.654936847343805e-07,0.0018000000000000002,-0.05997052043053208,-0.0017393306559639222,stop_intrabar,False,False,False
528,PF_ETHUSD,-1,0.004,2026-05-26T15:41:00+00:00,2026-05-26T16:41:00+00:00,2026-05-26T16:41:00+00:00,2084.5,2084.0,2076.7,2077.2,8.336,0.2421910439330075,34.419109247928354,34.438015335472855,0.8336000000000001,0.8336000000000001,0.02421910439330075,9.999999999999998,stop_risk,2099.5,2099.5,0.072368,0.008604777311982089,0.027200000000000727,0.0083224,2.84875446481839e-05,0.0,0.004,0.01890608754464891,0.0005492904365555842,time_exit,False,False,False
529,PF_XBTUSD,-1,0.0002,2026-05-26T17:31:00+00:00,2026-05-26T18:22:00+00:00,2026-05-26T18:23:00+00:00,75900.0,75887.0,76162.0,76171.0,15.1774,0.4407164539579762,34.438015335472855,34.366073788806304,1.51774,1.51774,0.04407164539579762,10.0,stop_risk,76162.0,76162.0,0.0728062,0.008609503833868213,-0.0568,0.015205800000000002,6.42533335285165e-05,1.3169142360950547e-06,0.0044,-0.0719415466664715,-0.0020890154663578465,stop_intrabar,False,False,False
530,PF_XBTUSD,-1,0.0002,2026-05-26T22:16:00+00:00,2026-05-26T23:11:00+00:00,2026-05-26T23:12:00+00:00,75663.0,75654.0,75833.0,75842.0,15.1308,0.44028305627768266,34.366073788806304,34.31334523402751,1.5130800000000002,1.5130800000000002,0.04402830562776827,10.0,stop_risk,75833.0,75833.0,0.0527496,0.008591518447201577,-0.0376,0.015149600000000001,2.104522125705616e-05,4.50040476734241e-07,0.0036000000000000003,-0.05272855477874294,-0.001534320012893578,stop_intrabar,False,False,False
531,PF_ETHUSD,1,0.012,2026-05-27T01:01:00+00:00,2026-05-27T01:18:00+00:00,2026-05-27T01:19:00+00:00,2079.6,2080.0,2076.4,2076.0,24.96,0.7274137753041905,34.31334523402751,34.24033304431505,2.4960000000000004,2.4960000000000004,0.07274137753041905,9.999999999999998,stop_risk,2076.4,2076.4,0.072936,0.008578336308506877,-0.048,0.024936,-7.618971249120332e-05,4.232761805066851e-06,0.009600000000002183,-0.07301218971249121,-0.002127807394310457,stop_intrabar,False,False,False
532,PF_ETHUSD,1,0.012,2026-05-27T03:11:00+00:00,2026-05-27T03:35:00+00:00,2026-05-27T03:36:00+00:00,2075.2,2075.6,2071.9,2071.5,24.9072,0.7274228310736411,34.24033304431505,34.16614087936541,2.49072,2.49072,0.07274228310736412,10.0,stop_risk,2071.9,2071.9,0.07408259999999892,0.008560083261078764,-0.04919999999999891,0.0248826,-0.00010956494971417006,4.382597988566804e-06,0.009600000000002183,-0.07419216494971309,-0.0021668061713561886,stop_intrabar,False,False,False
533,PF_ETHUSD,-1,0.011,2026-05-27T04:21:00+00:00,2026-05-27T04:48:00+00:00,2026-05-27T04:49:00+00:00,2061.9,2061.5,2065.8,2066.2,22.676499999999997,0.6637126528297914,34.16614087936541,34.09186090756815,2.2676499999999997,2.2676499999999997,0.06637126528297914,10.0,stop_risk,2065.8,2065.8,0.074402349999998,0.008541535219841353,-0.051699999999998,0.022702349999999996,0.0001223782026875421,4.5325260254645206e-06,0.008799999999996998,-0.07427997179731045,-0.0021740814117573266,stop_intrabar,False,False,False
534,PF_ETHUSD,1,0.01,2026-05-27T05:31:00+00:00,2026-05-27T06:31:00+00:00,2026-05-27T06:31:00+00:00,2073.5,2073.9,2078.1,2077.7,20.739,0.6083270155368988,34.09186090756815,34.10885832859007,2.0739,2.0739,0.06083270155368988,10.0,stop_risk,2069.3,2069.3,0.07071400000000001,0.008522965226892039,0.03799999999999727,0.020758,-0.00024457897805423733,0.0,0.00800000000000182,0.016997421021943036,0.0004985770963934013,time_exit,False,False,False
535,PF_XBTUSD,1,0.0003,2026-05-27T06:51:00+00:00,2026-05-27T07:51:00+00:00,2026-05-27T07:51:00+00:00,75744.0,75753.0,75785.0,75776.0,22.7259,0.6662755985869845,34.10885832859007,34.09297013866388,2.27259,2.27259,0.06662755985869846,10.0,stop_risk,75640.0,75640.0,0.059307599999999995,0.008527214582147518,0.006899999999999999,0.02272935,-5.8839926096170207e-05,0.0,0.005399999999999999,-0.01588818992609617,-0.0004658083179752363,time_exit,False,False,False
536,PF_ETHUSD,1,0.009,2026-05-27T08:31:00+00:00,2026-05-27T08:51:00+00:00,2026-05-27T08:52:00+00:00,2091.3,2091.7,2086.5,2086.1,18.8253,0.552175416909504,34.09297013866388,34.02367385867024,1.88253,1.88253,0.0552175416909504,9.999999999999998,stop_risk,2086.5,2086.5,0.06920009999999917,0.00852324253466597,-0.050399999999999175,0.0188001,-9.61799936343728e-05,4.579999696874896e-06,0.0071999999999975434,-0.06929627999363355,-0.0020325679960352468,stop_intrabar,False,False,False
537,PF_XBTUSD,-1,0.0004,2026-05-27T11:56:00+00:00,2026-05-27T12:20:00+00:00,2026-05-27T12:21:00+00:00,75664.0,75655.0,75752.0,75762.0,30.262,0.8894395157237949,34.02367385867024,33.95061359611027,3.0262000000000002,3.0262000000000002,0.0889439515723795,10.0,stop_risk,75752.0,75752.0,0.0726832,0.00850591846466756,-0.042800000000000005,0.030283400000000002,2.31374399799514e-05,9.715786059375e-07,0.0076,-0.07306026256002006,-0.0021473360832079025,stop_intrabar,False,False,False
538,PF_XBTUSD,-1,0.0002,2026-05-27T13:16:00+00:00,2026-05-27T14:16:00+00:00,2026-05-27T14:16:00+00:00,75291.0,75282.0,74930.0,74938.0,15.0564,0.4434794663541814,33.95061359611027,34.004471839222035,1.50564,1.50564,0.04434794663541815,10.0,stop_risk,75574.0,75574.0,0.0752865,0.00848765339902757,0.0688,0.015022,8.0243111711796e-05,0.0,0.0034000000000000002,0.05385824311171179,0.0015863702421532182,time_exit,False,False,False
539,PF_XBTUSD,-1,0.0002,2026-05-27T17:21:00+00:00,2026-05-27T18:21:00+00:00,2026-05-27T18:21:00+00:00,74868.0,74860.0,74673.0,74681.0,14.972000000000001,0.4402950315120241,34.004471839222035,34.02544835855524,1.4972000000000003,1.4972000000000003,0.044029503151202416,9.999999999999998,stop_risk,75038.0,75038.0,0.052390700000000005,0.008501117959805508,0.0358,0.014954100000000001,0.00013061933329101095,0.0,0.0032,0.02097651933329101,0.000616875316648674,time_exit,False,False,False
540,PF_XBTUSD,1,0.0003,2026-05-27T20:11:00+00:00,2026-05-27T21:11:00+00:00,2026-05-27T21:11:00+00:00,75150.0,75159.0,75048.0,75039.0,22.5477,0.6626716498309033,34.02544835855524,33.966721928013754,2.25477,2.25477,0.06626716498309033,9.999999999999998,stop_risk,75025.0,75025.0,0.06542624999999999,0.00850636208963881,-0.036,0.0225297,-0.00019673054144265202,0.0,0.005399999999999999,-0.05872643054144265,-0.001725956111513713,time_exit,False,False,False
541,PF_ETHUSD,-1,0.003,2026-05-27T21:41:00+00:00,2026-05-27T22:41:00+00:00,2026-05-27T22:41:00+00:00,2033.2,2032.8,2029.6,2030.1,6.0984,0.17954043410266207,33.966721928013754,33.96872076144042,0.60984,0.60984,0.01795404341026621,9.999999999999998,stop_risk,2050.6,2050.6,0.06072570000000013,0.008491680482003439,0.008100000000000137,0.00609435,-6.816573397924558e-06,0.0,0.002700000000000273,0.001998833426602212,5.884681574037004e-05,time_exit,False,False,False
542,PF_ETHUSD,-1,0.006,2026-05-28T03:21:00+00:00,2026-05-28T04:02:00+00:00,2026-05-28T04:03:00+00:00,1988.0,1987.6,1956.8,1957.3,11.9256,0.3510759231633279,33.96872076144042,34.13867272650456,1.19256,1.19256,0.03510759231633279,9.999999999999998,stop_risk,1997.0,1997.0,0.0707550000000011,0.008492180190360106,0.18179999999999974,0.0118347,-1.3334935845511963e-05,6.183404704028217e-07,0.005400000000000546,0.16995196506415422,0.005003190030549372,target_intrabar,False,False,True
543,PF_XBTUSD,-1,0.0003,2026-05-28T06:41:00+00:00,2026-05-28T06:45:00+00:00,2026-05-28T06:46:00+00:00,72724.0,72716.0,72870.0,72878.0,21.814799999999998,0.6390055106935496,34.13867272650456,34.0682450898694,2.18148,2.18148,0.06390055106935497,9.999999999999998,stop_risk,72870.0,72870.0,0.07043909999999999,0.00853466818162614,-0.0486,0.0218391,1.146336484509009e-05,2.8658412112725225e-06,0.0048,-0.0704276366351549,-0.002062986959082224,stop_intrabar,False,False,False
544,PF_ETHUSD,1,0.01,2026-05-28T07:06:00+00:00,2026-05-28T08:06:00+00:00,2026-05-28T08:06:00+00:00,1982.0,1982.4,1988.1,1987.7,19.824,0.5818908472598404,34.0682450898694,34.10129361904346,1.9824000000000002,1.9824000000000002,0.05818908472598404,10.0,stop_risk,1977.6,1977.6,0.07179800000000046,0.008517061272467352,0.05299999999999955,0.0198505,-0.00010097082580016888,0.0,0.007999999999999546,0.03304852917419937,0.0009700684343152957,time_exit,False,False,False
545,PF_ETHUSD,-1,0.014,2026-05-28T12:26:00+00:00,2026-05-28T12:28:00+00:00,2026-05-28T12:29:00+00:00,1979.8,1979.4,1982.4,1982.8,27.7116,0.8126260636788508,34.10129361904346,34.02596017039059,2.77116,2.77116,0.08126260636788508,10.0,stop_risk,1982.4,1982.4,0.07533539999999808,0.008525323404760865,-0.04759999999999809,0.0277354,1.951347126412551e-06,9.756735632062756e-07,0.01119999999999618,-0.07533344865287168,-0.002209108237782587,stop_intrabar,False,False,False
546,PF_XBTUSD,-1,0.0001,2026-05-28T13:26:00+00:00,2026-05-28T14:15:00+00:00,2026-05-28T14:16:00+00:00,72927.0,72919.0,73228.0,73236.0,7.2919,0.21430401856360884,34.02596017039059,33.98699458468399,0.72919,0.72919,0.021430401856360883,10.0,stop_risk,73228.0,73228.0,0.03900775,0.008506490042597648,-0.0317,0.007307750000000001,4.216429353177208e-05,9.122310538221374e-07,0.0016,-0.03896558570646823,-0.0011451722599844839,stop_intrabar,False,False,False
547,PF_ETHUSD,1,0.006,2026-05-28T16:46:00+00:00,2026-05-28T17:46:00+00:00,2026-05-28T17:46:00+00:00,2007.0,2007.4,2022.0,2021.6,12.044400000000001,0.3543826145024229,33.98699458468399,34.060013415952625,1.2044400000000002,1.2044400000000002,0.035438261450242294,10.0,stop_risk,1997.9,1997.9,0.07141470000000054,0.008496748646170999,0.08519999999999892,0.012087,-9.416873139347933e-05,0.0,0.004800000000001092,0.07301883126860544,0.002148434486805458,time_exit,False,False,False
548,PF_ETHUSD,-1,0.011,2026-05-28T20:01:00+00:00,2026-05-28T20:21:00+00:00,2026-05-28T20:22:00+00:00,2012.6,2012.2,2016.4,2016.8,22.1342,0.6498588162514654,34.060013415952625,33.98735175689651,2.21342,2.21342,0.06498588162514654,10.0,stop_risk,2016.4,2016.4,0.07275949999999899,0.008515003353988157,-0.050599999999999,0.0221595,9.784094387894359e-05,4.892047193947181e-06,0.008799999999996998,-0.07266165905612006,-0.0021333420562332384,stop_intrabar,False,False,False
549,PF_XBTUSD,1,0.0005,2026-05-28T21:46:00+00:00,2026-05-28T22:03:00+00:00,2026-05-28T22:04:00+00:00,73746.0,73754.0,73699.0,73691.0,36.877,1.0850212827340142,33.98735175689651,33.91898489808571,3.6877000000000004,3.6877000000000004,0.10850212827340143,10.0,stop_risk,73699.0,73699.0,0.06836125,0.008496837939224127,-0.0315,0.03686125,-5.608810818365655e-06,2.049818860257894e-07,0.008,-0.06836685881081836,-0.002011538271643826,stop_intrabar,False,False,False
550,PF_ETHUSD,-1,0.01,2026-05-28T22:36:00+00:00,2026-05-28T23:36:00+00:00,2026-05-28T23:36:00+00:00,2006.1,2005.6,2007.3,2007.8,20.056,0.5912912800975922,33.91898489808571,33.876995840550144,2.0056000000000003,2.0056000000000003,0.05912912800975923,10.0,stop_risk,2010.4,2010.4,0.07308250000000183,0.008479746224521429,-0.022000000000000457,0.020067,7.794246435233685e-05,0.0,0.01,-0.04198905753564812,-0.001237921997424453,time_exit,False,False,False
551,PF_XBTUSD,1,0.0003,2026-05-29T00:21:00+00:00,2026-05-29T01:20:00+00:00,2026-05-29T01:21:00+00:00,73721.0,73729.0,73581.0,73573.0,22.118699999999997,0.6529120853604238,33.876995840550144,33.808062467882934,2.21187,2.21187,0.06529120853604238,10.0,stop_risk,73581.0,73581.0,0.06889529999999999,0.008469248960137536,-0.046799999999999994,0.0220953,-3.807266710667779e-05,8.421393281934562e-07,0.0048,-0.06893337266710667,-0.0020348136237214602,stop_intrabar,False,False,False
552,PF_ETHUSD,-1,0.013,2026-05-29T02:31:00+00:00,2026-05-29T02:35:00+00:00,2026-05-29T02:36:00+00:00,2000.8,2000.4,2003.8,2004.3,26.0052,0.7692011343360621,33.808062467882934,33.73133610379288,2.60052,2.60052,0.0769201134336062,10.0,stop_risk,2003.8,2003.8,0.07542989999999941,0.008452015616970733,-0.050699999999998226,0.02603055,4.185909930933179e-06,1.0464774827332947e-06,0.011699999999998226,-0.07672636409006728,-0.0022694694250212054,stop_intrabar,False,False,False
553,PF_XBTUSD,-1,0.0003,2026-05-29T03:01:00+00:00,2026-05-29T03:07:00+00:00,2026-05-29T03:08:00+00:00,73164.0,73156.0,73278.0,73286.0,21.9468,0.6506353597280785,33.73133610379288,33.670372516999265,2.19468,2.19468,0.06506353597280785,10.0,stop_risk,73278.0,73278.0,0.060966299999999994,0.008432834025948221,-0.039,0.021966299999999998,2.7132064019889935e-06,4.522010669981656e-07,0.0048,-0.060963586793598014,-0.001807327957778199,stop_intrabar,False,False,False
554,PF_XBTUSD,1,0.0004,2026-05-29T05:01:00+00:00,2026-05-29T06:01:00+00:00,2026-05-29T06:01:00+00:00,73412.0,73420.0,73603.0,73594.0,29.368000000000002,0.872220822183446,33.670372516999265,33.71051890469201,2.9368000000000003,2.9368000000000003,0.0872220822183446,10.0,stop_risk,73316.0,73316.0,0.0741456,0.008417593129249817,0.06960000000000001,0.0294028,-5.0812307407070645e-05,0.0,0.0068000000000000005,0.04014638769259293,0.001192335715095641,time_exit,False,False,False
555,PF_ETHUSD,1,0.013,2026-05-29T06:21:00+00:00,2026-05-29T06:37:00+00:00,2026-05-29T06:38:00+00:00,2014.0,2014.4,2011.3,2010.9,26.1872,0.7768257757775163,33.71051890469201,33.63886178563722,2.61872,2.61872,0.07768257757775164,10.0,stop_risk,2011.3,2011.3,0.07166445,0.008427629726173003,-0.0455,0.02616445,7.330945155924376e-06,4.581840722452734e-07,0.010399999999999408,-0.07165711905484407,-0.0021256605173428657,stop_intrabar,False,False,False
556,PF_XBTUSD,-1,0.0003,2026-05-29T07:41:00+00:00,2026-05-29T08:00:00+00:00,2026-05-29T08:01:00+00:00,73360.0,73351.0,73502.0,73510.0,22.0053,0.6541630373889642,33.63886178563722,33.569143402339066,2.20053,2.20053,0.06541630373889643,9.999999999999998,stop_risk,73502.0,73502.0,0.07002929999999999,0.008409715446409305,-0.04769999999999999,0.022029149999999997,1.07667018250879e-05,4.535767893959557e-07,0.0050999999999999995,-0.0697183832981749,-0.002072554765451147,stop_intrabar,False,False,False
557,PF_XBTUSD,-1,0.0004,2026-05-29T11:46:00+00:00,2026-05-29T12:46:00+00:00,2026-05-29T12:46:00+00:00,73422.0,73414.0,73182.0,73190.0,29.3656,0.8747795452520791,33.569143402339066,33.629424907565735,2.93656,2.93656,0.08747795452520792,10.0,stop_risk,73489.0,73489.0,0.0625822,0.008392285850584767,0.0896,0.0293208,2.305226847205714e-06,0.0,0.0064,0.060281505226847214,0.001795741538720552,time_exit,False,False,False
558,PF_XBTUSD,-1,0.0003,2026-05-29T13:21:00+00:00,2026-05-29T13:37:00+00:00,2026-05-29T13:38:00+00:00,73026.0,73018.0,73149.0,73157.0,21.905399999999997,0.6513759917158696,33.629424907565735,33.565812360906264,2.19054,2.19054,0.06513759917158697,9.999999999999998,stop_risk,73149.0,73149.0,0.06362625,0.008407356226891434,-0.041699999999999994,0.02192625,1.3703340481825169e-05,8.564587801140733e-07,0.0048,-0.06361254665951817,-0.001891574025852789,stop_intrabar,False,False,False
559,PF_XBTUSD,-1,0.0002,2026-05-29T14:26:00+00:00,2026-05-29T14:51:00+00:00,2026-05-29T14:52:00+00:00,72582.0,72571.0,72854.0,72862.0,14.5142,0.43241021084013836,33.565812360906264,33.49310358349354,1.4514200000000002,1.4514200000000002,0.04324102108401384,10.0,stop_risk,72854.0,72854.0,0.07334360000000001,0.008391453090226568,-0.0582,0.014543300000000002,3.452258735648284e-05,1.3809034942593134e-06,0.0038,-0.07270877741264353,-0.0021661557489169145,stop_intrabar,False,False,False
560,PF_XBTUSD,1,0.0001,2026-05-29T15:16:00+00:00,2026-05-29T16:16:00+00:00,2026-05-29T16:16:00+00:00,73631.0,73641.0,73835.0,73827.0,7.3641000000000005,0.21986914355793713,33.49310358349354,33.50429250470844,0.7364100000000001,0.7364100000000001,0.021986914355793717,9.999999999999998,stop_risk,73224.0,73224.0,0.050042750000000004,0.008373275895873387,0.018600000000000002,0.0073734000000000004,-3.767878511795667e-05,0.0,0.0018000000000000002,0.011188921214882044,0.000334066420180789,time_exit,False,False,False
561,PF_XBTUSD,-1,0.0002,2026-05-29T18:26:00+00:00,2026-05-29T19:26:00+00:00,2026-05-29T19:26:00+00:00,73748.0,73740.0,73241.0,73249.0,14.748000000000001,0.44018240343166265,33.50429250470844,33.58780148986614,1.4748,1.4748,0.044018240343166266,10.0,stop_risk,73940.0,73940.0,0.056368800000000004,0.00837607312617711,0.09820000000000001,0.0146989,7.885157665716796e-06,0.0,0.0032,0.08350898515766572,0.002492486153704932,time_exit,False,False,False
562,PF_ETHUSD,-1,0.008,2026-05-29T21:31:00+00:00,2026-05-29T22:31:00+00:00,2026-05-29T22:31:00+00:00,2009.1,2008.6,2013.7,2014.1,16.0688,0.4784117830649963,33.58780148986614,33.527850456428574,1.60688,1.60688,0.047841178306499636,10.0,stop_risk,2015.0,2015.0,0.07129640000000073,0.008396950372466535,-0.044,0.016090800000000002,0.00013976656233170485,0.0,0.007199999999998909,-0.05995103343766829,-0.0017849049588957548,time_exit,False,False,False
563,PF_ETHUSD,1,0.011,2026-05-30T01:26:00+00:00,2026-05-30T02:26:00+00:00,2026-05-30T02:26:00+00:00,2017.4,2017.8,2015.1,2014.7,22.1958,0.6620108267556476,33.527850456428574,33.47132001128386,2.21958,2.21958,0.06620108267556478,9.999999999999998,stop_risk,2013.8,2013.8,0.0705715999999985,0.008381962614107145,-0.034099999999999,0.022178749999999997,-0.00025169514476953395,0.0,0.008799999999996998,-0.056530445144768536,-0.0016860742449991894,time_exit,False,False,False
564,PF_XBTUSD,-1,0.0004,2026-05-30T04:06:00+00:00,2026-05-30T05:05:00+00:00,2026-05-30T05:06:00+00:00,73396.0,73388.0,73484.0,73492.0,29.3552,0.8770254650878355,33.47132001128386,33.40029350163261,2.9355200000000004,2.9355200000000004,0.08770254650878356,9.999999999999998,stop_risk,73484.0,73484.0,0.070976,0.008367830002820964,-0.041600000000000005,0.029376000000000003,-5.0509651420560025e-05,6.946759766300001e-07,0.0064,-0.07102650965142057,-0.002122011012038847,stop_intrabar,False,False,False
565,PF_XBTUSD,-1,0.0005,2026-05-30T07:46:00+00:00,2026-05-30T07:49:00+00:00,2026-05-30T07:50:00+00:00,73411.0,73403.0,73453.0,73461.0,36.7015,1.0988376493819143,33.40029350163261,33.33457678669181,3.6701500000000005,3.6701500000000005,0.10988376493819142,10.0,stop_risk,73453.0,73453.0,0.06571600000000001,0.008350073375408154,-0.029,0.036716,-7.149407968035943e-07,1.7873519920089859e-07,0.008,-0.0657167149407968,-0.001967549025806751,stop_intrabar,False,False,False
566,PF_XBTUSD,1,0.0005,2026-05-30T10:16:00+00:00,2026-05-30T11:16:00+00:00,2026-05-30T11:16:00+00:00,73553.0,73561.0,73538.0,73530.0,36.7805,1.103373840182783,33.33457678669181,33.282273221747715,3.6780500000000007,3.6780500000000007,0.11033738401827832,9.999999999999998,stop_risk,73497.0,73497.0,0.07276250000000001,0.008333644196672953,-0.0155,0.03677275000000001,-3.081494399658104e-05,0.0,0.008,-0.052303564943996586,-0.0015690484171641795,time_exit,False,False,False
567,PF_ETHUSD,1,0.02,2026-05-30T13:06:00+00:00,2026-05-30T13:32:00+00:00,2026-05-30T13:33:00+00:00,2017.2,2017.6,2016.3,2015.9,40.352,1.2124171847021763,33.282273221747715,33.20782412545377,4.0352,4.0352,0.12124171847021763,10.0,stop_risk,2016.3,2016.3,0.07433499999999636,0.00832056830543693,-0.03399999999999636,0.040335,-0.00011409629387625612,4.225788662083557e-06,0.015999999999994543,-0.07444909629387261,-0.0022368993787727563,stop_intrabar,False,False,False
568,PF_XBTUSD,1,0.0003,2026-05-30T14:11:00+00:00,2026-05-30T15:06:00+00:00,2026-05-30T15:07:00+00:00,73882.0,73890.0,73777.0,73769.0,22.166999999999998,0.6675234100330293,33.20782412545377,33.149312852335825,2.2167,2.2167,0.06675234100330293,10.0,stop_risk,73777.0,73777.0,0.05844885,0.008301956031363444,-0.0363,0.022148849999999998,-6.242311788113248e-05,5.781837802957922e-07,0.0048,-0.05851127311788113,-0.001761972506745249,stop_intrabar,False,False,False
569,PF_XBTUSD,-1,0.0004,2026-05-30T22:46:00+00:00,2026-05-30T22:58:00+00:00,2026-05-30T22:59:00+00:00,73709.0,73701.0,73794.0,73802.0,29.480400000000003,0.8893216016670072,33.149312852335825,33.07941340915238,2.9480400000000007,2.9480400000000007,0.08893216016670073,9.999999999999998,stop_risk,73794.0,73794.0,0.06990060000000001,0.008287328213083957,-0.040400000000000005,0.029500600000000002,1.1568165857451016e-06,9.640138214542511e-08,0.0064,-0.06989944318341426,-0.002108624196669853,stop_intrabar,False,False,False
570,PF_XBTUSD,1,0.0004,2026-05-31T01:21:00+00:00,2026-05-31T01:43:00+00:00,2026-05-31T01:44:00+00:00,74073.0,74081.0,73987.0,73978.0,29.6324,0.8957958121410139,33.07941340915238,33.00858091880613,2.9632400000000003,2.9632400000000003,0.0895795812141014,9.999999999999998,stop_risk,73987.0,73987.0,0.070412,0.008269853352288095,-0.0412,0.0296118,-2.0690346273890617e-05,8.995802727778535e-07,0.0068000000000000005,-0.0708324903462739,-0.0021412861670236276,stop_intrabar,False,False,False
571,PF_ETHUSD,-1,0.018,2026-05-31T05:51:00+00:00,2026-05-31T06:51:00+00:00,2026-05-31T06:51:00+00:00,2028.0,2027.6,2028.3,2028.7,36.49679999999999,1.1056761297849826,33.00858091880613,32.952615230159495,3.6496799999999996,3.6496799999999996,0.11056761297849828,10.0,stop_risk,2029.1,2029.1,0.07071390000000163,0.008252145229701534,-0.019800000000002455,0.036506699999999996,0.0003410113534270199,0.0,0.014400000000003273,-0.05596568864657543,-0.001695489084618292,time_exit,False,False,False
572,PF_XBTUSD,-1,0.0005,2026-05-31T07:21:00+00:00,2026-05-31T08:21:00+00:00,2026-05-31T08:21:00+00:00,73843.0,73835.0,73886.0,73894.0,36.917500000000004,1.120320792208677,32.952615230159495,32.8861557127606,3.6917500000000008,3.6917500000000008,0.11203207922086772,9.999999999999998,stop_risk,73895.0,73895.0,0.0709345,0.008238153807539873,-0.029500000000000002,0.03693225,-2.7267398879950847e-05,0.0,0.008,-0.06645951739887997,-0.0020168207268130172,time_exit,False,False,False
573,PF_ETHUSD,-1,0.012,2026-05-31T10:06:00+00:00,2026-05-31T11:02:00+00:00,2026-05-31T11:03:00+00:00,2017.5,2017.1,2020.6,2021.0,24.205199999999998,0.7360300854686951,32.8861557127606,32.81537531627277,2.42052,2.42052,0.0736030085468695,10.0,stop_risk,2020.6,2020.6,0.0710286000000011,0.00822153892819015,-0.04680000000000109,0.0242286,0.00024820351212221243,2.5635883353610216e-06,0.009600000000002183,-0.07078039648787889,-0.0021522855120586332,stop_intrabar,False,False,False
574,PF_ETHUSD,-1,0.012,2026-05-31T14:01:00+00:00,2026-05-31T15:01:00+00:00,2026-05-31T15:01:00+00:00,2017.3,2016.9,2008.5,2008.9,24.2028,0.7375445128003185,32.81537531627277,32.88742379043779,2.42028,2.42028,0.07375445128003186,10.0,stop_risk,2020.4,2020.4,0.07102619999999837,0.008203843829068193,0.096,0.024154800000000004,0.00020327416507378023,0.0,0.009599999999999454,0.07204847416507378,0.0021955706272036987,time_exit,False,False,False
575,PF_ETHUSD,1,0.012,2026-05-31T21:01:00+00:00,2026-05-31T22:01:00+00:00,2026-05-31T22:01:00+00:00,2004.8,2005.2,2011.3,2010.7,24.0624,0.7316596202040089,32.88742379043779,32.92906660309612,2.4062400000000004,2.4062400000000004,0.07316596202040089,9.999999999999998,stop_risk,2001.9,2001.9,0.06844020000000053,0.008221855947609448,0.066,0.024095400000000003,-0.00026178734167027473,0.0,0.012,0.041642812658329725,0.0012662230074232087,time_exit,False,False,False
