number,symbol,direction,quantity_base,entry_utc,exit_earliest_utc,exit_latest_utc,entry_reference,entry_fill,exit_reference,exit_fill,entry_notional_usd,exposure_over_equity_at_entry,equity_at_entry_usd,equity_after_usd,initial_margin_usd,allocated_margin_usd,allocated_margin_fraction_of_equity,nominal_over_allocated_margin,sizing_binding_limit,initial_stop,last_stop,planned_stop_price_loss_and_fees_usd,funding_budget_usd,gross_pnl_after_fill_friction_usd,fees_usd,funding_cashflow_usd,funding_intrabar_bound_width_usd,fill_friction_usd_already_in_gross,net_pnl_usd,net_return_on_entry_equity,exit_reason,same_hour_stop_and_target,actual_loss_exceeds_planned_budget,target_net_achieved
1,PF_XBTUSD,-1,0.0004,2026-06-01T02:01:00+00:00,2026-06-01T02:07:00+00:00,2026-06-01T02:08:00+00:00,73181.0,73171.0,73368.0,73376.0,29.2684,0.585368,50.0,49.88869884034545,2.9268400000000003,2.9268400000000003,0.05853680000000001,9.999999999999998,stop_risk,73368.0,73368.0,0.1121098,0.0125,-0.082,0.0293094,8.240345442049769e-06,1.373390907008295e-06,0.007200000000000001,-0.11130115965455795,-0.002226023193091159,stop_intrabar,False,False,False
2,PF_XBTUSD,1,0.0004,2026-06-01T03:11:00+00:00,2026-06-01T03:54:00+00:00,2026-06-01T03:55:00+00:00,73834.0,73842.0,73692.0,73684.0,29.536800000000003,0.5920539257703255,49.88869884034545,49.795929594777704,2.9536800000000003,2.9536800000000003,0.05920539257703254,10.0,stop_risk,73692.0,73692.0,0.0927052,0.012472174710086362,-0.0632,0.029505200000000002,-6.404556766870607e-05,1.455581083379684e-06,0.0064,-0.09276924556766872,-0.0018595242554741752,stop_intrabar,False,False,False
3,PF_ETHUSD,-1,0.018,2026-06-01T04:26:00+00:00,2026-06-01T04:56:00+00:00,2026-06-01T04:57:00+00:00,1996.3,1995.9,1999.7,2000.1,35.9262,0.7214686078230724,49.795929594777704,49.68461734977684,3.59262,3.59262,0.07214686078230724,10.0,stop_risk,1999.7,1999.7,0.11156399999999672,0.012448982398694427,-0.07559999999999673,0.035963999999999996,0.0002517549991789959,8.391833305966532e-06,0.014399999999995087,-0.11131224500081774,-0.002235368350518583,stop_intrabar,False,False,False
4,PF_XBTUSD,-1,0.0005,2026-06-01T06:11:00+00:00,2026-06-01T07:11:00+00:00,2026-06-01T07:11:00+00:00,73167.0,73159.0,73117.0,73125.0,36.5795,0.7362339080219221,49.68461734977684,49.665138035927306,3.6579500000000005,3.6579500000000005,0.07362339080219223,10.0,stop_risk,73274.0,73274.0,0.09811025000000001,0.012421154337444212,0.017,0.036571,9.168615056575705e-05,0.0,0.008,-0.01947931384943424,-0.0003920592506992857,time_exit,False,False,False
5,PF_ETHUSD,1,0.015,2026-06-01T09:26:00+00:00,2026-06-01T10:22:00+00:00,2026-06-01T10:23:00+00:00,1986.2,1986.6,1981.6,1981.2,29.798999999999996,0.5999983324005598,49.665138035927306,49.55415546314183,2.9798999999999998,2.9798999999999998,0.05999983324005598,10.0,stop_risk,1981.6,1981.6,0.11075849999999796,0.012416284508981829,-0.08099999999999795,0.0297585,-0.00022407278559890938,3.1152214133333883e-06,0.011999999999995906,-0.11098257278559685,-0.0022346172219497927,stop_intrabar,False,False,False
6,PF_XBTUSD,-1,0.0003,2026-06-01T12:06:00+00:00,2026-06-01T12:11:00+00:00,2026-06-01T12:12:00+00:00,72243.0,72234.0,71325.0,71336.0,21.670199999999998,0.43730338651655964,49.55415546314183,49.802021687611,2.16702,2.16702,0.043730338651655966,10.0,stop_risk,72481.0,72481.0,0.09850859999999999,0.01238853886578546,0.2694,0.0215355,1.7244691693437497e-06,3.4489383386874997e-07,0.005999999999999999,0.24786622446916934,0.005001926118053433,target_intrabar,False,False,True
7,PF_ETHUSD,1,0.012,2026-06-01T12:46:00+00:00,2026-06-01T13:02:00+00:00,2026-06-01T13:03:00+00:00,1989.8,1990.2,1983.4,1983.0,23.8824,0.47954679731287103,49.802021687611,49.691747787309616,2.38824,2.38824,0.04795467973128711,10.0,stop_risk,1983.4,1983.4,0.11023920000000054,0.012450505421902751,-0.08640000000000055,0.0238392,-3.470030137165146e-05,2.6213909487165346e-06,0.009600000000002183,-0.1102739003013722,-0.0022142454576056796,stop_intrabar,False,False,False
8,PF_XBTUSD,-1,0.0002,2026-06-01T16:16:00+00:00,2026-06-01T16:33:00+00:00,2026-06-01T16:34:00+00:00,70751.0,70743.0,71049.0,71059.0,14.1486,0.28472735675466215,49.691747787309616,49.614398353684045,1.41486,1.41486,0.028472735675466217,10.0,stop_risk,71049.0,71049.0,0.07697999999999999,0.012422936946827404,-0.0632,0.0141802,3.0766374401861595e-05,1.80978672952127e-06,0.0036000000000000003,-0.07734943362559815,-0.0015565850884671803,stop_intrabar,False,False,False
9,PF_XBTUSD,1,0.0003,2026-06-01T17:06:00+00:00,2026-06-01T18:06:00+00:00,2026-06-01T18:06:00+00:00,71514.0,71524.0,71502.0,71494.0,21.457199999999997,0.4324792945595948,49.614398353684045,49.5839595659644,2.14572,2.14572,0.04324792945595948,10.0,stop_risk,71284.0,71284.0,0.0964197,0.012403599588421013,-0.009,0.021452699999999998,1.3912280311582494e-05,0.0,0.005399999999999999,-0.03043878771968842,-0.000613507141670866,time_exit,False,False,False
10,PF_ETHUSD,1,0.014,2026-06-01T19:36:00+00:00,2026-06-01T20:36:00+00:00,2026-06-01T20:36:00+00:00,2001.3,2001.7,2006.2,2005.8,28.0238,0.5651787442009008,49.5839595659644,49.613119408283474,2.8023800000000003,2.8023800000000003,0.05651787442009008,10.0,stop_risk,1996.3,1996.3,0.10918319999999937,0.012395989891491101,0.05739999999999873,0.0280525,-0.00018765768095689613,0.0,0.011200000000002546,0.029159842319041833,0.0005880902326940795,time_exit,False,False,False
11,PF_ETHUSD,-1,0.013,2026-06-01T22:11:00+00:00,2026-06-01T22:18:00+00:00,2026-06-01T22:19:00+00:00,1987.3,1986.9,1992.5,1992.9,25.8297,0.5206223738410497,49.613119408283474,49.50928435358448,2.58297,2.58297,0.052062237384104974,10.0,stop_risk,1992.5,1992.5,0.1038687,0.012403279852070868,-0.078,0.0258687,3.364530101921069e-05,4.806471574172956e-06,0.010399999999999408,-0.1038350546989808,-0.0020928951039035928,stop_intrabar,False,False,False
12,PF_ETHUSD,-1,0.016,2026-06-02T01:11:00+00:00,2026-06-02T01:14:00+00:00,2026-06-02T01:15:00+00:00,1991.9,1991.5,1995.7,1996.1,31.864,0.6435964570288328,49.50928435358448,49.40379826461413,3.1864000000000003,3.1864000000000003,0.06435964570288329,10.0,stop_risk,1995.7,1995.7,0.10550079999999855,0.012377321088396122,-0.07359999999999854,0.03190080000000001,1.471102964711076e-05,4.90367654903692e-06,0.012799999999999272,-0.10548608897035144,-0.0021306324732345725,stop_intrabar,False,False,False
13,PF_XBTUSD,-1,0.0005,2026-06-02T01:41:00+00:00,2026-06-02T02:05:00+00:00,2026-06-02T02:06:00+00:00,70820.0,70812.0,70239.0,70247.0,35.406,0.7166655448303826,49.40379826461413,49.65108948902222,3.5406,3.5406,0.07166655448303827,10.0,stop_risk,70945.0,70945.0,0.10594125,0.012350949566153534,0.28250000000000003,0.03526475,5.597440810097611e-05,1.307063472990539e-06,0.008,0.247291224408101,0.005005510367514098,target_intrabar,False,False,True
14,PF_XBTUSD,-1,0.0002,2026-06-02T02:11:00+00:00,2026-06-02T02:25:00+00:00,2026-06-02T02:26:00+00:00,70108.0,70100.0,70490.0,70498.0,14.020000000000001,0.2823704402921471,49.65108948902222,49.55743700857765,1.4020000000000001,1.4020000000000001,0.02823704402921471,10.0,stop_risk,70490.0,70490.0,0.0936598,0.012412772372255555,-0.0796,0.0140598,7.319555448747022e-06,5.228253891962157e-07,0.0032,-0.09365248044455125,-0.0018862119926946956,stop_intrabar,False,False,False
15,PF_XBTUSD,-1,0.0004,2026-06-02T06:01:00+00:00,2026-06-02T07:01:00+00:00,2026-06-02T07:01:00+00:00,70222.0,70214.0,70000.0,70008.0,28.085600000000003,0.5667282590731801,49.55743700857765,49.61188337269566,2.8085600000000004,2.8085600000000004,0.05667282590731802,10.0,stop_risk,70378.0,70378.0,0.09692,0.012389359252144414,0.0824,0.0280444,9.076411805075078e-05,0.0,0.0064,0.054446364118050754,0.0010986517343224771,time_exit,False,False,False
16,PF_XBTUSD,-1,0.0004,2026-06-02T08:56:00+00:00,2026-06-02T09:56:00+00:00,2026-06-02T09:56:00+00:00,69663.0,69655.0,69358.0,69366.0,27.862000000000002,0.561599320684812,49.61188337269566,49.69915107915245,2.7862000000000005,2.7862000000000005,0.05615993206848121,9.999999999999998,stop_risk,69849.0,69849.0,0.10870239999999999,0.012402970843173915,0.11560000000000001,0.0278042,-0.0005280935432923765,0.0,0.0064,0.08726770645670763,0.0017590081352310883,time_exit,False,False,False
17,PF_ETHUSD,1,0.015,2026-06-02T11:01:00+00:00,2026-06-02T11:17:00+00:00,2026-06-02T11:18:00+00:00,1980.9,1981.3,1976.4,1976.0,29.719499999999996,0.5979880813792529,49.69915107915245,49.58975307676997,2.9719499999999996,2.9719499999999996,0.059798808137925284,10.0,stop_risk,1976.4,1976.4,0.10917974999999931,0.012424787769788115,-0.07949999999999932,0.029679749999999998,-0.00021825238246777837,1.2838375439281084e-05,0.011999999999999317,-0.10939800238246711,-0.0022012046485107234,stop_intrabar,False,False,False
18,PF_XBTUSD,-1,0.0004,2026-06-02T12:41:00+00:00,2026-06-02T13:41:00+00:00,2026-06-02T13:41:00+00:00,69073.0,69065.0,68718.0,68726.0,27.626,0.5570908965251783,49.58975307676997,49.697368112505934,2.7626000000000004,2.7626000000000004,0.05570908965251783,9.999999999999998,stop_risk,69215.0,69215.0,0.09085760000000001,0.012397438269192495,0.1356,0.0275582,-0.00042676426410082654,0.0,0.0064,0.10761503573589917,0.002170106303399014,time_exit,False,False,False
19,PF_XBTUSD,-1,0.0002,2026-06-02T14:11:00+00:00,2026-06-02T14:12:00+00:00,2026-06-02T14:13:00+00:00,68275.0,68266.0,68568.0,68577.0,13.6532,0.27472682193333864,49.697368112505934,49.621480421117376,1.36532,1.36532,0.027472682193333868,10.0,stop_risk,68568.0,68568.0,0.0758843,0.012424342028126485,-0.062200000000000005,0.0136843,-3.3913885608091675e-06,1.6956942804045837e-06,0.0036000000000000003,-0.07588769138856082,-0.0015269961825093974,stop_intrabar,False,False,False
20,PF_ETHUSD,-1,0.006,2026-06-02T14:31:00+00:00,2026-06-02T15:26:00+00:00,2026-06-02T15:27:00+00:00,1934.9,1934.5,1890.6,1891.2,11.607000000000001,0.2339107963224011,49.621480421117376,49.87006466155131,1.1607,1.1607,0.02339107963224011,10.0,stop_risk,1948.4,1948.4,0.09744989999999973,0.012405370105279345,0.25979999999999975,0.0114771,0.0002613404339396499,5.764001989050001e-06,0.0060000000000013645,0.2485842404339394,0.005009609514353578,target_intrabar,False,False,True
21,PF_ETHUSD,-1,0.012,2026-06-02T18:31:00+00:00,2026-06-02T19:30:00+00:00,2026-06-02T19:31:00+00:00,1910.6,1910.2,1887.0,1887.5,22.9224,0.4596424760137247,49.87006466155131,50.11968024699273,2.29224,2.29224,0.04596424760137247,10.0,stop_risk,1917.2,1917.2,0.11176679999999836,0.012467516165387828,0.27240000000000053,0.0227862,1.7854415054075338e-06,1.40072515616794e-07,0.010799999999998363,0.24961558544150594,0.00500531906536616,target_intrabar,False,False,True
22,PF_XBTUSD,-1,0.0002,2026-06-02T19:36:00+00:00,2026-06-02T19:44:00+00:00,2026-06-02T19:45:00+00:00,66528.0,66520.0,66854.0,66862.0,13.304,0.26544463042136557,50.11968024699273,50.03791514976991,1.3304,1.3304,0.026544463042136555,10.0,stop_risk,66854.0,66854.0,0.08173820000000001,0.012529920061748183,-0.0684,0.013338200000000001,-2.689722279387001e-05,2.9885803104300005e-06,0.0032,-0.08176509722279388,-0.00163139702447922,stop_intrabar,False,False,False
23,PF_ETHUSD,-1,0.009,2026-06-02T22:21:00+00:00,2026-06-02T22:22:00+00:00,2026-06-02T22:23:00+00:00,1883.5,1883.1,1893.1,1893.5,16.947899999999997,0.3387011618943906,50.03791514976991,49.927326984563535,1.6947899999999998,1.6947899999999998,0.03387011618943906,10.0,stop_risk,1893.1,1893.1,0.11059470000000082,0.012509478787442477,-0.09360000000000081,0.0169947,6.534793624362404e-06,6.534793624362404e-06,0.0072000000000016365,-0.11058816520637643,-0.0022100873882409337,stop_intrabar,False,False,False
24,PF_XBTUSD,-1,0.0003,2026-06-03T01:46:00+00:00,2026-06-03T01:51:00+00:00,2026-06-03T01:52:00+00:00,66429.0,66421.0,66667.0,66675.0,19.926299999999998,0.39910608485330656,49.927326984563535,49.83113801918302,1.99263,1.99263,0.03991060848533066,10.0,stop_risk,66667.0,66667.0,0.0961644,0.012481831746140884,-0.07619999999999999,0.0199644,-2.4565380510937493e-05,4.094230085156249e-06,0.0048,-0.09618896538051093,-0.001926579514466106,stop_intrabar,False,False,False
25,PF_XBTUSD,-1,0.0004,2026-06-03T03:36:00+00:00,2026-06-03T03:43:00+00:00,2026-06-03T03:44:00+00:00,66041.0,66028.0,65331.0,65339.0,26.4112,0.5300139842247378,49.83113801918302,50.08046376235506,2.6411200000000004,2.6411200000000004,0.05300139842247378,9.999999999999998,stop_risk,66215.0,66215.0,0.1064512,0.012457784504795757,0.2756,0.026273400000000002,-8.568279667765948e-07,1.0710349584707436e-07,0.008400000000000001,0.24932574317203327,0.005003412586645176,target_intrabar,False,False,True
26,PF_ETHUSD,-1,0.01,2026-06-03T03:46:00+00:00,2026-06-03T04:02:00+00:00,2026-06-03T04:03:00+00:00,1825.0,1824.6,1833.2,1833.7,18.246,0.36433368681612166,50.08046376235506,49.971233700982566,1.8246,1.8246,0.03643336868161217,10.0,stop_risk,1833.2,1833.2,0.10829100000000001,0.012520115940588767,-0.09100000000000137,0.0182915,6.143862747570832e-05,2.4789919390625e-06,0.00900000000000091,-0.10923006137252567,-0.0021810912512881466,stop_intrabar,False,False,False
27,PF_XBTUSD,1,0.0002,2026-06-03T05:11:00+00:00,2026-06-03T06:11:00+00:00,2026-06-03T06:11:00+00:00,67043.0,67051.0,67106.0,67098.0,13.410200000000001,0.26835839355585733,49.971233700982566,49.96725829637166,1.3410200000000003,1.3410200000000003,0.026835839355585738,9.999999999999998,stop_risk,66651.0,66651.0,0.0949694,0.012492808425245642,0.0094,0.0134149,3.9495389093926404e-05,0.0,0.0032,-0.003975404610906075,-7.955386162154945e-05,time_exit,False,False,False
28,PF_XBTUSD,1,0.0003,2026-06-03T06:41:00+00:00,2026-06-03T06:45:00+00:00,2026-06-03T06:46:00+00:00,67396.0,67406.0,67167.0,67157.0,20.221799999999998,0.4047010120118676,49.96725829637166,49.87237746550883,2.02218,2.02218,0.04047010120118676,9.999999999999998,stop_risk,67167.0,67167.0,0.09488445,0.012491814574092916,-0.07469999999999999,0.02018445,3.6191371711599995e-06,9.047842927899999e-07,0.005999999999999999,-0.09488083086282884,-0.0018988600555199671,stop_intrabar,False,False,False
29,PF_XBTUSD,-1,0.0004,2026-06-03T09:26:00+00:00,2026-06-03T09:49:00+00:00,2026-06-03T09:50:00+00:00,66741.0,66733.0,66931.0,66939.0,26.6932,0.5352301485619111,49.87237746550883,49.76320155904585,2.6693200000000004,2.6693200000000004,0.05352301485619112,9.999999999999998,stop_risk,66931.0,66931.0,0.1091344,0.012468094366377209,-0.0824,0.0267344,-4.150646304559646e-05,1.729435960233185e-06,0.0064,-0.1091759064630456,-0.002189105713649814,stop_intrabar,False,False,False
30,PF_XBTUSD,-1,0.0005,2026-06-03T11:56:00+00:00,2026-06-03T12:56:00+00:00,2026-06-03T12:56:00+00:00,67013.0,67005.0,66964.0,66972.0,33.5025,0.6732384362418496,49.76320155904585,49.74580043892417,3.35025,3.35025,0.06732384362418496,10.0,stop_risk,67127.0,67127.0,0.098535,0.012440800389761463,0.0165,0.03349425,-0.0004068701217375513,0.0,0.008,-0.01740112012173755,-0.0003496784687595007,time_exit,False,False,False
31,PF_XBTUSD,-1,0.0003,2026-06-03T15:16:00+00:00,2026-06-03T16:16:00+00:00,2026-06-03T16:16:00+00:00,66442.0,66434.0,66125.0,66134.0,19.9302,0.40064085458770476,49.74580043892417,49.815844537923034,1.99302,1.99302,0.04006408545877048,10.0,stop_risk,66703.0,66703.0,0.10307174999999999,0.012436450109731044,0.09,0.0198852,-7.070100105622924e-05,0.0,0.0050999999999999995,0.07004409899894376,0.001408040445242026,time_exit,False,False,False
32,PF_XBTUSD,-1,0.0002,2026-06-03T16:31:00+00:00,2026-06-03T16:46:00+00:00,2026-06-03T16:47:00+00:00,65563.0,65555.0,65920.0,65930.0,13.111,0.26318935514621383,49.815844537923034,49.72767854152417,1.3111000000000002,1.3111000000000002,0.026318935514621382,10.0,stop_risk,65920.0,65920.0,0.0877483,0.01245396113448076,-0.075,0.0131485,-1.7496398892001173e-05,1.0935249307500733e-06,0.0036000000000000003,-0.088165996398892,-0.0017698384362785289,stop_intrabar,False,False,False
33,PF_ETHUSD,-1,0.012,2026-06-03T19:31:00+00:00,2026-06-03T19:43:00+00:00,2026-06-03T19:44:00+00:00,1814.4,1814.0,1821.1,1821.6,21.768,0.43774414246631355,49.72767854152417,49.61472091216819,2.1768,2.1768,0.04377441424663136,10.0,stop_risk,1821.1,1821.1,0.11181300000000001,0.012431919635381044,-0.09119999999999891,0.021813600000000002,5.5970644036500015e-05,4.664220336375001e-06,0.010800000000001092,-0.11295762935596242,-0.002271524283234723,stop_intrabar,False,False,False
34,PF_ETHUSD,-1,0.006,2026-06-03T20:01:00+00:00,2026-06-03T21:01:00+00:00,2026-06-03T21:01:00+00:00,1798.0,1797.4,1775.8,1776.6,10.784400000000002,0.217362907655802,49.61472091216819,49.72884876686977,1.0784400000000003,1.0784400000000003,0.021736290765580202,9.999999999999998,stop_risk,1812.1,1812.1,0.10263029999999974,0.012403680228042049,0.12480000000000109,0.010722,4.985470162880352e-05,0.0,0.008399999999999182,0.1141278547016299,0.00230028210586265,time_exit,False,False,False
35,PF_ETHUSD,1,0.005,2026-06-03T21:51:00+00:00,2026-06-03T22:37:00+00:00,2026-06-03T22:38:00+00:00,1839.5,1839.9,1822.9,1822.4,9.1995,0.18499322280971178,49.72884876686977,49.632085196910666,0.91995,0.91995,0.01849932228097118,10.0,stop_risk,1822.9,1822.9,0.09615600000000045,0.012432212191717442,-0.08750000000000001,0.00915575,-0.00010781995899734533,2.83694066361106e-06,0.004500000000000455,-0.09676356995899736,-0.0019458236488165588,stop_intrabar,False,False,False
36,PF_XBTUSD,-1,0.0002,2026-06-03T22:56:00+00:00,2026-06-03T23:56:00+00:00,2026-06-03T23:56:00+00:00,64703.0,64694.0,64058.0,64065.0,12.9388,0.2606942655878051,49.632085196910666,49.74500246562317,1.2938800000000001,1.2938800000000001,0.026069426558780515,10.0,stop_risk,65104.0,65104.0,0.09678070000000001,0.012408021299227669,0.1258,0.012875900000000001,-6.831287546346952e-06,0.0,0.0032,0.11291726871245365,0.002275086131571239,time_exit,False,False,False
37,PF_XBTUSD,-1,0.0004,2026-06-04T00:31:00+00:00,2026-06-04T00:31:00+00:00,2026-06-04T00:32:00+00:00,63472.0,63460.0,63664.0,63676.0,25.384,0.5102824151540024,49.74500246562317,49.63317354245385,2.5384,2.5384,0.05102824151540025,10.0,stop_risk,63664.0,63664.0,0.1118272,0.012436250616405794,-0.0864,0.0254272,-1.7231693259626424e-06,1.7231693259626424e-06,0.009600000000000001,-0.11182892316932597,-0.0022480433737360164,stop_intrabar,False,False,False
38,PF_ETHUSD,-1,0.006,2026-06-04T01:26:00+00:00,2026-06-04T02:02:00+00:00,2026-06-04T02:03:00+00:00,1774.0,1773.5,1729.8,1730.3,10.641,0.2143928997588316,49.63317354245385,49.88189784722584,1.0641,1.0641,0.02143928997588316,10.0,stop_risk,1788.5,1788.5,0.1036875,0.012408293385613462,0.25920000000000026,0.0105114,3.570477211163535e-05,1.499547629e-07,0.006,0.24872430477211188,0.005011251286588898,target_intrabar,False,False,True
39,PF_ETHUSD,1,0.004,2026-06-04T03:16:00+00:00,2026-06-04T04:16:00+00:00,2026-06-04T04:16:00+00:00,1793.4,1794.0,1810.7,1810.2,7.176,0.1438598030487545,49.88189784722584,49.939490069800115,0.7176,0.7176,0.014385980304875451,10.0,stop_risk,1772.6,1772.6,0.09513200000000001,0.01247047446180646,0.06480000000000018,0.0072084,6.225740903677576e-07,0.0,0.004399999999999636,0.057592222574090544,0.0011545715993100194,time_exit,False,False,False
40,PF_ETHUSD,-1,0.009,2026-06-04T07:26:00+00:00,2026-06-04T07:40:00+00:00,2026-06-04T07:41:00+00:00,1774.1,1773.7,1783.8,1784.2,15.963299999999998,0.31965284342487665,49.939490069800115,49.828990503378506,1.59633,1.59633,0.03196528434248767,9.999999999999998,stop_risk,1783.8,1783.8,0.11051054999999999,0.01248487251745003,-0.09449999999999999,0.01601055,1.0983578342186251e-05,7.845413101561607e-07,0.00719999999999959,-0.1104995664216578,-0.0022126690974860422,stop_intrabar,False,False,False
41,PF_ETHUSD,-1,0.007,2026-06-04T09:21:00+00:00,2026-06-04T10:00:00+00:00,2026-06-04T10:01:00+00:00,1753.3,1752.9,1765.1,1765.6,12.2703,0.2462482156681069,49.828990503378506,49.727896707970366,1.22703,1.22703,0.02462482156681069,10.0,stop_risk,1765.1,1765.1,0.10051439999999937,0.012457247625844627,-0.08889999999999873,0.01231475,0.00012095459173448892,2.5242083219645832e-06,0.006299999999999045,-0.10109379540826424,-0.0020288148402566953,stop_intrabar,False,False,False
42,PF_XBTUSD,-1,0.0001,2026-06-04T10:56:00+00:00,2026-06-04T11:31:00+00:00,2026-06-04T11:32:00+00:00,62256.0,62244.0,62756.0,62763.0,6.2244,0.1251691789128567,49.727896707970366,49.669699687679994,0.6224400000000001,0.6224400000000001,0.012516917891285671,9.999999999999998,stop_risk,62756.0,62756.0,0.0586506,0.012431974176992593,-0.0519,0.00625035,-4.6670290288354476e-05,1.3588022411881597e-06,0.0019,-0.05819702029028836,-0.0011703093061034404,stop_intrabar,False,False,False
43,PF_ETHUSD,1,0.007,2026-06-04T12:31:00+00:00,2026-06-04T13:31:00+00:00,2026-06-04T13:31:00+00:00,1764.6,1765.0,1766.4,1766.0,12.355,0.24874319912718373,49.669699687679994,49.66416597507414,1.2355,1.2355,0.024874319912718372,10.0,stop_risk,1752.3,1752.3,0.10400914999999937,0.01241742492192,0.007,0.012358500000000001,-0.00017521260581117618,0.0,0.005600000000001273,-0.005533712605811177,-0.00011141022878348007,time_exit,False,False,False
44,PF_XBTUSD,-1,0.0002,2026-06-04T16:36:00+00:00,2026-06-04T16:39:00+00:00,2026-06-04T16:40:00+00:00,63399.0,63392.0,63702.0,63709.0,12.6784,0.25528265201036776,49.66416597507414,49.58805846489732,1.26784,1.26784,0.02552826520103678,10.0,stop_risk,63702.0,63702.0,0.0761101,0.012416041493768536,-0.0634,0.0127101,2.5898231729931207e-06,8.632743909977069e-07,0.0028,-0.076107510176827,-0.0015324431344528057,stop_intrabar,False,False,False
45,PF_XBTUSD,-1,0.0003,2026-06-04T17:26:00+00:00,2026-06-04T17:51:00+00:00,2026-06-04T17:52:00+00:00,63146.0,63139.0,63384.0,63391.0,18.941699999999997,0.3819810774283199,49.58805846489732,49.493528363961005,1.89417,1.89417,0.03819810774283199,9.999999999999998,stop_risk,63384.0,63384.0,0.09457949999999998,0.012397014616224332,-0.07559999999999999,0.0189795,4.93990636298307e-05,1.9759625451932275e-06,0.0042,-0.09453010093637015,-0.0019063077656748077,stop_intrabar,False,False,False
46,PF_XBTUSD,1,0.0006,2026-06-05T00:01:00+00:00,2026-06-05T00:14:00+00:00,2026-06-05T00:15:00+00:00,63697.0,63704.0,63604.0,63593.0,38.22239999999999,0.7722706637304899,49.493528363961005,49.38881195873794,3.8222399999999994,3.8222399999999994,0.07722706637304899,10.0,stop_risk,63604.0,63604.0,0.10239029999999999,0.012373382090990252,-0.06659999999999999,0.0381891,7.269477691560765e-05,5.591905916585203e-06,0.010799999999999999,-0.10471640522308437,-0.0021157595484611724,stop_intrabar,False,False,False
47,PF_XBTUSD,-1,0.0002,2026-06-05T02:26:00+00:00,2026-06-05T03:26:00+00:00,2026-06-05T03:26:00+00:00,62775.0,62765.0,62585.0,62592.0,12.553,0.25416687509080904,49.38881195873794,49.41088267028499,1.2553,1.2553,0.025416687509080903,10.0,stop_risk,63181.0,63181.0,0.09779560000000001,0.012347202989684485,0.0346,0.0125357,6.41154695955503e-06,0.0,0.0034000000000000002,0.022070711546959554,0.00044687674539324026,time_exit,False,False,False
48,PF_XBTUSD,1,0.0003,2026-06-05T05:01:00+00:00,2026-06-05T05:35:00+00:00,2026-06-05T05:36:00+00:00,63440.0,63453.0,63179.0,63172.0,19.035899999999998,0.3852572342620368,49.41088267028499,49.307629418324126,1.90359,1.90359,0.03852572342620368,10.0,stop_risk,63179.0,63179.0,0.10509285,0.01235272066757125,-0.08429999999999999,0.018993749999999997,4.049803914808972e-05,1.1911187984732275e-06,0.005999999999999999,-0.1032532519608519,-0.002089686449235341,stop_intrabar,False,False,False
49,PF_XBTUSD,-1,0.0002,2026-06-05T06:06:00+00:00,2026-06-05T06:23:00+00:00,2026-06-05T06:24:00+00:00,62268.0,62258.0,60953.0,60963.0,12.451600000000001,0.2525288712292591,49.307629418324126,49.55428278886214,1.2451600000000003,1.2451600000000003,0.025252887122925914,9.999999999999998,stop_risk,62586.0,62586.0,0.08008540000000001,0.012326907354581033,0.259,0.012322100000000002,-2.4529462044093752e-05,1.3627478913385416e-06,0.004,0.2466533705379559,0.005002336827945179,target_intrabar,False,False,True
50,PF_XBTUSD,-1,0.0001,2026-06-05T06:26:00+00:00,2026-06-05T06:44:00+00:00,2026-06-05T06:45:00+00:00,61308.0,61299.0,61969.0,61979.0,6.1299,0.12370071071592144,49.55428278886214,49.480105942757135,0.61299,0.61299,0.012370071071592144,10.0,stop_risk,61969.0,61969.0,0.07406385,0.012388570697215537,-0.068,0.006163900000000001,-1.2946104967716147e-05,6.813739456692708e-07,0.0019,-0.07417684610496772,-0.001496880631307205,stop_intrabar,False,False,False
51,PF_ETHUSD,-1,0.01,2026-06-05T11:11:00+00:00,2026-06-05T11:20:00+00:00,2026-06-05T11:21:00+00:00,1668.6,1668.3,1677.0,1677.4,16.683,0.3371658100186838,49.480105942757135,49.37235084365448,1.6683000000000001,1.6683000000000001,0.03371658100186838,10.0,stop_risk,1677.0,1677.0,0.106728,0.012370026485689285,-0.09100000000000137,0.0167285,-2.659910264902685e-05,2.6599102649026844e-06,0.007000000000000455,-0.10775509910265041,-0.002177745925348479,stop_intrabar,False,False,False
52,PF_XBTUSD,-1,0.0005,2026-06-05T12:06:00+00:00,2026-06-05T12:06:00+00:00,2026-06-05T12:07:00+00:00,61768.0,61761.0,61897.0,61904.0,30.8805,0.6254614064821035,49.37235084365448,49.26992904493923,3.0880500000000004,3.0880500000000004,0.06254614064821036,10.0,stop_risk,61897.0,61897.0,0.10241625,0.012343087710913622,-0.07150000000000001,0.030916250000000003,-5.54871525285e-06,5.54871525285e-06,0.007,-0.10242179871525287,-0.0020744768471646817,stop_intrabar,False,False,False
53,PF_XBTUSD,-1,0.0001,2026-06-05T13:56:00+00:00,2026-06-05T14:56:00+00:00,2026-06-05T14:56:00+00:00,61032.0,61017.0,60663.0,60670.0,6.1017,0.12384227292949058,49.26992904493923,49.298403043628376,0.6101700000000001,0.6101700000000001,0.01238422729294906,9.999999999999998,stop_risk,61658.0,61658.0,0.0717345,0.01231748226123481,0.0347,0.0060843500000000005,-0.00014165131070026406,0.0,0.0022,0.028473998689299736,0.0005779184025884942,time_exit,False,False,False
54,PF_XBTUSD,-1,0.0002,2026-06-05T18:26:00+00:00,2026-06-05T19:26:00+00:00,2026-06-05T19:26:00+00:00,60294.0,60283.0,59643.0,59655.0,12.056600000000001,0.2445637029931798,49.298403043628376,49.411919731404154,1.2056600000000002,1.2056600000000002,0.02445637029931798,10.0,stop_risk,60609.0,60609.0,0.0794903,0.012324600760907094,0.12560000000000002,0.011993800000000002,-8.951222412849608e-05,0.0,0.0046,0.11351668777587152,0.0023026443204541714,time_exit,False,False,False
55,PF_ETHUSD,1,0.004,2026-06-05T20:26:00+00:00,2026-06-05T21:26:00+00:00,2026-06-05T21:26:00+00:00,1598.9,1599.5,1610.8,1610.3,6.398000000000001,0.1294829270908432,49.411919731404154,49.44873724496621,0.6398000000000001,0.6398000000000001,0.012948292709084321,9.999999999999998,stop_risk,1574.4,1574.4,0.10914660000000018,0.01235297993285104,0.04319999999999982,0.006419600000000001,3.711356201172748e-05,0.0,0.004399999999999636,0.03681751356201155,0.0007451140081613116,time_exit,False,False,False
56,PF_XBTUSD,-1,0.0001,2026-06-05T23:26:00+00:00,2026-06-06T00:04:00+00:00,2026-06-06T00:05:00+00:00,60840.0,60833.0,61366.0,61376.0,6.0833,0.12302235282295847,49.44873724496621,49.388299406729274,0.60833,0.60833,0.012302235282295846,10.0,stop_risk,61366.0,61366.0,0.0601103,0.012362184311241553,-0.0543,0.00611045,-2.7388236988191643e-05,1.0845550452310077e-06,0.0017000000000000001,-0.060437838236988194,-0.0012222321863869367,stop_intrabar,False,False,False
57,PF_XBTUSD,-1,0.0003,2026-06-06T04:16:00+00:00,2026-06-06T04:34:00+00:00,2026-06-06T04:35:00+00:00,60138.0,60131.0,59241.0,59248.0,18.039299999999997,0.36525452823229015,49.388299406729274,49.6353141805749,1.8039299999999998,1.8039299999999998,0.03652545282322902,10.0,stop_risk,60396.0,60396.0,0.0996801,0.01234707485168232,0.26489999999999997,0.01790685,2.1623845644056237e-05,1.2013247580031248e-06,0.0042,0.24701477384564402,0.005001483687692791,target_intrabar,False,False,True
58,PF_ETHUSD,1,0.012,2026-06-06T08:36:00+00:00,2026-06-06T09:05:00+00:00,2026-06-06T09:06:00+00:00,1584.4,1585.0,1578.0,1577.7,19.02,0.38319491503175773,49.6353141805749,49.52876629159148,1.9020000000000001,1.9020000000000001,0.038319491503175776,9.999999999999998,stop_risk,1578.0,1578.0,0.11017439999999892,0.012408828545143726,-0.08759999999999946,0.0189762,2.831101664999999e-05,1.570556478e-06,0.010799999999998363,-0.10654788898334945,-0.0021466145775913643,stop_intrabar,False,False,False
59,PF_ETHUSD,-1,0.01,2026-06-06T09:56:00+00:00,2026-06-06T10:30:00+00:00,2026-06-06T10:31:00+00:00,1566.7,1566.4,1539.6,1540.0,15.664000000000001,0.31626065361251054,49.52876629159148,49.77718686101958,1.5664000000000002,1.5664000000000002,0.03162606536125106,10.0,stop_risk,1574.8,1574.8,0.10270749999999819,0.01238219157289787,0.2640000000000009,0.015532,-4.743057184018748e-05,1.3611414058125e-06,0.007000000000000455,0.24842056942816068,0.005015682562445234,target_intrabar,False,False,True
60,PF_XBTUSD,-1,0.0003,2026-06-06T10:41:00+00:00,2026-06-06T11:01:00+00:00,2026-06-06T11:02:00+00:00,60308.0,60300.0,60601.0,60608.0,18.09,0.36341949275896596,49.77718686101958,49.66671339544629,1.8090000000000002,1.8090000000000002,0.036341949275896596,9.999999999999998,stop_risk,60601.0,60601.0,0.11083634999999999,0.012444296715254896,-0.0924,0.018136199999999998,6.273442670929389e-05,1.7222401747406247e-06,0.0045,-0.1104734655732907,-0.0022193593599762517,stop_intrabar,False,False,False
61,PF_XBTUSD,1,0.0004,2026-06-06T11:56:00+00:00,2026-06-06T12:30:00+00:00,2026-06-06T12:31:00+00:00,60869.0,60876.0,60674.0,60667.0,24.3504,0.4902760487919174,49.66671339544629,49.55888151578615,2.4350400000000003,2.4350400000000003,0.04902760487919174,9.999999999999998,stop_risk,60674.0,60674.0,0.10790860000000001,0.012416678348861572,-0.08360000000000001,0.0243086,7.672033989547933e-05,2.251168632117643e-06,0.0056,-0.10783187966010453,-0.0021711096283248557,stop_intrabar,False,False,False
62,PF_ETHUSD,1,0.009,2026-06-06T12:56:00+00:00,2026-06-06T13:16:00+00:00,2026-06-06T13:17:00+00:00,1572.6,1573.1,1563.9,1563.6,14.157899999999998,0.28567836010363223,49.55888151578615,49.459319470042274,1.4157899999999999,1.4157899999999999,0.028567836010363223,10.0,stop_risk,1563.9,1563.9,0.10141424999999835,0.012389720378946537,-0.08549999999999999,0.014115149999999998,5.3104256119349984e-05,2.8554406829437495e-06,0.0072000000000016365,-0.09956204574388064,-0.0020089647445365936,stop_intrabar,False,False,False
63,PF_XBTUSD,1,0.0005,2026-06-06T21:21:00+00:00,2026-06-06T21:59:00+00:00,2026-06-06T22:00:00+00:00,60862.0,60870.0,60722.0,60715.0,30.435000000000002,0.6153542007069995,49.459319470042274,49.3513016186499,3.0435000000000003,3.0435000000000003,0.06153542007069995,10.0,stop_risk,60722.0,60722.0,0.108396,0.01236482986751057,-0.0775,0.030396250000000003,-0.00012160139241717858,3.1179844209532935e-06,0.0075,-0.1080178513924172,-0.0021839736686600406,stop_intrabar,False,False,False
64,PF_XBTUSD,-1,0.0004,2026-06-06T22:31:00+00:00,2026-06-06T22:47:00+00:00,2026-06-06T22:48:00+00:00,60428.0,60421.0,60617.0,60624.0,24.168400000000002,0.48972163260769486,49.3513016186499,49.24594374014997,2.4168400000000005,2.4168400000000005,0.048972163260769495,9.999999999999998,stop_risk,60617.0,60617.0,0.105409,0.012337825404662476,-0.08120000000000001,0.024209,5.1121500061864523e-05,3.195093753866532e-06,0.0056,-0.10535787849993815,-0.0021348551110984947,stop_intrabar,False,False,False
65,PF_XBTUSD,1,0.0004,2026-06-06T23:46:00+00:00,2026-06-07T00:46:00+00:00,2026-06-07T00:46:00+00:00,60857.0,60864.0,60752.0,60745.0,24.3456,0.4943676199701125,49.24594374014997,49.174300046940374,2.4345600000000003,2.4345600000000003,0.049436761997011254,10.0,stop_risk,60670.0,60670.0,0.10470540000000002,0.012311485935037494,-0.0476,0.024321800000000005,0.0002781067902994151,0.0,0.0056,-0.0716436932097006,-0.0014548140977403963,time_exit,False,False,False
66,PF_XBTUSD,1,0.0004,2026-06-07T01:11:00+00:00,2026-06-07T01:18:00+00:00,2026-06-07T01:19:00+00:00,61261.0,61270.0,61954.0,61947.0,24.508000000000003,0.4983904189099869,49.174300046940374,49.420458536079664,2.4508000000000005,2.4508000000000005,0.0498390418909987,9.999999999999998,stop_risk,61104.0,61104.0,0.094473,0.012293575011735093,0.27080000000000004,0.024643400000000003,1.8891392961408329e-06,2.698770423058333e-07,0.0064,0.2461584891392962,0.005005836156372747,target_intrabar,False,False,True
67,PF_XBTUSD,1,0.0002,2026-06-07T01:26:00+00:00,2026-06-07T02:21:00+00:00,2026-06-07T02:22:00+00:00,61511.0,61518.0,61179.0,61172.0,12.303600000000001,0.24895762533278992,49.420458536079664,49.33893786932447,1.2303600000000001,1.2303600000000001,0.024895762533278992,10.0,stop_risk,61179.0,61179.0,0.08146900000000001,0.012355114634019917,-0.0692,0.012269000000000002,-5.166675532726168e-05,2.5570302293845836e-06,0.0028,-0.08152066675532726,-0.0016495327880418729,stop_intrabar,False,False,False
68,PF_XBTUSD,1,0.0006,2026-06-07T05:01:00+00:00,2026-06-07T05:18:00+00:00,2026-06-07T05:19:00+00:00,61815.0,61822.0,62306.0,62296.0,37.093199999999996,0.751803780175454,49.33893786932447,49.5859655989212,3.70932,3.70932,0.07518037801754542,9.999999999999998,stop_risk,61721.0,61721.0,0.10186079999999999,0.012334734467331118,0.2844,0.0372354,-0.00013687040326803375,7.603911292668543e-06,0.010199999999999999,0.24702772959673192,0.005006750049038178,target_intrabar,False,False,True
69,PF_ETHUSD,1,0.015,2026-06-07T05:21:00+00:00,2026-06-07T06:04:00+00:00,2026-06-07T06:05:00+00:00,1602.8,1603.3,1598.0,1597.6,24.0495,0.4850061849057392,49.5859655989212,49.476618062010694,2.40495,2.40495,0.048500618490573924,10.0,stop_risk,1598.0,1598.0,0.11100599999999933,0.0123964913997303,-0.08550000000000067,0.02400675,0.0001592130894238379,2.20118561986445e-06,0.013500000000001363,-0.10934753691057685,-0.002205211405885294,stop_intrabar,False,False,False
70,PF_XBTUSD,1,0.0004,2026-06-07T08:01:00+00:00,2026-06-07T08:48:00+00:00,2026-06-07T08:49:00+00:00,62386.0,62393.0,63082.0,63075.0,24.9572,0.5044241295700589,49.476618062010694,49.724082743538,2.4957200000000004,2.4957200000000004,0.0504424129570059,9.999999999999998,stop_risk,62209.0,62209.0,0.101319,0.012369154515502676,0.2728,0.0250936,-0.0002417184726016798,5.035801512535001e-06,0.0056,0.2474646815273983,0.005001649086387484,target_intrabar,False,False,True
71,PF_XBTUSD,1,0.0003,2026-06-07T08:56:00+00:00,2026-06-07T09:31:00+00:00,2026-06-07T09:32:00+00:00,62847.0,62854.0,62557.0,62550.0,18.856199999999998,0.37921664834431756,49.724082743538,49.61418356577431,1.8856199999999999,1.8856199999999999,0.037921664834431754,10.0,stop_risk,62557.0,62557.0,0.11001059999999999,0.012431020685884501,-0.09119999999999999,0.018810599999999997,0.00011142223622777925,4.081601315012395e-06,0.0042,-0.10989917776377221,-0.002210180091819882,stop_intrabar,False,False,False
72,PF_XBTUSD,-1,0.0004,2026-06-07T10:46:00+00:00,2026-06-07T11:24:00+00:00,2026-06-07T11:25:00+00:00,62336.0,62329.0,62524.0,62532.0,24.9316,0.5025095286904758,49.61418356577431,49.507963908965635,2.49316,2.49316,0.050250952869047585,10.0,stop_risk,62524.0,62524.0,0.105772,0.012403545891443579,-0.08120000000000001,0.0249722,-4.745680869030844e-05,6.866662268551386e-07,0.006,-0.10621965680869032,-0.0021409131255354275,stop_intrabar,False,False,False
73,PF_XBTUSD,1,0.0004,2026-06-07T11:46:00+00:00,2026-06-07T12:09:00+00:00,2026-06-07T12:10:00+00:00,62683.0,62690.0,62493.0,62486.0,25.076,0.5065043685922795,49.507963908965635,49.40129137737658,2.5076,2.5076,0.05065043685922795,10.0,stop_risk,62493.0,62493.0,0.10663520000000001,0.01237699097724141,-0.0816,0.0250352,-3.733158901029888e-05,4.694491618627083e-06,0.0056,-0.1066725315890103,-0.0021546539822392585,stop_intrabar,False,False,False
74,PF_ETHUSD,-1,0.026,2026-06-07T12:16:00+00:00,2026-06-07T12:46:00+00:00,2026-06-07T12:47:00+00:00,1616.5,1616.2,1618.4,1618.8,42.0212,0.8506093429623116,49.40129137737658,49.29179792740583,4.20212,4.20212,0.08506093429623116,10.0,stop_risk,1618.4,1618.4,0.10705369999999999,0.012350322844344147,-0.06759999999999763,0.042055,0.00016155002933115968,5.38500097770532e-06,0.01819999999999527,-0.10949344997066648,-0.0022164086589203866,stop_intrabar,False,False,False
75,PF_XBTUSD,1,0.0002,2026-06-07T14:31:00+00:00,2026-06-07T14:46:00+00:00,2026-06-07T14:47:00+00:00,62220.0,62227.0,61888.0,61881.0,12.445400000000001,0.2524841966269699,49.29179792740583,49.21016764619985,1.2445400000000002,1.2445400000000002,0.025248419662696992,10.0,stop_risk,61888.0,61888.0,0.0816108,0.01232294948185146,-0.0692,0.0124108,-1.9481205955126667e-05,1.2175753721954167e-06,0.0028,-0.08163028120595513,-0.0016560621571600125,stop_intrabar,False,False,False
76,PF_XBTUSD,-1,0.0003,2026-06-07T19:06:00+00:00,2026-06-07T20:06:00+00:00,2026-06-07T20:06:00+00:00,61701.0,61694.0,61480.0,61489.0,18.5082,0.3761052011256307,49.21016764619985,49.2532816152536,1.85082,1.85082,0.03761052011256307,10.0,stop_risk,61990.0,61990.0,0.10945365,0.012302541911549962,0.06149999999999999,0.01847745,9.14190535852226e-05,0.0,0.0048,0.043113969053585215,0.0008761191256968741,time_exit,False,False,False
77,PF_XBTUSD,-1,0.0002,2026-06-08T01:31:00+00:00,2026-06-08T01:45:00+00:00,2026-06-08T01:46:00+00:00,62739.0,62731.0,63141.0,63148.0,12.5462,0.25472820467082297,49.2532816152536,49.15734955490961,1.25462,1.25462,0.025472820467082297,10.0,stop_risk,63141.0,63141.0,0.09618800000000001,0.012313320403813402,-0.0834,0.012587899999999999,5.583965600255872e-05,3.988546857325624e-06,0.003,-0.09593206034399744,-0.0019477293126045749,stop_intrabar,False,False,False
78,PF_ETHUSD,-1,0.009,2026-06-08T04:11:00+00:00,2026-06-08T05:11:00+00:00,2026-06-08T05:11:00+00:00,1667.1,1666.7,1655.1,1655.5,15.0003,0.3051486733076283,49.15734955490961,49.24300270290125,1.50003,1.50003,0.03051486733076283,10.0,stop_risk,1675.9,1675.9,0.10144349999999917,0.012289337388727402,0.1008000000000004,0.014949899999999999,-0.0001969520083234365,0.0,0.00719999999999959,0.08565314799167696,0.0017424281163898171,time_exit,False,False,False
79,PF_ETHUSD,1,0.015,2026-06-08T11:21:00+00:00,2026-06-08T12:01:00+00:00,2026-06-08T12:02:00+00:00,1684.1,1684.6,1679.6,1679.3,25.269,0.513149048859915,49.24300270290125,49.13833092096291,2.5269,2.5269,0.0513149048859915,10.0,stop_risk,1679.6,1679.6,0.10772775,0.012310750675725313,-0.07949999999999932,0.02522925,5.74680617422865e-05,3.631148168229026e-06,0.011999999999999317,-0.10467178193825703,-0.002125617370853181,stop_intrabar,False,False,False
80,PF_ETHUSD,-1,0.008,2026-06-08T17:01:00+00:00,2026-06-08T18:00:00+00:00,2026-06-08T18:01:00+00:00,1679.3,1678.9,1689.8,1690.1,13.4312,0.27333447734729865,49.13833092096291,49.035194252135,1.34312,1.34312,0.027333447734729864,10.0,stop_risk,1689.8,1689.8,0.10387639999999963,0.012284582730240728,-0.08959999999999854,0.013476,-6.0668828078329014e-05,4.251286982761186e-06,0.0055999999999985445,-0.10313666882807687,-0.002098904600442538,stop_intrabar,False,False,False
81,PF_XBTUSD,-1,0.0004,2026-06-08T20:21:00+00:00,2026-06-08T20:40:00+00:00,2026-06-08T20:41:00+00:00,63200.0,63193.0,63386.0,63393.0,25.2772,0.5154909730759235,49.035194252135,48.929812857280695,2.5277200000000004,2.5277200000000004,0.051549097307592356,9.999999999999998,stop_risk,63386.0,63386.0,0.10531720000000001,0.012258798563033751,-0.08,0.0253172,-6.419485426783615e-05,3.209742713391807e-06,0.0056,-0.10538139485426784,-0.0021490971222099223,stop_intrabar,False,False,False
82,PF_XBTUSD,1,0.0006,2026-06-08T21:11:00+00:00,2026-06-08T22:00:00+00:00,2026-06-08T22:01:00+00:00,63679.0,63687.0,63585.0,63576.0,38.212199999999996,0.7809594553622755,48.929812857280695,48.82543144256168,3.82122,3.82122,0.07809594553622755,10.0,stop_risk,63585.0,63585.0,0.1041792,0.012232453214320175,-0.06659999999999999,0.038178899999999995,0.00039748528105064775,4.260228811964371e-06,0.010199999999999999,-0.10438141471894935,-0.0021332886562106996,stop_intrabar,False,False,False
83,PF_XBTUSD,-1,0.0003,2026-06-09T00:31:00+00:00,2026-06-09T01:31:00+00:00,2026-06-09T01:31:00+00:00,62695.0,62686.0,62794.0,62801.0,18.805799999999998,0.38516403121031656,48.82543144256168,48.77196145721414,1.88058,1.88058,0.038516403121031655,10.0,stop_risk,62925.0,62925.0,0.09324299999999999,0.012206357860640421,-0.034499999999999996,0.01882305,-0.00014693534753510608,0.0,0.0048,-0.0534699853475351,-0.0010951257114939635,time_exit,False,False,False
84,PF_XBTUSD,1,0.0004,2026-06-09T04:41:00+00:00,2026-06-09T05:08:00+00:00,2026-06-09T05:09:00+00:00,63301.0,63308.0,63107.0,63100.0,25.3232,0.5192163538924945,48.77196145721414,48.66344002103813,2.5323200000000003,2.5323200000000003,0.05192163538924946,9.999999999999998,stop_risk,63107.0,63107.0,0.10848160000000001,0.012192990364303536,-0.08320000000000001,0.0252816,-3.9836176027260865e-05,5.273510721034864e-06,0.0056,-0.10852143617602727,-0.002225078363338517,stop_intrabar,False,False,False
85,PF_XBTUSD,-1,0.0004,2026-06-09T09:41:00+00:00,2026-06-09T10:05:00+00:00,2026-06-09T10:06:00+00:00,62587.0,62579.0,62757.0,62764.0,25.0316,0.5143820492176132,48.66344002103813,48.56438254154007,2.5031600000000003,2.5031600000000003,0.05143820492176132,10.0,stop_risk,62757.0,62757.0,0.09946880000000001,0.012165860005259533,-0.07400000000000001,0.025068600000000003,1.112050192385904e-05,7.696129784726267e-10,0.006,-0.09905747949807615,-0.0020355626206296088,stop_intrabar,False,False,False
86,PF_ETHUSD,1,0.015,2026-06-09T12:11:00+00:00,2026-06-09T12:43:00+00:00,2026-06-09T12:44:00+00:00,1677.8,1678.2,1673.3,1672.9,25.173,0.5183428406295086,48.56438254154007,48.45963402417927,2.5173,2.5173,0.051834284062950875,9.999999999999998,stop_risk,1673.3,1673.3,0.10463324999999932,0.012141095635385018,-0.07949999999999932,0.025133249999999996,-0.00011526736083844202,3.492950328437639e-06,0.011999999999999317,-0.10474851736083776,-0.002156900013528227,stop_intrabar,False,False,False
87,PF_XBTUSD,-1,0.0003,2026-06-09T13:26:00+00:00,2026-06-09T13:49:00+00:00,2026-06-09T13:50:00+00:00,62257.0,62250.0,62499.0,62506.0,18.674999999999997,0.3853722871840504,48.45963402417927,48.36410074435813,1.8674999999999997,1.8674999999999997,0.038537228718405044,10.0,stop_risk,62499.0,62499.0,0.09551339999999998,0.01211490850604482,-0.0768,0.018713399999999998,-1.9879821183600002e-05,8.283258826499999e-07,0.0042,-0.09553327982118359,-0.0019713991189763544,stop_intrabar,False,False,False
88,PF_XBTUSD,-1,0.0002,2026-06-09T14:21:00+00:00,2026-06-09T15:21:00+00:00,2026-06-09T15:21:00+00:00,61706.0,61697.0,61592.0,61599.0,12.339400000000001,0.25513552015002455,48.36410074435813,48.37137642935267,1.2339400000000003,1.2339400000000003,0.025513552015002456,9.999999999999998,stop_risk,62123.0,62123.0,0.0993829,0.012091025186089534,0.0196,0.012329600000000001,5.2849946074112665e-06,0.0,0.0032,0.0072756849946074105,0.00015043565129154498,time_exit,False,False,False
89,PF_XBTUSD,-1,0.0002,2026-06-09T16:06:00+00:00,2026-06-09T16:45:00+00:00,2026-06-09T16:46:00+00:00,60953.0,60946.0,61307.0,61314.0,12.189200000000001,0.2519920022909119,48.37137642935267,48.28562978276697,1.2189200000000002,1.2189200000000002,0.025199200229091195,10.0,stop_risk,61307.0,61307.0,0.085826,0.01209284410733817,-0.0736,0.012226,7.935341441456004e-05,2.0347029337066666e-06,0.0028,-0.08574664658558544,-0.0017726732814977897,stop_intrabar,False,False,False
90,PF_ETHUSD,-1,0.014,2026-06-09T22:56:00+00:00,2026-06-09T23:56:00+00:00,2026-06-09T23:56:00+00:00,1641.2,1640.8,1638.5,1638.8,22.9712,0.4757357438091937,48.28562978276697,48.29071007565758,2.29712,2.29712,0.04757357438091937,10.0,stop_risk,1646.5,1646.5,0.10841390000000192,0.012071407445691743,0.028,0.0229572,3.749289071818177e-05,0.0,0.009800000000000636,0.00508029289071818,0.0001052133505056058,time_exit,False,False,False
91,PF_XBTUSD,1,0.0005,2026-06-10T01:06:00+00:00,2026-06-10T01:09:00+00:00,2026-06-10T01:10:00+00:00,61818.0,61825.0,61702.0,61695.0,30.9125,0.640133473944969,48.29071007565758,48.19486135248176,3.0912500000000005,3.0912500000000005,0.0640133473944969,9.999999999999998,stop_risk,61702.0,61702.0,0.09587999999999999,0.012072677518914395,-0.065,0.03088,3.1276824181148435e-05,1.0425608060382811e-05,0.007,-0.09584872317581886,-0.0019848273720898205,stop_intrabar,False,False,False
92,PF_ETHUSD,-1,0.011,2026-06-10T02:41:00+00:00,2026-06-10T03:27:00+00:00,2026-06-10T03:28:00+00:00,1622.8,1622.5,1630.2,1630.6,17.8475,0.37031956310589026,48.19486135248176,48.087749848764865,1.78475,1.78475,0.037031956310589025,10.0,stop_risk,1630.2,1630.2,0.1058915,0.012048715338120441,-0.089099999999999,0.01789205,-0.00011945371698785825,3.7585670565744046e-06,0.007699999999997998,-0.10711150371698686,-0.0022224673069107443,stop_intrabar,False,False,False
93,PF_XBTUSD,1,0.0004,2026-06-10T07:11:00+00:00,2026-06-10T08:11:00+00:00,2026-06-10T08:11:00+00:00,61526.0,61533.0,61618.0,61611.0,24.613200000000003,0.511839295400764,48.087749848764865,48.09442844551148,2.4613200000000006,2.4613200000000006,0.0511839295400764,9.999999999999998,stop_risk,61334.0,61334.0,0.10697200000000001,0.012021937462191217,0.031200000000000002,0.0246288,0.00010739674667480516,0.0,0.0056,0.006678596746674806,0.00013888353619536943,time_exit,False,False,False
94,PF_XBTUSD,-1,0.0003,2026-06-10T08:41:00+00:00,2026-06-10T09:21:00+00:00,2026-06-10T09:22:00+00:00,61273.0,61266.0,60396.0,60403.0,18.3798,0.3821606908339366,48.09442844551148,48.335044998229186,1.83798,1.83798,0.03821606908339366,10.0,stop_risk,61480.0,61480.0,0.08471295,0.01202360711137787,0.25889999999999996,0.01825035,-3.309728232089553e-05,2.676464414776981e-06,0.0042,0.24061655271767907,0.005003002644896492,target_intrabar,False,False,True
95,PF_XBTUSD,-1,0.0004,2026-06-10T09:26:00+00:00,2026-06-10T09:29:00+00:00,2026-06-10T09:30:00+00:00,61015.0,61008.0,61178.0,61185.0,24.403200000000002,0.5048759135508003,48.335044998229186,48.23979212375231,2.4403200000000003,2.4403200000000003,0.05048759135508003,10.0,stop_risk,61178.0,61178.0,0.0952386,0.012083761249557297,-0.0708,0.0244386,-1.4274476878810565e-05,3.5686192197026413e-06,0.0056,-0.09525287447687882,-0.001970679337949691,stop_intrabar,False,False,False
96,PF_XBTUSD,1,0.0003,2026-06-10T12:41:00+00:00,2026-06-10T13:41:00+00:00,2026-06-10T13:41:00+00:00,61638.0,61645.0,62140.0,62133.0,18.493499999999997,0.3833660798653021,48.23979212375231,48.367590124954745,1.8493499999999998,1.8493499999999998,0.038336607986530206,10.0,stop_risk,61371.0,61371.0,0.10275134999999999,0.01205994803093808,0.14639999999999997,0.0185667,-3.5298797470728525e-05,0.0,0.0042,0.12779800120252927,0.0026492237129604893,time_exit,False,False,False
97,PF_ETHUSD,1,0.012,2026-06-10T13:46:00+00:00,2026-06-10T13:53:00+00:00,2026-06-10T13:54:00+00:00,1663.2,1663.8,1657.6,1657.2,19.9656,0.41278881061512634,48.367590124954745,48.268486522558725,1.99656,1.99656,0.04127888106151263,10.0,stop_risk,1657.6,1657.6,0.10152479999999944,0.012091897531238687,-0.07919999999999891,0.019926,2.239760397688257e-05,3.199657710983224e-06,0.011999999999997272,-0.09910360239602203,-0.0020489671315026005,stop_intrabar,False,False,False
98,PF_XBTUSD,-1,0.0002,2026-06-10T17:36:00+00:00,2026-06-10T18:36:00+00:00,2026-06-10T18:36:00+00:00,61731.0,61724.0,61803.0,61810.0,12.344800000000001,0.2557527879858123,48.268486522558725,48.23897638460803,1.2344800000000002,1.2344800000000002,0.025575278798581236,9.999999999999998,stop_risk,62124.0,62124.0,0.09378550000000001,0.012067121630639681,-0.0172,0.0123534,4.326204928611505e-05,0.0,0.0028,-0.029510137950713885,-0.0006113748343222248,time_exit,False,False,False
99,PF_XBTUSD,-1,0.0006,2026-06-10T21:16:00+00:00,2026-06-10T21:34:00+00:00,2026-06-10T21:35:00+00:00,61564.0,61557.0,61655.0,61662.0,36.9342,0.7656505748696788,48.23897638460803,48.13905419710147,3.6934199999999997,3.6934199999999997,0.07656505748696787,10.0,stop_risk,61655.0,61655.0,0.09996569999999999,0.012059744096152007,-0.063,0.036965700000000004,4.3512493451175e-05,2.4173607472875003e-06,0.0084,-0.09992218750654883,-0.0020713994158970536,stop_intrabar,False,False,False
100,PF_XBTUSD,-1,0.0003,2026-06-10T21:56:00+00:00,2026-06-10T22:31:00+00:00,2026-06-10T22:32:00+00:00,61188.0,61181.0,61385.0,61392.0,18.3543,0.38127670570447436,48.13905419710147,48.05739657485478,1.83543,1.83543,0.038127670570447435,10.0,stop_risk,61385.0,61385.0,0.08168595,0.012034763549275369,-0.0633,0.018385949999999998,2.8327753321977225e-05,7.578397363678144e-07,0.0042,-0.08165762224667801,-0.001696286385526759,stop_intrabar,False,False,False
101,PF_XBTUSD,1,0.0003,2026-06-11T00:21:00+00:00,2026-06-11T01:21:00+00:00,2026-06-11T01:21:00+00:00,61898.0,61905.0,62071.0,62064.0,18.571499999999997,0.3864441547738194,48.05739657485478,48.086428586841585,1.8571499999999999,1.8571499999999999,0.03864441547738194,9.999999999999998,stop_risk,61672.0,61672.0,0.0905355,0.012014349143713694,0.04769999999999999,0.018595349999999997,-7.263801322649998e-05,0.0,0.0042,0.029032011986773496,0.0006041112098436895,time_exit,False,False,False
102,PF_ETHUSD,1,0.013,2026-06-11T01:26:00+00:00,2026-06-11T02:22:00+00:00,2026-06-11T02:23:00+00:00,1639.2,1639.5,1633.2,1632.8,21.313499999999998,0.4432331663290179,48.086428586841585,47.977684688287184,2.13135,2.13135,0.044323316632901795,10.0,stop_risk,1633.2,1633.2,0.10707059999999882,0.012021607146710397,-0.0871000000000006,0.02126995,-0.0003739485543037139,7.332564364630674e-06,0.00910000000000059,-0.1087438985543043,-0.002261425972983593,stop_intrabar,False,False,False
103,PF_ETHUSD,1,0.022,2026-06-11T08:41:00+00:00,2026-06-11T08:56:00+00:00,2026-06-11T08:57:00+00:00,1660.3,1660.6,1657.8,1657.5,36.533199999999994,0.7614623389468993,47.977684688287184,47.87289613870974,3.6533199999999995,3.6533199999999995,0.07614623389468993,10.0,stop_risk,1657.8,1657.8,0.10469909999999799,0.011994421172071798,-0.068199999999998,0.03649909999999999,-8.944957739177452e-05,5.590598586985909e-06,0.013199999999997998,-0.10478854957738977,-0.0021841101807685156,stop_intrabar,False,False,False
104,PF_XBTUSD,1,0.0006,2026-06-11T11:01:00+00:00,2026-06-11T12:01:00+00:00,2026-06-11T12:01:00+00:00,63010.0,63017.0,62982.0,62975.0,37.810199999999995,0.7898038984407064,47.87289613870974,47.80968542690467,3.78102,3.78102,0.07898038984407064,9.999999999999998,stop_risk,62930.0,62930.0,0.09418199999999999,0.011968224034677436,-0.025199999999999997,0.0377976,-0.00021311180503225918,0.0,0.0084,-0.06321071180503225,-0.001320386208135013,time_exit,False,False,False
105,PF_XBTUSD,-1,0.0003,2026-06-11T12:31:00+00:00,2026-06-11T12:38:00+00:00,2026-06-11T12:39:00+00:00,62563.0,62556.0,62799.0,62810.0,18.7668,0.3925313423927921,47.80968542690467,47.71466883646356,1.8766800000000001,1.8766800000000001,0.03925313423927921,10.0,stop_risk,62799.0,62799.0,0.0938043,0.011952421356726169,-0.07619999999999999,0.0188049,-1.1690441136267506e-05,1.4613051420334382e-06,0.005399999999999999,-0.09501659044113625,-0.0019873920857815582,stop_intrabar,False,False,False
106,PF_XBTUSD,1,0.0002,2026-06-11T17:36:00+00:00,2026-06-11T18:36:00+00:00,2026-06-11T18:36:00+00:00,63177.0,63184.0,63383.0,63375.0,12.636800000000001,0.2648409872299681,47.71466883646356,47.74015658801599,1.2636800000000001,1.2636800000000001,0.02648409872299681,10.0,stop_risk,62891.0,62891.0,0.0726068,0.01192866720911589,0.038200000000000005,0.012655900000000001,-5.634844743904007e-05,0.0,0.003,0.025487751552560965,0.0005341701446135411,time_exit,False,False,False
107,PF_XBTUSD,-1,0.0004,2026-06-11T20:51:00+00:00,2026-06-11T21:01:00+00:00,2026-06-11T21:02:00+00:00,63214.0,63207.0,63357.0,63365.0,25.2828,0.5295918951038094,47.74015658801599,47.65162161361263,2.5282800000000005,2.5282800000000005,0.05295918951038095,9.999999999999998,stop_risk,63357.0,63357.0,0.0881142,0.011935039147003999,-0.0632,0.0253144,-2.057440334531989e-05,4.6539347375793084e-06,0.006,-0.08853497440334533,-0.0018545178887320593,stop_intrabar,False,False,False
108,PF_ETHUSD,-1,0.015,2026-06-11T23:11:00+00:00,2026-06-11T23:40:00+00:00,2026-06-11T23:41:00+00:00,1670.4,1670.1,1675.0,1675.4,25.051499999999997,0.5257218779065336,47.65162161361263,47.54696795500315,2.50515,2.50515,0.05257218779065336,9.999999999999998,stop_risk,1675.0,1675.0,0.10309050000000068,0.01191290540340316,-0.07950000000000272,0.02509125,-6.240860952e-05,2.080286984e-06,0.010500000000004093,-0.10465365860952272,-0.0021962244949000082,stop_intrabar,False,False,False
109,PF_XBTUSD,1,0.0007,2026-06-12T00:16:00+00:00,2026-06-12T00:24:00+00:00,2026-06-12T00:25:00+00:00,63601.0,63608.0,63530.0,63523.0,44.5256,0.9364550867289273,47.54696795500315,47.44295943998084,4.45256,4.45256,0.09364550867289273,10.0,stop_risk,63530.0,63530.0,0.10399584999999999,0.011886741988750789,-0.0595,0.04449585,-1.266502229960625e-05,1.40722469995625e-06,0.0098,-0.1040085150222996,-0.002187489959837813,stop_intrabar,False,False,False
110,PF_XBTUSD,-1,0.0004,2026-06-12T01:26:00+00:00,2026-06-12T02:07:00+00:00,2026-06-12T02:08:00+00:00,63329.0,63322.0,63467.0,63474.0,25.3288,0.5338790054200344,47.44295943998084,47.356855665627094,2.5328800000000005,2.5328800000000005,0.053387900542003444,9.999999999999998,stop_risk,63467.0,63467.0,0.0861592,0.01186073985999521,-0.0608,0.025359200000000002,5.5425646293325076e-05,3.6345246991734702e-06,0.0056,-0.08610377435370668,-0.0018148904573003057,stop_intrabar,False,False,False
111,PF_XBTUSD,1,0.0005,2026-06-12T04:26:00+00:00,2026-06-12T05:08:00+00:00,2026-06-12T05:09:00+00:00,63656.0,63663.0,63532.0,63525.0,31.831500000000002,0.6721624472864692,47.356855665627094,47.25566398407367,3.1831500000000004,3.1831500000000004,0.06721624472864693,10.0,stop_risk,63532.0,63532.0,0.100797,0.011839213916406775,-0.069,0.031797000000000006,-0.00039468155348977525,7.328404113499999e-06,0.007,-0.10119168155348979,-0.002136790547665889,stop_intrabar,False,False,False
112,PF_ETHUSD,-1,0.017,2026-06-12T05:46:00+00:00,2026-06-12T06:46:00+00:00,2026-06-12T06:46:00+00:00,1663.1,1662.8,1653.4,1653.7,28.2676,0.5981843786921899,47.25566398407367,47.38235045634219,2.82676,2.82676,0.059818437869218984,10.0,stop_risk,1666.8,1666.8,0.10140414999999924,0.011813915996018418,0.15469999999999848,0.028190250000000003,0.00017672226855908353,0.0,0.010199999999998455,0.12668647226855756,0.0026808738167609716,time_exit,False,False,False
113,PF_XBTUSD,1,0.0004,2026-06-12T08:16:00+00:00,2026-06-12T09:16:00+00:00,2026-06-12T09:16:00+00:00,63235.0,63242.0,63502.0,63495.0,25.2968,0.533886558103704,47.38235045634219,47.45839115359017,2.5296800000000004,2.5296800000000004,0.05338865581037041,9.999999999999998,stop_risk,63087.0,63087.0,0.0900644,0.011845587614085547,0.1012,0.0253474,0.00018809724798498484,0.0,0.0056,0.07604069724798497,0.0016048316834355529,time_exit,False,False,False
114,PF_XBTUSD,1,0.0003,2026-06-12T09:31:00+00:00,2026-06-12T10:26:00+00:00,2026-06-12T10:27:00+00:00,63731.0,63738.0,63537.0,63530.0,19.121399999999998,0.40290872773409403,47.45839115359017,47.376977211052214,1.91214,1.91214,0.040290872773409404,9.999999999999998,stop_risk,63537.0,63537.0,0.0814902,0.011864597788397544,-0.0624,0.019090199999999998,7.625746206215775e-05,2.537143712710727e-06,0.0042,-0.08141394253793782,-0.0017154804568586593,stop_intrabar,False,False,False
115,PF_XBTUSD,-1,0.0006,2026-06-12T12:31:00+00:00,2026-06-12T13:31:00+00:00,2026-06-12T13:31:00+00:00,63427.0,63420.0,63261.0,63268.0,38.052,0.8031749225048309,47.376977211052214,47.42964517760841,3.8052,3.8052,0.08031749225048308,10.0,stop_risk,63523.0,63523.0,0.10408499999999998,0.011844244302763055,0.09119999999999999,0.0380064,-0.0005256334438137126,0.0,0.0084,0.052667966556186274,0.0011116784914656768,time_exit,False,False,False
116,PF_XBTUSD,1,0.0002,2026-06-12T14:36:00+00:00,2026-06-12T15:36:00+00:00,2026-06-12T15:36:00+00:00,63624.0,63631.0,64023.0,64016.0,12.7262,0.2683174194608577,47.42964517760841,47.494113424473916,1.27262,1.27262,0.026831741946085768,10.0,stop_risk,63336.0,63336.0,0.07309600000000001,0.011857411294402103,0.077,0.0127647,0.0002329468654376455,0.0,0.0028,0.06446824686543765,0.0013592394930222497,time_exit,False,False,False
117,PF_XBTUSD,-1,0.0005,2026-06-12T20:26:00+00:00,2026-06-12T21:26:00+00:00,2026-06-12T21:26:00+00:00,63499.0,63492.0,63510.0,63517.0,31.746000000000002,0.6684196779561561,47.494113424473916,47.449912614341706,3.1746000000000003,3.1746000000000003,0.0668419677956156,10.0,stop_risk,63635.0,63635.0,0.1067835,0.01187352835611848,-0.0125,0.03175225,5.14398678331768e-05,0.0,0.007,-0.04420081013216683,-0.0009306587057879465,time_exit,False,False,False
118,PF_ETHUSD,-1,0.023,2026-06-12T23:11:00+00:00,2026-06-12T23:35:00+00:00,2026-06-12T23:36:00+00:00,1660.5,1660.2,1662.8,1663.1,38.1846,0.8047348856119649,47.449912614341706,47.34525442778762,3.8184600000000004,3.8184600000000004,0.08047348856119649,10.0,stop_risk,1662.8,1662.8,0.10491794999999686,0.011862478153585427,-0.06669999999999686,0.03821795,0.000259763445895,1.0823476912291667e-05,0.013799999999997908,-0.10465818655410188,-0.0022056560441898266,stop_intrabar,False,False,False
119,PF_ETHUSD,1,0.02,2026-06-13T00:16:00+00:00,2026-06-13T01:16:00+00:00,2026-06-13T01:16:00+00:00,1667.4,1667.7,1668.7,1668.4,33.354,0.7044845445042967,47.34525442778762,47.32544301772684,3.3354,3.3354,0.07044845445042967,10.0,stop_risk,1664.4,1664.4,0.10531800000000274,0.011836313606946907,0.01400000000000091,0.033361,-0.00045041006061899734,0.0,0.01199999999999818,-0.019811410060618092,-0.0004184455295479516,time_exit,False,False,False
120,PF_XBTUSD,1,0.0007,2026-06-13T01:51:00+00:00,2026-06-13T02:26:00+00:00,2026-06-13T02:27:00+00:00,63754.0,63761.0,63683.0,63676.0,44.6327,0.9431015782204466,47.32544301772684,47.22120872801423,4.4632700000000005,4.4632700000000005,0.09431015782204467,9.999999999999998,stop_risk,63683.0,63683.0,0.10410295,0.01183136075443171,-0.0595,0.04460295,-0.00013133971265365152,4.014643368744415e-06,0.0098,-0.10423428971265365,-0.002202500030979325,stop_intrabar,False,False,False
121,PF_ETHUSD,-1,0.022,2026-06-13T03:31:00+00:00,2026-06-13T04:31:00+00:00,2026-06-13T04:31:00+00:00,1663.9,1663.6,1665.1,1665.5,36.599199999999996,0.7750585168373152,47.22120872801423,47.143112689773716,3.6599199999999996,3.6599199999999996,0.07750585168373152,10.0,stop_risk,1666.3,1666.3,0.10263219999999999,0.01180530218200356,-0.041800000000001995,0.0366201,0.00032406175959113294,0.0,0.015400000000006003,-0.07809603824041086,-0.0016538339518208896,time_exit,False,False,False
122,PF_XBTUSD,1,0.0006,2026-06-13T06:36:00+00:00,2026-06-13T07:36:00+00:00,2026-06-13T07:36:00+00:00,63654.0,63661.0,63778.0,63771.0,38.1966,0.810226517102372,47.143112689773716,47.1708585768347,3.81966,3.81966,0.0810226517102372,10.0,stop_risk,63574.0,63574.0,0.0945684,0.01178577817244343,0.06599999999999999,0.0382296,-2.4512938906915084e-05,0.0,0.0084,0.027745887061093075,0.0005885459291514222,time_exit,False,False,False
123,PF_XBTUSD,1,0.0007,2026-06-13T07:46:00+00:00,2026-06-13T08:23:00+00:00,2026-06-13T08:24:00+00:00,63790.0,63797.0,63724.0,63717.0,44.6579,0.9467264609411031,47.1708585768347,47.07020486806017,4.46579,4.46579,0.09467264609411032,10.0,stop_risk,63724.0,63724.0,0.10062990000000001,0.011792714644208677,-0.056,0.0446299,-2.3808774524587515e-05,8.072924456770834e-08,0.0098,-0.10065370877452459,-0.0021338112515076196,stop_intrabar,False,False,False
124,PF_XBTUSD,1,0.0006,2026-06-13T11:16:00+00:00,2026-06-13T12:16:00+00:00,2026-06-13T12:16:00+00:00,63916.0,63923.0,63889.0,63882.0,38.3538,0.8148211826888658,47.07020486806017,47.00730597844623,3.8353800000000002,3.8353800000000002,0.08148211826888659,10.0,stop_risk,63827.0,63827.0,0.10012289999999999,0.011767551217015044,-0.024599999999999997,0.0383415,4.2610386093011024e-05,0.0,0.0084,-0.06289888961390698,-0.001336278220802635,time_exit,False,False,False
125,PF_XBTUSD,1,0.0006,2026-06-13T12:56:00+00:00,2026-06-13T13:56:00+00:00,2026-06-13T13:56:00+00:00,64078.0,64085.0,64025.0,64018.0,38.45099999999999,0.8179792310929396,47.00730597844623,46.92878775593614,3.8450999999999995,3.8450999999999995,0.08179792310929397,10.0,stop_risk,64004.0,64004.0,0.09122459999999999,0.01175182649461156,-0.0402,0.03843089999999999,0.00011267748991116875,0.0,0.0084,-0.07851822251008882,-0.0016703408305528283,time_exit,False,False,False
126,PF_ETHUSD,1,0.018,2026-06-13T15:26:00+00:00,2026-06-13T15:44:00+00:00,2026-06-13T15:45:00+00:00,1681.8,1682.1,1678.4,1678.1,30.277799999999996,0.6451860669716549,46.92878775593614,46.826608961300145,3.02778,3.02778,0.0645186066971655,9.999999999999998,stop_risk,1678.4,1678.4,0.10224179999999998,0.011732196938984037,-0.072,0.0302418,6.300536399999999e-05,3.500298e-06,0.010800000000002455,-0.10217879463599999,-0.0021773158762890725,stop_intrabar,False,False,False
127,PF_ETHUSD,-1,0.017,2026-06-13T16:26:00+00:00,2026-06-13T16:45:00+00:00,2026-06-13T16:46:00+00:00,1671.4,1671.1,1675.2,1675.5,28.4087,0.6066785665278127,46.826608961300145,46.723279975969476,2.8408700000000002,2.8408700000000002,0.06066785665278127,9.999999999999998,stop_risk,1675.2,1675.2,0.10324610000000156,0.011706652240325037,-0.07480000000000155,0.028446100000000002,-8.28853306414615e-05,4.144266532073076e-06,0.01020000000000232,-0.10332898533064301,-0.00220662968390556,stop_intrabar,False,False,False
128,PF_XBTUSD,1,0.0005,2026-06-13T18:36:00+00:00,2026-06-13T18:49:00+00:00,2026-06-13T18:50:00+00:00,64186.0,64193.0,64075.0,64067.0,32.0965,0.6869487762097981,46.723279975969476,46.62822875722815,3.20965,3.20965,0.06869487762097981,10.0,stop_risk,64075.0,64075.0,0.09456524999999999,0.01168081999399237,-0.063,0.032065,1.3781258633252905e-05,1.0600968179425308e-06,0.0075,-0.09505121874136675,-0.0020343438814709306,stop_intrabar,False,False,False
129,PF_XBTUSD,1,0.0005,2026-06-14T01:16:00+00:00,2026-06-14T02:16:00+00:00,2026-06-14T02:16:00+00:00,64637.0,64644.0,64581.0,64574.0,32.322,0.6931852412470109,46.62822875722815,46.56098795550693,3.2322000000000006,3.2322000000000006,0.06931852412470109,9.999999999999998,stop_risk,64520.0,64520.0,0.09778925000000001,0.011657057189307039,-0.035,0.0323045,6.369827892328283e-05,0.0,0.007,-0.06724080172107672,-0.0014420621051502685,time_exit,False,False,False
130,PF_ETHUSD,-1,0.026,2026-06-14T03:46:00+00:00,2026-06-14T03:50:00+00:00,2026-06-14T03:51:00+00:00,1679.2,1678.9,1680.9,1681.2,43.6514,0.9375101757229186,46.56098795550693,46.45744892847809,4.36514,4.36514,0.09375101757229187,10.0,stop_risk,1680.9,1680.9,0.10348129999999882,0.011640246988876734,-0.05979999999999881,0.0436813,-5.7727028842255723e-05,1.1545405768451144e-05,0.015599999999997635,-0.10353902702884107,-0.0022237291684571127,stop_intrabar,False,False,False
131,PF_XBTUSD,-1,0.0006,2026-06-14T04:46:00+00:00,2026-06-14T05:46:00+00:00,2026-06-14T05:46:00+00:00,64346.0,64339.0,64348.0,64355.0,38.60339999999999,0.8309410200166282,46.45744892847809,46.40915738661932,3.8603399999999994,3.8603399999999994,0.08309410200166283,10.0,stop_risk,64424.0,64424.0,0.09383099999999998,0.011614362232119523,-0.0096,0.038608199999999995,-8.334185856491876e-05,0.0,0.0084,-0.048291541858564914,-0.0010394789850150929,time_exit,False,False,False
132,PF_XBTUSD,-1,0.0007,2026-06-14T06:46:00+00:00,2026-06-14T07:20:00+00:00,2026-06-14T07:21:00+00:00,64246.0,64239.0,64310.0,64317.0,44.9673,0.9689316189344339,46.40915738661932,46.309583750337524,4.49673,4.49673,0.0968931618934434,10.0,stop_risk,64310.0,64310.0,0.09959460000000002,0.011602289346654832,-0.0546,0.0449946,2.096371811500822e-05,1.3213860059212916e-06,0.0098,-0.099573636281885,-0.0021455600982446203,stop_intrabar,False,False,False
133,PF_XBTUSD,1,0.0005,2026-06-14T09:51:00+00:00,2026-06-14T10:51:00+00:00,2026-06-14T10:51:00+00:00,64552.0,64559.0,64512.0,64505.0,32.2795,0.6970371440612383,46.309583750337524,46.2499035744928,3.22795,3.22795,0.06970371440612383,10.0,stop_risk,64452.0,64452.0,0.08925100000000001,0.011577395937584382,-0.027,0.032266,-0.000414175844568633,0.0,0.007,-0.05968017584456863,-0.0012887219234427615,time_exit,False,False,False
134,PF_XBTUSD,-1,0.0006,2026-06-14T12:41:00+00:00,2026-06-14T13:41:00+00:00,2026-06-14T13:41:00+00:00,64313.0,64306.0,64257.0,64264.0,38.5836,0.8342417392904398,46.2499035744928,46.236861897705566,3.85836,3.85836,0.08342417392904397,10.0,stop_risk,64384.0,64384.0,0.0896091,0.0115624758936232,0.025199999999999997,0.038570999999999994,0.0003293232126936625,0.0,0.0084,-0.013041676787306338,-0.0002819827887057246,time_exit,False,False,False
135,PF_XBTUSD,-1,0.0003,2026-06-14T14:36:00+00:00,2026-06-14T15:01:00+00:00,2026-06-14T15:02:00+00:00,63903.0,63896.0,64097.0,64104.0,19.168799999999997,0.41457830858869815,46.236861897705566,46.155327348925276,1.91688,1.91688,0.04145783085886982,9.999999999999998,stop_risk,64097.0,64097.0,0.08159999999999999,0.011559215474426392,-0.0624,0.019199999999999995,6.545121969782884e-05,1.8915869759688565e-06,0.0042,-0.08153454878030217,-0.0017634100895663985,stop_intrabar,False,False,False
136,PF_ETHUSD,1,0.02,2026-06-14T16:31:00+00:00,2026-06-14T16:48:00+00:00,2026-06-14T16:49:00+00:00,1666.3,1666.6,1663.4,1663.1,33.332,0.7221701570442038,46.155327348925276,46.05203648739287,3.3332,3.3332,0.07221701570442038,10.0,stop_risk,1663.4,1663.4,0.10329699999999999,0.01153883183723132,-0.07,0.033297,6.138467606225358e-06,3.6108632977796237e-07,0.012000000000002729,-0.10329086153239378,-0.0022378968466962657,stop_intrabar,False,False,False
137,PF_XBTUSD,1,0.0006,2026-06-14T20:31:00+00:00,2026-06-14T21:15:00+00:00,2026-06-14T21:16:00+00:00,63898.0,63905.0,64361.0,64354.0,38.342999999999996,0.8326016160109817,46.05203648739287,46.282614190285855,3.8343,3.8343,0.08326016160109817,10.0,stop_risk,63826.0,63826.0,0.08991719999999999,0.011513009121848217,0.2694,0.03847769999999999,-0.00034459710713476903,6.31233379701188e-06,0.0084,0.2305777028928652,0.00500689481899433,target_intrabar,False,False,True
138,PF_XBTUSD,1,0.0002,2026-06-14T21:26:00+00:00,2026-06-14T22:26:00+00:00,2026-06-14T22:26:00+00:00,64843.0,64850.0,65125.0,65117.0,12.97,0.2802348187739629,46.282614190285855,46.32291436082151,1.2970000000000002,1.2970000000000002,0.028023481877396294,10.0,stop_risk,64515.0,64515.0,0.0813358,0.011570653547571464,0.0534,0.0129967,-0.00010312946424790632,0.0,0.003,0.0403001705357521,0.000870741016703646,time_exit,False,False,False
139,PF_XBTUSD,-1,0.0006,2026-06-15T05:06:00+00:00,2026-06-15T05:19:00+00:00,2026-06-15T05:20:00+00:00,65605.0,65597.0,65685.0,65693.0,39.3582,0.8496486143645562,46.32291436082151,46.225957018145934,3.9358199999999997,3.9358199999999997,0.08496486143645562,10.0,stop_risk,65685.0,65685.0,0.09698699999999998,0.011580728590205378,-0.0576,0.039387,2.9657324412787504e-05,2.2813326471375e-06,0.0096,-0.0969573426755872,-0.0020930751878079313,stop_intrabar,False,False,False
140,PF_XBTUSD,1,0.0005,2026-06-15T06:31:00+00:00,2026-06-15T06:34:00+00:00,2026-06-15T06:35:00+00:00,65906.0,65914.0,65798.0,65790.0,32.957,0.71295441189163,46.225957018145934,46.13102080398639,3.2957,3.2957,0.071295441189163,10.0,stop_risk,65798.0,65798.0,0.09492600000000001,0.011556489254536485,-0.062,0.032926,-1.0214159550750732e-05,2.553539887687683e-06,0.008,-0.09493621415955077,-0.0020537425352228768,stop_intrabar,False,False,False
141,PF_XBTUSD,-1,0.0006,2026-06-15T09:41:00+00:00,2026-06-15T10:04:00+00:00,2026-06-15T10:05:00+00:00,65524.0,65516.0,65603.0,65611.0,39.309599999999996,0.8521294199629564,46.13102080398639,46.034787501682786,3.93096,3.93096,0.08521294199629564,10.0,stop_risk,65603.0,65603.0,0.0963381,0.011532755200996598,-0.056999999999999995,0.0393381,0.00010479769642598371,3.6010528810725e-06,0.0096,-0.096233302303574,-0.002086086555779361,stop_intrabar,False,False,False
142,PF_ETHUSD,1,0.018,2026-06-15T10:51:00+00:00,2026-06-15T10:54:00+00:00,2026-06-15T10:55:00+00:00,1727.6,1728.0,1743.0,1742.6,31.104,0.6756629429181791,46.034787501682786,46.26634006038604,3.1104000000000003,3.1104000000000003,0.06756629429181792,9.999999999999998,stop_risk,1724.5,1724.5,0.09946979999999916,0.011508696875420698,0.26279999999999837,0.031235399999999997,-1.2041296738900686e-05,3.0103241847251714e-06,0.014400000000003273,0.23155255870325947,0.0050299473782689915,target_intrabar,False,False,True
143,PF_ETHUSD,1,0.015,2026-06-15T10:56:00+00:00,2026-06-15T11:02:00+00:00,2026-06-15T11:03:00+00:00,1737.8,1738.2,1733.8,1733.4,26.073,0.5635414421363342,46.26634006038604,46.168293171833575,2.6073000000000004,2.6073000000000004,0.056354144213633425,9.999999999999998,stop_risk,1733.8,1733.8,0.09803699999999932,0.011566585015096512,-0.07199999999999931,0.026037000000000005,-9.888552474250863e-06,7.2930737416522e-08,0.011999999999999317,-0.09804688855247357,-0.002119184020704997,stop_intrabar,False,False,False
144,PF_XBTUSD,1,0.0003,2026-06-15T11:26:00+00:00,2026-06-15T12:05:00+00:00,2026-06-15T12:06:00+00:00,66304.0,66312.0,66071.0,66063.0,19.8936,0.43089312238505534,46.168293171833575,46.07363955746011,1.98936,1.98936,0.04308931223850553,10.0,stop_risk,66071.0,66071.0,0.09455625,0.011542073292958394,-0.07469999999999999,0.01985625,-9.73643733482191e-05,2.909356573804374e-06,0.0048,-0.09465361437334821,-0.002050186564642044,stop_intrabar,False,False,False
145,PF_ETHUSD,1,0.012,2026-06-15T12:46:00+00:00,2026-06-15T13:08:00+00:00,2026-06-15T13:09:00+00:00,1772.7,1773.1,1794.5,1794.1,21.2772,0.4618085353006339,46.07363955746011,46.304176885416986,2.12772,2.12772,0.04618085353006339,10.0,stop_risk,1767.0,1767.0,0.0992382,0.011518409889365028,0.252,0.021403199999999997,-5.947204308399107e-05,2.4298869816584524e-06,0.009599999999999454,0.230537327956916,0.005003670866274945,target_intrabar,False,False,True
146,PF_ETHUSD,1,0.006,2026-06-15T13:16:00+00:00,2026-06-15T14:16:00+00:00,2026-06-15T14:16:00+00:00,1796.1,1796.6,1808.6,1808.2,10.7796,0.2327997326607251,46.304176885416986,46.362896779342506,1.07796,1.07796,0.02327997326607251,10.0,stop_risk,1782.3,1782.3,0.09953519999999974,0.011576044221354248,0.06960000000000081,0.0108144,-6.570607465195355e-05,0.0,0.0053999999999991815,0.058719893925348855,0.0012681338461248421,time_exit,False,False,False
147,PF_XBTUSD,1,0.0003,2026-06-15T15:46:00+00:00,2026-06-15T16:46:00+00:00,2026-06-15T16:46:00+00:00,66923.0,66931.0,67146.0,67138.0,20.0793,0.4330898497469759,46.362896779342506,46.404892450475764,2.00793,2.00793,0.043308984974697595,10.0,stop_risk,66720.0,66720.0,0.08574645,0.011590724194835627,0.062099999999999995,0.02011035,6.021133199714427e-06,0.0,0.0048,0.041995671133199707,0.000905803434437499,time_exit,False,False,False
148,PF_XBTUSD,-1,0.0004,2026-06-15T22:31:00+00:00,2026-06-15T22:38:00+00:00,2026-06-15T22:39:00+00:00,66119.0,66111.0,66275.0,66283.0,26.4444,0.5698623270859209,46.404892450475764,46.30962736074481,2.6444400000000003,2.6444400000000003,0.05698623270859209,10.0,stop_risk,66275.0,66275.0,0.09527880000000001,0.011601223112618943,-0.0688,0.026478800000000004,1.3710269035889997e-05,1.95860986227e-06,0.0064,-0.0952650897309641,-0.002052910473451327,stop_intrabar,False,False,False
149,PF_XBTUSD,-1,0.0004,2026-06-16T02:31:00+00:00,2026-06-16T03:26:00+00:00,2026-06-16T03:27:00+00:00,65787.0,65779.0,65921.0,65929.0,26.311600000000002,0.568166955761417,46.30962736074481,46.223286703882174,2.6311600000000004,2.6311600000000004,0.0568166955761417,10.0,stop_risk,65921.0,65921.0,0.0863416,0.011577406840186204,-0.060000000000000005,0.0263416,9.431372135894016e-07,1.5806417964793128e-06,0.0064,-0.08634065686278641,-0.0018644213262656185,stop_intrabar,False,False,False
150,PF_XBTUSD,1,0.0005,2026-06-16T06:16:00+00:00,2026-06-16T07:16:00+00:00,2026-06-16T07:16:00+00:00,66124.0,66132.0,66338.0,66330.0,33.066,0.7153537179610137,46.223286703882174,46.289196001070756,3.3066000000000004,3.3066000000000004,0.07153537179610137,10.0,stop_risk,66032.0,66032.0,0.087039,0.011555821675970544,0.099,0.033115500000000006,2.479718860824147e-05,0.0,0.008,0.06590929718860825,0.001425889457208864,time_exit,False,False,False
151,PF_ETHUSD,1,0.024,2026-06-16T08:21:00+00:00,2026-06-16T08:50:00+00:00,2026-06-16T08:51:00+00:00,1776.4,1776.8,1788.7,1788.3,42.6432,0.9212344063831565,46.289196001070756,46.52202903328611,4.2643200000000006,4.2643200000000006,0.09212344063831567,9.999999999999998,stop_risk,1774.8,1774.8,0.10021439999999672,0.01157229900026769,0.276,0.0427812,-0.00038576778474649307,1.285892615821643e-05,0.01919999999999891,0.23283303221525353,0.005029964923345561,target_intrabar,False,False,True
152,PF_ETHUSD,1,0.012,2026-06-16T08:56:00+00:00,2026-06-16T09:00:00+00:00,2026-06-16T09:01:00+00:00,1805.1,1805.6,1799.8,1799.3,21.6672,0.46574064911264523,46.52202903328611,46.424768833176394,2.16672,2.16672,0.04657406491126453,10.0,stop_risk,1799.8,1799.8,0.09722939999999947,0.011630507258321529,-0.07559999999999946,0.0216294,-3.080010972883298e-05,5.0822574124001194e-06,0.012,-0.09726020010972829,-0.002090626787583565,stop_intrabar,False,False,False
153,PF_XBTUSD,-1,0.0004,2026-06-16T11:41:00+00:00,2026-06-16T12:07:00+00:00,2026-06-16T12:08:00+00:00,66350.0,66342.0,66478.0,66486.0,26.5368,0.5716086620777331,46.424768833176394,46.34067167168534,2.65368,2.65368,0.05716086620777331,10.0,stop_risk,66478.0,66478.0,0.0841656,0.011606192208294099,-0.057600000000000005,0.0265656,6.843850890680018e-05,4.664840886344314e-06,0.0064,-0.0840971614910932,-0.0018114718415354844,stop_intrabar,False,False,False
154,PF_ETHUSD,1,0.007,2026-06-16T12:16:00+00:00,2026-06-16T13:08:00+00:00,2026-06-16T13:09:00+00:00,1814.2,1814.6,1802.2,1801.8,12.7022,0.274104788337826,46.34067167168534,46.238194398863136,1.2702200000000001,1.2702200000000001,0.027410478833782604,9.999999999999998,stop_risk,1802.2,1802.2,0.10225739999999968,0.011585167917921337,-0.08959999999999968,0.012657400000000001,-0.00021987282209444387,2.7956791809625704e-06,0.005599999999999682,-0.10247727282209412,-0.002211389458230681,stop_intrabar,False,False,False
155,PF_ETHUSD,-1,0.007,2026-06-16T14:26:00+00:00,2026-06-16T15:26:00+00:00,2026-06-16T15:26:00+00:00,1778.9,1778.5,1779.8,1780.2,12.4495,0.26924710538234375,46.238194398863136,46.213805356940846,1.2449500000000002,1.2449500000000002,0.02692471053823438,9.999999999999998,stop_risk,1790.3,1790.3,0.09789220000000032,0.011559548599715785,-0.011900000000000318,0.01245545,-3.359192237181428e-05,0.0,0.005600000000001273,-0.024389041922372134,-0.0005274652749626354,time_exit,False,False,False
156,PF_ETHUSD,1,0.01,2026-06-16T17:56:00+00:00,2026-06-16T18:56:00+00:00,2026-06-16T18:56:00+00:00,1794.7,1795.1,1797.6,1797.2,17.951,0.3884337128559776,46.213805356940846,46.216739302224376,1.7951000000000001,1.7951000000000001,0.03884337128559776,10.0,stop_risk,1787.1,1787.1,0.10190899999999864,0.011553451339235212,0.021000000000001365,0.017961500000000002,-0.00010455471637788301,0.0,0.007999999999997271,0.00293394528362348,6.348633835631177e-05,time_exit,False,False,False
157,PF_XBTUSD,1,0.0005,2026-06-16T21:01:00+00:00,2026-06-16T21:18:00+00:00,2026-06-16T21:19:00+00:00,65811.0,65819.0,65695.0,65687.0,32.9095,0.712068841222126,46.216739302224376,46.11767140452988,3.2909500000000005,3.2909500000000005,0.07120688412221261,9.999999999999998,stop_risk,65695.0,65695.0,0.09887649999999999,0.011554184825556094,-0.066,0.0328765,-0.00019139769453544074,1.0633205251968933e-05,0.008,-0.09906789769453545,-0.0021435501333554137,stop_intrabar,False,False,False
158,PF_XBTUSD,-1,0.0004,2026-06-17T01:26:00+00:00,2026-06-17T01:40:00+00:00,2026-06-17T01:41:00+00:00,65497.0,65489.0,65658.0,65666.0,26.195600000000002,0.568016536876295,46.11767140452988,46.02069316756594,2.6195600000000003,2.6195600000000003,0.0568016536876295,10.0,stop_risk,65658.0,65658.0,0.09703099999999999,0.01152941785113247,-0.0708,0.026231000000000004,5.276303605171071e-05,3.7687882894079095e-06,0.0064,-0.09697823696394829,-0.0021028433138630385,stop_intrabar,False,False,False
159,PF_XBTUSD,1,0.0005,2026-06-17T02:31:00+00:00,2026-06-17T02:33:00+00:00,2026-06-17T02:34:00+00:00,66004.0,66012.0,65890.0,65882.0,33.006,0.7171991060591343,46.02069316756594,45.9227124002404,3.3006,3.3006,0.07171991060591343,10.0,stop_risk,65890.0,65890.0,0.0979735,0.011505173291891485,-0.065,0.0329735,-7.267325534167214e-06,2.422441844722405e-06,0.008,-0.09798076732553417,-0.0021290589207071785,stop_intrabar,False,False,False
160,PF_XBTUSD,1,0.0006,2026-06-17T04:46:00+00:00,2026-06-17T05:08:00+00:00,2026-06-17T05:09:00+00:00,65864.0,65872.0,65778.0,65770.0,39.523199999999996,0.8606460275154195,45.9227124002404,45.82211092157853,3.95232,3.95232,0.08606460275154196,10.0,stop_risk,65778.0,65778.0,0.1006926,0.0114806781000601,-0.0612,0.039492599999999996,9.112133813619706e-05,3.0198071343785523e-06,0.0096,-0.1006014786618638,-0.0021906693530005243,stop_intrabar,False,False,False
161,PF_ETHUSD,-1,0.009,2026-06-17T08:41:00+00:00,2026-06-17T09:19:00+00:00,2026-06-17T09:20:00+00:00,1761.7,1761.3,1770.1,1770.5,15.8517,0.34593997703704926,45.82211092157853,45.72343230535151,1.58517,1.58517,0.03459399770370492,10.0,stop_risk,1770.1,1770.1,0.09869310000000041,0.011455527730394634,-0.0828000000000004,0.0158931,1.4483772979564235e-05,2.2162314695999998e-06,0.0072000000000016365,-0.09867861622702083,-0.0021535152842675157,stop_intrabar,False,False,False
162,PF_XBTUSD,-1,0.0003,2026-06-17T11:06:00+00:00,2026-06-17T11:46:00+00:00,2026-06-17T11:47:00+00:00,64565.0,64558.0,64784.0,64791.0,19.3674,0.4235771249774095,45.72343230535151,45.6339164741887,1.9367400000000001,1.9367400000000001,0.04235771249774096,10.0,stop_risk,64784.0,64784.0,0.08930234999999999,0.011430858076337877,-0.06989999999999999,0.01940235,-0.00021348116289621896,5.2068576316150995e-06,0.0042,-0.08951583116289621,-0.0019577670933601196,stop_intrabar,False,False,False
163,PF_ETHUSD,-1,0.011,2026-06-17T12:31:00+00:00,2026-06-17T12:39:00+00:00,2026-06-17T12:40:00+00:00,1746.1,1745.6,1752.5,1752.9,19.2016,0.42077475447150675,45.6339164741887,45.534369370003255,1.92016,1.92016,0.04207747544715068,9.999999999999998,stop_risk,1752.5,1752.5,0.10064230000000099,0.011408479118547176,-0.080300000000002,0.019241750000000002,-5.35418545915097e-06,5.949094954612188e-07,0.009900000000001,-0.09954710418546114,-0.0021814280227682547,stop_intrabar,False,False,False
164,PF_XBTUSD,1,0.0005,2026-06-17T12:51:00+00:00,2026-06-17T13:25:00+00:00,2026-06-17T13:26:00+00:00,64936.0,64943.0,64820.0,64813.0,32.4715,0.7131206701501239,45.534369370003255,45.437031160645624,3.24715,3.24715,0.0713120670150124,10.0,stop_risk,64820.0,64820.0,0.097439,0.011383592342500816,-0.065,0.032439,0.00010079064231361856,2.0570648944484308e-06,0.007,-0.09733820935768638,-0.0021376865586242204,stop_intrabar,False,False,False
165,PF_XBTUSD,1,0.0003,2026-06-17T13:46:00+00:00,2026-06-17T14:40:00+00:00,2026-06-17T14:41:00+00:00,65227.0,65235.0,65036.0,65028.0,19.5705,0.4307169614759205,45.437031160645624,45.35547680361447,1.95705,1.95705,0.04307169614759205,10.0,stop_risk,65036.0,65036.0,0.08163945,0.011359257790161406,-0.062099999999999995,0.01953945,8.50929687440378e-05,1.6953405907667753e-06,0.0048,-0.08155435703125596,-0.0017948874507868957,stop_intrabar,False,False,False
166,PF_XBTUSD,1,0.0002,2026-06-17T15:46:00+00:00,2026-06-17T16:28:00+00:00,2026-06-17T16:29:00+00:00,65436.0,65444.0,66655.0,66645.0,13.0888,0.2885825686867639,45.35547680361447,45.58243093449857,1.3088800000000003,1.3088800000000003,0.028858256868676397,9.999999999999998,stop_risk,65173.0,65173.0,0.0688609,0.01133886920090362,0.24020000000000002,0.0132089,-3.696911598146983e-05,1.2670417631388159e-06,0.0036000000000000003,0.22695413088401856,0.0050038969244378464,target_intrabar,False,False,True
167,PF_ETHUSD,-1,0.004,2026-06-17T19:36:00+00:00,2026-06-17T20:36:00+00:00,2026-06-17T20:36:00+00:00,1739.4,1739.0,1741.8,1742.2,6.956,0.15260265539579695,45.58243093449857,45.562657588447884,0.6956000000000001,0.6956000000000001,0.015260265539579697,9.999999999999998,stop_risk,1757.9,1757.9,0.08419459999999983,0.011395607733624642,-0.012800000000000183,0.0069624000000000005,-1.0946050697e-05,0.0,0.003200000000000728,-0.01977334605069718,-0.0004337931445365705,time_exit,False,False,False
168,PF_XBTUSD,1,0.0003,2026-06-17T23:26:00+00:00,2026-06-18T00:26:00+00:00,2026-06-18T00:26:00+00:00,64476.0,64485.0,64510.0,64503.0,19.345499999999998,0.4245911240459539,45.562657588447884,45.54856075926141,1.9345499999999998,1.9345499999999998,0.04245911240459539,10.0,stop_risk,64256.0,64256.0,0.0907098,0.011390664397111972,0.005399999999999999,0.0193482,-0.0001486291864007877,0.0,0.0048,-0.014096829186400789,-0.0003093943578474437,time_exit,False,False,False
169,PF_XBTUSD,1,0.0005,2026-06-18T01:16:00+00:00,2026-06-18T01:45:00+00:00,2026-06-18T01:46:00+00:00,64646.0,64653.0,64536.0,64529.0,32.3265,0.7097150702709534,45.54856075926141,45.45416923394102,3.2326500000000005,3.2326500000000005,0.07097150702709534,10.0,stop_risk,64536.0,64536.0,0.0942955,0.011387140189815355,-0.062,0.032295500000000005,-9.602532036283876e-05,3.2008440120946236e-06,0.007,-0.09439152532036284,-0.002072327286459214,stop_intrabar,False,False,False
170,PF_XBTUSD,-1,0.0006,2026-06-18T03:31:00+00:00,2026-06-18T04:11:00+00:00,2026-06-18T04:12:00+00:00,64305.0,64296.0,63846.0,63853.0,38.5776,0.8487142246831291,45.45416923394102,45.68174029614726,3.85776,3.85776,0.08487142246831292,10.0,stop_risk,64371.0,64371.0,0.0890028,0.011363542308485255,0.2658,0.0384447,0.00021576220621750313,7.201977521938131e-06,0.0096,0.22757106220621748,0.005006604807470294,target_intrabar,False,False,True
171,PF_XBTUSD,-1,0.0005,2026-06-18T04:16:00+00:00,2026-06-18T05:16:00+00:00,2026-06-18T05:16:00+00:00,63969.0,63962.0,63884.0,63891.0,31.981,0.7000827856529196,45.68174029614726,45.685650443176456,3.1981,3.1981,0.07000827856529196,10.0,stop_risk,64086.0,64086.0,0.09751375000000001,0.011420435074036816,0.035500000000000004,0.03196325,0.00037339702927573107,0.0,0.007,0.003910147029275733,8.559540428904172e-05,time_exit,False,False,False
172,PF_XBTUSD,1,0.0005,2026-06-18T06:51:00+00:00,2026-06-18T07:51:00+00:00,2026-06-18T07:51:00+00:00,64027.0,64034.0,64403.0,64396.0,32.017,0.7008108605090905,45.685650443176456,45.83414651235781,3.2017000000000007,3.2017000000000007,0.07008108605090906,9.999999999999998,stop_risk,63920.0,63920.0,0.09248675,0.011421412610794116,0.181,0.032107500000000004,-0.00039643081849127993,0.0,0.007,0.1484960691815087,0.0032503875449077222,time_exit,False,False,False
173,PF_XBTUSD,-1,0.0005,2026-06-18T10:11:00+00:00,2026-06-18T10:53:00+00:00,2026-06-18T10:54:00+00:00,64000.0,63993.0,64116.0,64123.0,31.9965,0.6980930689169286,45.83414651235781,45.736908678912826,3.19965,3.19965,0.06980930689169285,10.0,stop_risk,64116.0,64116.0,0.097029,0.011458536628089454,-0.065,0.032029,-0.00020883344483625226,4.856591740377957e-06,0.007,-0.09723783344483626,-0.0021215150895985153,stop_intrabar,False,False,False
174,PF_ETHUSD,-1,0.017,2026-06-18T13:46:00+00:00,2026-06-18T13:49:00+00:00,2026-06-18T13:50:00+00:00,1731.8,1731.4,1735.1,1735.5,29.433800000000005,0.6435458987102591,45.736908678912826,45.637752372199685,2.9433800000000008,2.9433800000000008,0.06435458987102592,9.999999999999998,stop_risk,1735.1,1735.1,0.09916864999999847,0.011434227169728207,-0.06969999999999846,0.029468650000000006,1.2343286866460914e-05,4.114428955486971e-06,0.013599999999999227,-0.09915630671313201,-0.0021679713294407324,stop_intrabar,False,False,False
175,PF_ETHUSD,-1,0.006,2026-06-18T15:26:00+00:00,2026-06-18T15:53:00+00:00,2026-06-18T15:54:00+00:00,1721.4,1721.0,1680.9,1681.2,10.326,0.22626004707212752,45.637752372199685,45.86638881516401,1.0326000000000002,1.0326000000000002,0.022626004707212755,9.999999999999998,stop_risk,1735.8,1735.8,0.10157160000000028,0.011409438093049923,0.23879999999999973,0.0102066,4.304296431449998e-05,1.5941838635000003e-06,0.004200000000000273,0.22863644296431423,0.005009809446785738,target_intrabar,False,False,True
176,PF_ETHUSD,-1,0.007,2026-06-18T16:01:00+00:00,2026-06-18T17:01:00+00:00,2026-06-18T17:01:00+00:00,1685.3,1685.0,1684.0,1684.3,11.795,0.2571599880586288,45.86638881516401,45.85947383672816,1.1795,1.1795,0.025715998805862877,10.0,stop_risk,1696.5,1696.5,0.09443629999999968,0.011466597203791003,0.004900000000000318,0.01179255,-2.242843579529592e-05,0.0,0.004199999999999363,-0.006914978435794979,-0.00015076352454215447,time_exit,False,False,False
177,PF_XBTUSD,1,0.0003,2026-06-18T18:26:00+00:00,2026-06-18T18:41:00+00:00,2026-06-18T18:42:00+00:00,62862.0,62869.0,62624.0,62617.0,18.860699999999998,0.4112716178809437,45.85947383672816,45.765047104798235,1.88607,1.88607,0.04112716178809438,10.0,stop_risk,62624.0,62624.0,0.09442289999999999,0.011464868459182041,-0.07559999999999999,0.018822899999999997,-3.831929867304999e-06,2.3949561670656246e-07,0.0042,-0.0944267319298673,-0.002059045253463906,stop_intrabar,False,False,False
178,PF_ETHUSD,1,0.016,2026-06-18T19:36:00+00:00,2026-06-18T20:00:00+00:00,2026-06-18T20:01:00+00:00,1690.8,1691.1,1707.6,1707.2,27.0576,0.5912284966743353,45.765047104798235,45.99535646489243,2.70576,2.70576,0.05912284966743353,10.0,stop_risk,1686.7,1686.7,0.10221999999999709,0.011441261776199559,0.25760000000000216,0.0271864,-0.00010423990586732992,1.479109536666818e-06,0.011199999999997089,0.23030936009413483,0.005032429215395433,target_intrabar,False,False,True
179,PF_XBTUSD,1,0.0007,2026-06-19T00:51:00+00:00,2026-06-19T01:11:00+00:00,2026-06-19T01:12:00+00:00,62959.0,62966.0,62894.0,62887.0,44.0762,0.9582749952952904,45.99535646489243,45.89604403997349,4.4076200000000005,4.4076200000000005,0.09582749952952906,9.999999999999998,stop_risk,62894.0,62894.0,0.09934855000000001,0.01149883911622311,-0.0553,0.044048550000000006,3.612508108235181e-05,2.023271484857533e-06,0.0098,-0.09931242491891766,-0.002159183720963688,stop_intrabar,False,False,False
180,PF_XBTUSD,-1,0.0004,2026-06-19T03:21:00+00:00,2026-06-19T03:21:00+00:00,2026-06-19T03:22:00+00:00,62467.0,62459.0,62612.0,62620.0,24.983600000000003,0.5443519266767384,45.89604403997349,45.80662823997349,2.4983600000000004,2.4983600000000004,0.05443519266767383,10.0,stop_risk,62612.0,62612.0,0.0894158,0.011474011009993373,-0.0644,0.0250158,0.0,1.3264055874909712e-06,0.0064,-0.08941579999999999,-0.001948224555522098,stop_intrabar,False,False,False
181,PF_XBTUSD,-1,0.0004,2026-06-19T07:41:00+00:00,2026-06-19T07:52:00+00:00,2026-06-19T07:53:00+00:00,62458.0,62451.0,62615.0,62622.0,24.9804,0.5453446577454193,45.80662823997349,45.71318763454302,2.49804,2.49804,0.05453446577454193,10.0,stop_risk,62615.0,62615.0,0.0934146,0.011451657059993374,-0.0684,0.025014599999999998,-2.6005430510151666e-05,2.167119209179305e-06,0.0056,-0.09344060543051015,-0.0020398926753785497,stop_intrabar,False,False,False
182,PF_XBTUSD,-1,0.0005,2026-06-19T09:16:00+00:00,2026-06-19T10:16:00+00:00,2026-06-19T10:16:00+00:00,62397.0,62390.0,62454.0,62462.0,31.195,0.682407016753905,45.71318763454302,45.64565478441094,3.1195000000000004,3.1195000000000004,0.06824070167539051,9.999999999999998,stop_risk,62500.0,62500.0,0.08972425,0.011428296908635754,-0.036000000000000004,0.031213,-0.00031985013206114663,0.0,0.0075,-0.06753285013206116,-0.001477316582513493,time_exit,False,False,False
183,PF_XBTUSD,1,0.0004,2026-06-19T11:31:00+00:00,2026-06-19T12:16:00+00:00,2026-06-19T12:17:00+00:00,62596.0,62603.0,62451.0,62444.0,25.0412,0.548599863848424,45.64565478441094,45.557376148314376,2.5041200000000003,2.5041200000000003,0.0548599863848424,9.999999999999998,stop_risk,62451.0,62451.0,0.0886094,0.011411413696102735,-0.0636,0.0250094,0.000330763903494495,6.457359884666667e-06,0.0056,-0.0882786360965055,-0.001933998679906214,stop_intrabar,False,False,False
184,PF_XBTUSD,1,0.0003,2026-06-19T13:01:00+00:00,2026-06-19T13:45:00+00:00,2026-06-19T13:46:00+00:00,62771.0,62778.0,63607.0,63600.0,18.833399999999997,0.41339957636469005,45.557376148314376,45.785243928753644,1.8833399999999998,1.8833399999999998,0.041339957636469006,10.0,stop_risk,62585.0,62585.0,0.0788034,0.011389344037078595,0.24659999999999999,0.0189567,0.00022448043916045005,5.101828162737499e-06,0.0042,0.22786778043916045,0.005001775776052712,target_intrabar,False,False,True
185,PF_XBTUSD,1,0.0003,2026-06-19T13:51:00+00:00,2026-06-19T14:23:00+00:00,2026-06-19T14:24:00+00:00,63175.0,63182.0,62972.0,62965.0,18.9546,0.41398927631564497,45.785243928753644,45.70137191161231,1.89546,1.89546,0.0413989276315645,10.0,stop_risk,62972.0,62972.0,0.08402205,0.011446310982188412,-0.06509999999999999,0.01892205,0.00015003285864809,4.5268002253674995e-06,0.0042,-0.0838720171413519,-0.0018318569465713675,stop_intrabar,False,False,False
186,PF_XBTUSD,-1,0.0005,2026-06-19T17:06:00+00:00,2026-06-19T17:18:00+00:00,2026-06-19T17:19:00+00:00,62920.0,62913.0,63023.0,63030.0,31.456500000000002,0.6883053764958681,45.70137191161231,45.61131229453331,3.1456500000000003,3.1456500000000003,0.06883053764958681,10.0,stop_risk,63023.0,63023.0,0.08998575,0.01142534297790308,-0.0585,0.03148575000000001,-7.386707903321995e-05,5.682083002555381e-06,0.007,-0.09005961707903322,-0.0019706108003324486,stop_intrabar,False,False,False
187,PF_XBTUSD,1,0.0005,2026-06-19T20:56:00+00:00,2026-06-19T21:54:00+00:00,2026-06-19T21:55:00+00:00,63138.0,63145.0,63013.0,63006.0,31.5725,0.6922076654168988,45.61131229453331,45.5110267119928,3.1572500000000003,3.1572500000000003,0.06922076654168989,10.0,stop_risk,63013.0,63013.0,0.10103775000000001,0.011402828073633329,-0.0695,0.03153775,0.0007521674593779358,1.3085923987047918e-05,0.007,-0.10028558254062207,-0.002198699785111021,stop_intrabar,False,False,False
188,PF_ETHUSD,-1,0.019,2026-06-20T02:26:00+00:00,2026-06-20T03:18:00+00:00,2026-06-20T03:19:00+00:00,1703.9,1703.5,1706.7,1707.0,32.3665,0.7111792973782982,45.5110267119928,45.412101280910875,3.2366500000000005,3.2366500000000005,0.07111792973782984,10.0,stop_risk,1706.7,1706.7,0.10080069999999827,0.0113777566779982,-0.0665,0.032399750000000005,-2.5681082014111225e-05,2.76843309796875e-06,0.013300000000000863,-0.09892543108201413,-0.0021736585225388,stop_intrabar,False,False,False
189,PF_ETHUSD,1,0.019,2026-06-20T04:26:00+00:00,2026-06-20T05:10:00+00:00,2026-06-20T05:11:00+00:00,1709.4,1709.7,1723.8,1723.4,32.4843,0.7153225480375399,45.412101280910875,45.63986711479811,3.24843,3.24843,0.071532254803754,10.0,stop_risk,1706.4,1706.4,0.1008501000000026,0.01135302532022772,0.26030000000000086,0.03261445,8.028388737210927e-05,1.5197029660071252e-06,0.013299999999996544,0.22776583388737295,0.005015531707692969,target_intrabar,False,False,True
190,PF_XBTUSD,1,0.0006,2026-06-20T05:16:00+00:00,2026-06-20T05:28:00+00:00,2026-06-20T05:29:00+00:00,63726.0,63733.0,63634.0,63627.0,38.239799999999995,0.8378595823650253,45.63986711479811,45.5382028467802,3.8239799999999997,3.8239799999999997,0.08378595823650253,10.0,stop_risk,63634.0,63634.0,0.101808,0.011409966778699529,-0.06359999999999999,0.03820799999999999,0.00014373198205653,1.1977665171377501e-05,0.0084,-0.10166426801794345,-0.0022275320776510366,stop_intrabar,False,False,False
191,PF_XBTUSD,1,0.0005,2026-06-20T07:31:00+00:00,2026-06-20T07:54:00+00:00,2026-06-20T07:55:00+00:00,63737.0,63744.0,63637.0,63630.0,31.872,0.6998958678109872,45.5382028467802,45.44950361371986,3.1872000000000003,3.1872000000000003,0.06998958678109873,10.0,stop_risk,63637.0,63637.0,0.0888435,0.01138455071169505,-0.057,0.0318435,0.00014426693970420756,6.272475639313372e-06,0.007,-0.0886992330602958,-0.0019477982773878244,stop_intrabar,False,False,False
192,PF_ETHUSD,1,0.02,2026-06-20T09:46:00+00:00,2026-06-20T10:36:00+00:00,2026-06-20T10:37:00+00:00,1727.0,1727.4,1724.5,1724.1,34.548,0.7601403151424294,45.44950361371986,45.34841896975083,3.4548000000000005,3.4548000000000005,0.07601403151424295,9.999999999999998,stop_risk,1724.5,1724.5,0.09851600000000092,0.011362375903429967,-0.06600000000000364,0.034515000000000004,-0.0005696439689455211,1.0401001174860921e-05,0.01600000000000364,-0.10108464396894914,-0.002224108866580331,stop_intrabar,False,False,False
193,PF_ETHUSD,-1,0.013,2026-06-20T13:26:00+00:00,2026-06-20T14:26:00+00:00,2026-06-20T14:26:00+00:00,1712.7,1712.4,1711.1,1711.4,22.2612,0.4908925273635028,45.34841896975083,45.33921346411055,2.22612,2.22612,0.04908925273635028,10.0,stop_risk,1718.2,1718.2,0.10160084999999883,0.01133710474243771,0.013,0.022254700000000002,4.919435973761527e-05,0.0,0.007800000000001773,-0.009205505640262386,-0.00020299507346447553,time_exit,False,False,False
194,PF_XBTUSD,1,0.0006,2026-06-20T22:31:00+00:00,2026-06-20T23:31:00+00:00,2026-06-20T23:31:00+00:00,64200.0,64207.0,64216.0,64209.0,38.52419999999999,0.8496883173876592,45.33921346411055,45.301353447012104,3.8524199999999995,3.8524199999999995,0.08496883173876592,10.0,stop_risk,64124.0,64124.0,0.0924972,0.011334803366027638,0.0012,0.0385248,-0.0005352170983932336,0.0,0.0084,-0.037860017098393234,-0.0008350391240986642,time_exit,False,False,False
195,PF_ETHUSD,-1,0.02,2026-06-21T05:01:00+00:00,2026-06-21T05:30:00+00:00,2026-06-21T05:31:00+00:00,1731.1,1730.7,1733.6,1734.0,34.614000000000004,0.764083131434189,45.301353447012104,45.20084989801567,3.4614000000000007,3.4614000000000007,0.07640831314341891,10.0,stop_risk,1733.6,1733.6,0.1006469999999991,0.011325338361753028,-0.06599999999999909,0.034647000000000004,0.0001434510036598251,4.946586333097415e-06,0.01599999999999909,-0.10050354899633927,-0.0022185551059505505,stop_intrabar,False,False,False
196,PF_XBTUSD,-1,0.0007,2026-06-21T08:16:00+00:00,2026-06-21T09:16:00+00:00,2026-06-21T09:16:00+00:00,64037.0,64030.0,63895.0,63902.0,44.821,0.9915963992076984,45.20084989801567,45.24588223734815,4.4821,4.4821,0.09915963992076984,10.0,stop_risk,64103.0,64103.0,0.100849,0.01130021247450392,0.0896,0.0447762,0.00020853933257592954,0.0,0.0098,0.04503233933257593,0.0009962719602436693,time_exit,False,False,False
197,PF_XBTUSD,1,0.0006,2026-06-21T10:16:00+00:00,2026-06-21T11:16:00+00:00,2026-06-21T11:16:00+00:00,64187.0,64194.0,64275.0,64268.0,38.5164,0.8512686259039655,45.24588223734815,45.25167907909312,3.8516399999999997,3.8516399999999997,0.08512686259039655,10.0,stop_risk,64101.0,64101.0,0.09848639999999999,0.011311470559337039,0.044399999999999995,0.03853859999999999,-6.45582549858762e-05,0.0,0.0084,0.005796841745014123,0.00012811865872358055,time_exit,False,False,False
198,PF_XBTUSD,-1,0.0003,2026-06-21T12:21:00+00:00,2026-06-21T12:57:00+00:00,2026-06-21T12:58:00+00:00,63942.0,63933.0,64126.0,64133.0,19.1799,0.4238494657065967,45.25167907909312,45.17230088619045,1.91799,1.91799,0.04238494657065967,10.0,stop_risk,64126.0,64126.0,0.07981019999999998,0.011312919769773281,-0.06,0.019209900000000002,-0.00016829290270611503,4.548456829894999e-06,0.0048,-0.07937819290270612,-0.0017541491170739762,stop_intrabar,False,False,False
199,PF_ETHUSD,1,0.017,2026-06-21T15:06:00+00:00,2026-06-21T16:06:00+00:00,2026-06-21T16:06:00+00:00,1728.1,1728.5,1726.9,1726.5,29.384500000000003,0.6504981907836156,45.17230088619045,45.109086538169265,2.9384500000000005,2.9384500000000005,0.06504981907836156,10.0,stop_risk,1724.8,1724.8,0.09904964999999846,0.011293075221547613,-0.034,0.029367500000000005,0.0001531519787329343,0.0,0.013600000000003094,-0.06321434802126707,-0.0013994050951828365,time_exit,False,False,False
200,PF_XBTUSD,-1,0.0007,2026-06-21T18:11:00+00:00,2026-06-21T18:31:00+00:00,2026-06-21T18:32:00+00:00,63933.0,63926.0,63999.0,64006.0,44.7482,0.9919996930582068,45.109086538169265,45.008196719033194,4.47482,4.47482,0.09919996930582069,9.999999999999998,stop_risk,63999.0,63999.0,0.10077620000000001,0.011277271634542318,-0.056,0.0447762,-0.00011361913605508023,5.410435050241916e-06,0.0098,-0.10088981913605509,-0.002236574199982673,stop_intrabar,False,False,False
201,PF_ETHUSD,1,0.015,2026-06-21T18:41:00+00:00,2026-06-21T19:41:00+00:00,2026-06-21T19:41:00+00:00,1732.3,1732.7,1733.3,1732.9,25.9905,0.5774614824550184,45.008196719033194,44.98557825126975,2.59905,2.59905,0.05774614824550183,10.0,stop_risk,1728.1,1728.1,0.100953,0.011252049179758299,0.003000000000000682,0.025992,0.000373532236720339,0.0,0.011999999999999317,-0.022618467763278978,-0.0005025410794499575,time_exit,False,False,False
202,PF_XBTUSD,-1,0.0006,2026-06-21T20:41:00+00:00,2026-06-21T21:09:00+00:00,2026-06-21T21:10:00+00:00,63925.0,63918.0,63471.0,63478.0,38.3508,0.8525132162532004,44.98557825126975,45.21107262449316,3.83508,3.83508,0.08525132162532005,10.0,stop_risk,64013.0,64013.0,0.09958139999999999,0.011246394562817438,0.26399999999999996,0.0382188,-0.0002868267765981094,9.492053977636454e-06,0.0084,0.22549437322340185,0.0050125925238503986,target_intrabar,False,False,True
203,PF_XBTUSD,-1,0.0004,2026-06-21T23:41:00+00:00,2026-06-22T00:09:00+00:00,2026-06-22T00:10:00+00:00,63337.0,63330.0,63491.0,63498.0,25.332,0.5603052201481359,45.21107262449316,45.118396730351364,2.5332000000000003,2.5332000000000003,0.056030522014813594,9.999999999999998,stop_risk,63491.0,63491.0,0.0925656,0.011302768156123293,-0.06720000000000001,0.025365600000000002,-0.00011029414179090139,4.010347054263193e-06,0.0056,-0.09267589414179091,-0.002049849489560299,stop_intrabar,False,False,False
204,PF_XBTUSD,1,0.0002,2026-06-22T01:31:00+00:00,2026-06-22T02:31:00+00:00,2026-06-22T02:31:00+00:00,64626.0,64633.0,64459.0,64452.0,12.9266,0.286503974803347,45.118396730351364,45.06928932594192,1.2926600000000001,1.2926600000000001,0.0286503974803347,10.0,stop_risk,64233.0,64233.0,0.0942859,0.011279599182587842,-0.0362,0.012908500000000002,1.09559059575151e-06,0.0,0.0028,-0.04910740440940425,-0.0010884119997191623,time_exit,False,False,False
205,PF_XBTUSD,-1,0.0005,2026-06-22T06:46:00+00:00,2026-06-22T07:06:00+00:00,2026-06-22T07:07:00+00:00,63960.0,63953.0,64065.0,64072.0,31.9765,0.7094964326760375,45.06928932594192,44.977764042953545,3.1976500000000003,3.1976500000000003,0.07094964326760375,10.0,stop_risk,64065.0,64065.0,0.09150625,0.011267322331485481,-0.059500000000000004,0.03200625,-1.9032988364483335e-05,2.096239048575e-06,0.007,-0.0915252829883645,-0.002030768276074912,stop_intrabar,False,False,False
206,PF_ETHUSD,1,0.014,2026-06-22T07:21:00+00:00,2026-06-22T08:21:00+00:00,2026-06-22T08:21:00+00:00,1743.5,1743.9,1748.0,1747.6,24.4146,0.5428148890790608,44.977764042953545,45.00499973665851,2.44146,2.44146,0.054281488907906086,10.0,stop_risk,1739.0,1739.0,0.09857750000000255,0.011244441010738387,0.05179999999999745,0.0244405,-0.00012380629495645595,0.0,0.011200000000002546,0.027235693705041,0.0006055368532555563,time_exit,False,False,False
207,PF_XBTUSD,1,0.0004,2026-06-22T11:41:00+00:00,2026-06-22T12:41:00+00:00,2026-06-22T12:41:00+00:00,64545.0,64552.0,65115.0,65107.0,25.820800000000002,0.5737318109340604,45.00499973665851,45.20119985062607,2.5820800000000004,2.5820800000000004,0.05737318109340605,10.0,stop_risk,64411.0,64411.0,0.0849912,0.011251249934164629,0.222,0.0259318,0.00013191396742867536,0.0,0.006,0.1962001139674287,0.004359518167214103,time_exit,False,False,False
208,PF_XBTUSD,1,0.0002,2026-06-22T13:46:00+00:00,2026-06-22T14:23:00+00:00,2026-06-22T14:24:00+00:00,65369.0,65377.0,65048.0,65040.0,13.0754,0.2892710822546649,45.20119985062607,45.12072698538663,1.3075400000000001,1.3075400000000001,0.028927108225466493,9.999999999999998,stop_risk,65048.0,65048.0,0.0804417,0.011300299962656517,-0.0674,0.0130417,-3.1165239463968915e-05,1.2304537073995105e-06,0.0032,-0.08047286523946395,-0.0017803258653619424,stop_intrabar,False,False,False
209,PF_ETHUSD,-1,0.006,2026-06-22T14:31:00+00:00,2026-06-22T15:31:00+00:00,2026-06-22T15:31:00+00:00,1749.9,1749.5,1751.6,1752.0,10.497,0.2326425281977325,45.12072698538663,45.09532176823738,1.0497,1.0497,0.023264252819773252,10.0,stop_risk,1763.2,1763.2,0.09513929999999945,0.011280181746346658,-0.015,0.0105045,9.928285073614539e-05,0.0,0.004800000000001092,-0.025405217149263856,-0.0005630498187117399,time_exit,False,False,False
210,PF_ETHUSD,-1,0.01,2026-06-22T15:56:00+00:00,2026-06-22T16:56:00+00:00,2026-06-22T16:56:00+00:00,1742.8,1742.4,1738.5,1738.9,17.424000000000003,0.386381542847145,45.09532176823738,45.11263325305743,1.7424000000000004,1.7424000000000004,0.0386381542847145,10.0,stop_risk,1750.0,1750.0,0.097464,0.011273830442059346,0.035,0.017406500000000002,-0.00028201517982255506,0.0,0.007999999999999546,0.017311484820177445,0.0003838864906907192,time_exit,False,False,False
211,PF_ETHUSD,1,0.012,2026-06-22T18:11:00+00:00,2026-06-22T18:29:00+00:00,2026-06-22T18:30:00+00:00,1744.2,1744.6,1738.8,1738.4,20.9352,0.4640651296625685,45.11263325305743,45.0174319889424,2.09352,2.09352,0.046406512966256856,10.0,stop_risk,1738.8,1738.8,0.09529799999999783,0.011278158313264359,-0.07439999999999782,0.020898,9.673588491749792e-05,5.374215828749885e-06,0.009599999999996726,-0.09520126411508031,-0.0021103016439109816,stop_intrabar,False,False,False
212,PF_XBTUSD,-1,0.0006,2026-06-22T21:46:00+00:00,2026-06-22T21:56:00+00:00,2026-06-22T21:57:00+00:00,64152.0,64145.0,64221.0,64228.0,38.486999999999995,0.8549354838688606,45.0174319889424,44.92921447177213,3.8486999999999996,3.8486999999999996,0.08549354838688607,10.0,stop_risk,64221.0,64221.0,0.08831189999999998,0.0112543579972356,-0.0498,0.0385119,9.438282973828546e-05,9.438282973828546e-06,0.0084,-0.08821751717026172,-0.0019596301537575605,stop_intrabar,False,False,False
213,PF_ETHUSD,1,0.015,2026-06-23T01:06:00+00:00,2026-06-23T01:36:00+00:00,2026-06-23T01:37:00+00:00,1730.6,1731.0,1726.4,1726.0,25.965,0.5779090577315378,44.92921447177213,44.82811109278494,2.5965000000000003,2.5965000000000003,0.05779090577315378,9.999999999999998,stop_risk,1726.4,1726.4,0.1009275,0.011232303617943033,-0.075,0.0259275,-0.0001758789872308706,5.673515717124855e-06,0.012000000000002727,-0.10110337898723086,-0.002250281474445798,stop_intrabar,False,False,False
214,PF_XBTUSD,-1,0.0005,2026-06-23T04:41:00+00:00,2026-06-23T05:41:00+00:00,2026-06-23T05:41:00+00:00,63767.0,63760.0,63407.0,63414.0,31.88,0.7111609037912612,44.82811109278494,44.969488316494214,3.188,3.188,0.07111609037912613,10.0,stop_risk,63870.0,63870.0,0.09040925,0.011207027773196236,0.17300000000000001,0.0317935,0.0001707237092281361,0.0,0.007,0.14137722370922814,0.00315376267843645,time_exit,False,False,False
215,PF_XBTUSD,-1,0.0004,2026-06-23T08:21:00+00:00,2026-06-23T08:28:00+00:00,2026-06-23T08:29:00+00:00,62368.0,62361.0,61729.0,61736.0,24.9444,0.554696104710863,44.969488316494214,45.19461851141467,2.4944400000000004,2.4944400000000004,0.0554696104710863,9.999999999999998,stop_risk,62530.0,62530.0,0.09537960000000001,0.011242372079123555,0.25,0.024819400000000002,-5.0405079542063355e-05,6.300634942757918e-06,0.0056,0.22513019492045794,0.005006287670786843,target_intrabar,False,False,True
216,PF_ETHUSD,-1,0.009,2026-06-23T08:31:00+00:00,2026-06-23T09:31:00+00:00,2026-06-23T09:31:00+00:00,1645.8,1645.4,1650.3,1650.6,14.8086,0.3276629051810635,45.19461851141467,45.13261024874348,1.48086,1.48086,0.032766290518106346,10.0,stop_risk,1654.1,1654.1,0.09674954999999918,0.011298654627853668,-0.04679999999999836,0.014831999999999998,-0.00037626267130123144,0.0,0.0062999999999983625,-0.06200826267129959,-0.001372027571283478,time_exit,False,False,False
217,PF_XBTUSD,-1,0.0005,2026-06-23T10:41:00+00:00,2026-06-23T11:15:00+00:00,2026-06-23T11:16:00+00:00,62227.0,62220.0,62346.0,62353.0,31.11,0.6893020330209269,45.13261024874348,45.03470284124946,3.111,3.111,0.06893020330209268,10.0,stop_risk,62346.0,62346.0,0.09764325,0.011283152562185872,-0.0665,0.03114325,-0.0002641574940023621,6.206008456386979e-06,0.007,-0.09790740749400237,-0.0021693273877667683,stop_intrabar,False,False,False
218,PF_ETHUSD,-1,0.016,2026-06-23T13:11:00+00:00,2026-06-23T13:31:00+00:00,2026-06-23T13:32:00+00:00,1648.7,1648.4,1652.7,1653.0,26.3744,0.585646142553036,45.03470284124946,44.934398165101975,2.6374400000000002,2.6374400000000002,0.05856461425530361,10.0,stop_risk,1652.7,1652.7,0.10001119999999855,0.011258675710312367,-0.07359999999999854,0.026411200000000003,-0.0002934761475365999,1.3975054644600001e-05,0.009599999999998545,-0.10030467614753513,-0.0022272751860074724,stop_intrabar,False,False,False
219,PF_XBTUSD,1,0.0003,2026-06-23T14:11:00+00:00,2026-06-23T15:11:00+00:00,2026-06-23T15:11:00+00:00,62478.0,62485.0,62291.0,62284.0,18.7455,0.4171748318765417,44.934398165101975,44.855455502238925,1.8745500000000002,1.8745500000000002,0.04171748318765418,9.999999999999998,stop_risk,62242.0,62242.0,0.093708,0.011233599541275494,-0.06029999999999999,0.01871535,7.268713692741177e-05,0.0,0.0042,-0.07894266286307257,-0.0017568425546285141,time_exit,False,False,False
220,PF_XBTUSD,-1,0.0004,2026-06-23T18:46:00+00:00,2026-06-23T19:03:00+00:00,2026-06-23T19:04:00+00:00,62076.0,62068.0,62204.0,62211.0,24.8272,0.5534934317802385,44.855455502238925,44.77335596325333,2.4827200000000005,2.4827200000000005,0.055349343178023855,9.999999999999998,stop_risk,62204.0,62204.0,0.082456,0.011213863875559733,-0.0572,0.024855800000000004,-4.3738985562565824e-05,1.2055536377090271e-06,0.006,-0.08209953898556256,-0.0018303133490967364,stop_intrabar,False,False,False
221,PF_ETHUSD,1,0.014,2026-06-23T20:11:00+00:00,2026-06-23T20:53:00+00:00,2026-06-23T20:54:00+00:00,1664.0,1664.4,1659.7,1659.4,23.3016,0.5204345195639174,44.77335596325333,44.680138462967534,2.3301600000000002,2.3301600000000002,0.05204345195639174,10.0,stop_risk,1659.7,1659.7,0.09466590000000191,0.011193338990813333,-0.07,0.023266600000000002,4.909971435075004e-05,1.1690408178750002e-06,0.009800000000000636,-0.09321750028564925,-0.002081985999936107,stop_intrabar,False,False,False
222,PF_XBTUSD,1,0.0005,2026-06-23T21:51:00+00:00,2026-06-23T22:35:00+00:00,2026-06-23T22:36:00+00:00,62584.0,62591.0,62471.0,62464.0,31.2955,0.7004342662442465,44.680138462967534,44.58513417047313,3.12955,3.12955,0.07004342662442466,10.0,stop_risk,62471.0,62471.0,0.09476375000000001,0.011170034615741883,-0.0635,0.03126375,-0.00024054249444780467,4.976570558913715e-06,0.007,-0.0950042924944478,-0.0021263204583215583,stop_intrabar,False,False,False
223,PF_ETHUSD,-1,0.02,2026-06-23T23:11:00+00:00,2026-06-23T23:25:00+00:00,2026-06-23T23:26:00+00:00,1660.7,1660.4,1663.3,1663.6,33.208000000000006,0.7448222511348249,44.58513417047313,44.48795499017668,3.3208000000000006,3.3208000000000006,0.0744822251134825,10.0,stop_risk,1663.3,1663.3,0.09723999999999636,0.011146283542618284,-0.06399999999999637,0.033240000000000006,6.0819703566999984e-05,4.3442645405e-06,0.01199999999999818,-0.09717918029642937,-0.0021796318908643563,stop_intrabar,False,False,False
224,PF_XBTUSD,1,0.0005,2026-06-24T00:16:00+00:00,2026-06-24T01:16:00+00:00,2026-06-24T01:16:00+00:00,62814.0,62821.0,62863.0,62856.0,31.4105,0.7060450408865884,44.48795499017668,44.47382350622767,3.14105,3.14105,0.07060450408865884,10.0,stop_risk,62707.0,62707.0,0.09188025000000001,0.011121988747544172,0.0175,0.03141925,-0.00021223394896703257,0.0,0.007,-0.014131483948967034,-0.00031764741607222415,time_exit,False,False,False
225,PF_XBTUSD,1,0.0004,2026-06-24T05:36:00+00:00,2026-06-24T06:04:00+00:00,2026-06-24T06:05:00+00:00,62876.0,62883.0,62704.0,62697.0,25.153200000000002,0.5655731398151049,44.47382350622767,44.37428531978269,2.5153200000000004,2.5153200000000004,0.0565573139815105,9.999999999999998,stop_risk,62704.0,62704.0,0.09951600000000001,0.011118455876556917,-0.07440000000000001,0.025116000000000003,-2.218644493053597e-05,9.144775456131938e-07,0.0056,-0.09953818644493055,-0.0022381297266018114,stop_intrabar,False,False,False
226,PF_ETHUSD,-1,0.017,2026-06-24T09:36:00+00:00,2026-06-24T10:36:00+00:00,2026-06-24T10:36:00+00:00,1665.5,1665.2,1663.4,1663.7,28.308400000000002,0.6379460490686418,44.37428531978269,44.37172602893493,2.8308400000000002,2.8308400000000002,0.06379460490686419,10.0,stop_risk,1668.9,1668.9,0.09634240000000001,0.011093571329945673,0.025500000000000002,0.028295650000000006,0.00023635915224177637,0.0,0.010199999999998455,-0.0025592908477582257,-5.7675088833875984e-05,time_exit,False,False,False
227,PF_ETHUSD,-1,0.013,2026-06-24T11:16:00+00:00,2026-06-24T11:36:00+00:00,2026-06-24T11:37:00+00:00,1655.2,1654.8,1660.2,1660.5,21.5124,0.4848222488792007,44.37172602893493,44.27611084400301,2.15124,2.15124,0.048482224887920075,10.0,stop_risk,1660.2,1660.2,0.0969500999999994,0.011092931507233735,-0.07410000000000058,0.021549449999999998,3.4265068079125004e-05,1.71325340395625e-06,0.00910000000000059,-0.09561518493192145,-0.0021548673781491058,stop_intrabar,False,False,False
228,PF_XBTUSD,1,0.0003,2026-06-24T11:51:00+00:00,2026-06-24T11:56:00+00:00,2026-06-24T11:57:00+00:00,62954.0,62976.0,62807.0,62800.0,18.892799999999998,0.42670414451180144,44.27611084400301,44.204435285043076,1.8892799999999998,1.8892799999999998,0.042670414451180146,10.0,stop_risk,62807.0,62807.0,0.07616414999999999,0.011069027711000753,-0.05279999999999999,0.0188664,-9.158959921399377e-06,1.5264933202332295e-06,0.0087,-0.07167555895992139,-0.0016188314102937864,stop_intrabar,False,False,False
229,PF_XBTUSD,-1,0.0003,2026-06-24T13:16:00+00:00,2026-06-24T13:23:00+00:00,2026-06-24T13:24:00+00:00,62005.0,61998.0,61192.0,61199.0,18.5994,0.42075868360415986,44.204435285043076,44.425647854971565,1.85994,1.85994,0.042075868360415984,10.0,stop_risk,62211.0,62211.0,0.0846324,0.01105110882126077,0.23969999999999997,0.018479549999999997,-7.880071501207501e-06,9.850089376509376e-07,0.0042,0.22121256992849878,0.0050043071131223756,target_intrabar,False,False,True
230,PF_ETHUSD,-1,0.007,2026-06-24T15:51:00+00:00,2026-06-24T16:19:00+00:00,2026-06-24T16:20:00+00:00,1619.3,1618.9,1629.7,1630.0,11.3323,0.25508463122461433,44.425647854971565,44.33652459893134,1.13323,1.13323,0.025508463122461432,10.0,stop_risk,1629.7,1629.7,0.08977149999999873,0.011106411963742893,-0.07769999999999937,0.01137115,-5.210604029316931e-05,1.6847412956499999e-06,0.0048999999999987266,-0.08912325604029253,-0.0020061216964406964,stop_intrabar,False,False,False
231,PF_XBTUSD,-1,0.0002,2026-06-24T16:56:00+00:00,2026-06-24T17:56:00+00:00,2026-06-24T17:56:00+00:00,59769.0,59762.0,59362.0,59369.0,11.9524,0.26958360196523146,44.33652459893134,44.40318750362931,1.19524,1.19524,0.02695836019652315,10.0,stop_risk,60182.0,60182.0,0.09739510000000001,0.011084131149732836,0.0786,0.011913100000000003,-2.3995302022422666e-05,0.0,0.0028,0.06666290469797759,0.0015035663101925763,time_exit,False,False,False
232,PF_ETHUSD,1,0.007,2026-06-24T20:11:00+00:00,2026-06-24T21:11:00+00:00,2026-06-24T21:11:00+00:00,1608.5,1608.8,1608.8,1608.5,11.2616,0.2536214319992124,44.40318750362931,44.38952474955613,1.12616,1.12616,0.025362143199921243,10.0,stop_risk,1596.5,1596.5,0.09941749999999935,0.011100796875907329,-0.0020999999999996815,0.011260550000000001,-0.000302204073294129,0.0,0.004199999999999363,-0.013662754073293813,-0.0003076975965335165,time_exit,False,False,False
233,PF_XBTUSD,1,0.0005,2026-06-25T04:46:00+00:00,2026-06-25T05:02:00+00:00,2026-06-25T05:03:00+00:00,60897.0,60904.0,61417.0,61410.0,30.452,0.6860177073714785,44.38952474955613,44.61191974717083,3.0452000000000004,3.0452000000000004,0.06860177073714786,10.0,stop_risk,60788.0,60788.0,0.09192125,0.011097381187389033,0.253,0.0305785,-2.6502385260131842e-05,2.9795406467706635e-06,0.007,0.22239499761473988,0.005010078365773982,target_intrabar,False,False,True
234,PF_XBTUSD,1,0.0004,2026-06-25T05:06:00+00:00,2026-06-25T06:06:00+00:00,2026-06-25T06:06:00+00:00,61415.0,61422.0,61534.0,61527.0,24.5688,0.5507227695924941,44.61191974717083,44.62917835747622,2.45688,2.45688,0.05507227695924941,10.0,stop_risk,61257.0,61257.0,0.09333440000000001,0.011152979936792708,0.042,0.024589800000000002,-0.0001515896944885068,0.0,0.0056,0.017258610305511495,0.0003868609645879673,time_exit,False,False,False
235,PF_XBTUSD,1,0.0005,2026-06-25T07:46:00+00:00,2026-06-25T08:07:00+00:00,2026-06-25T08:08:00+00:00,61800.0,61807.0,61700.0,61693.0,30.9035,0.6924505701732931,44.62917835747622,44.5412772571958,3.0903500000000004,3.0903500000000004,0.06924505701732932,10.0,stop_risk,61700.0,61700.0,0.08787500000000001,0.011157294589369057,-0.057,0.030875,-2.61002803803681e-05,1.0515129400781252e-06,0.007,-0.08790110028038038,-0.0019695881375251735,stop_intrabar,False,False,False
236,PF_XBTUSD,-1,0.0005,2026-06-25T10:31:00+00:00,2026-06-25T11:31:00+00:00,2026-06-25T11:31:00+00:00,61482.0,61475.0,61190.0,61197.0,30.7375,0.6900902240075356,44.5412772571958,44.649378315890836,3.0737500000000004,3.0737500000000004,0.06900902240075357,9.999999999999998,stop_risk,61574.0,61574.0,0.08376399999999999,0.011135319314298953,0.139,0.030668,-0.0002309413049598415,0.0,0.007,0.10810105869504016,0.0024269860532025057,time_exit,False,False,False
237,PF_XBTUSD,-1,0.0001,2026-06-25T13:41:00+00:00,2026-06-25T13:55:00+00:00,2026-06-25T13:56:00+00:00,60397.0,60389.0,58085.0,58097.0,6.0389,0.13525160321998791,44.649378315890836,44.87264602768181,0.60389,0.60389,0.013525160321998794,10.0,stop_risk,60942.0,60942.0,0.06216695,0.01116234457897271,0.22920000000000001,0.0059243,-7.988208997415623e-06,5.32547266494375e-07,0.002,0.2232677117910026,0.005000466304623574,target_intrabar,False,False,True
238,PF_XBTUSD,-1,0.0002,2026-06-25T14:01:00+00:00,2026-06-25T14:02:00+00:00,2026-06-25T14:03:00+00:00,58519.0,58510.0,58927.0,58936.0,11.702,0.26078248188843306,44.87264602768181,44.77569787344652,1.1702000000000001,1.1702000000000001,0.02607824818884331,9.999999999999998,stop_risk,58927.0,58927.0,0.0969446,0.011218161506920454,-0.0852,0.011744600000000001,-3.5542352861400007e-06,1.7771176430700003e-06,0.0036000000000000003,-0.09694815423528613,-0.002160517883778886,stop_intrabar,False,False,False
239,PF_XBTUSD,-1,0.0003,2026-06-25T19:16:00+00:00,2026-06-25T20:01:00+00:00,2026-06-25T20:02:00+00:00,59165.0,59158.0,59424.0,59431.0,17.7474,0.3963623314182848,44.77569787344652,44.67605128167691,1.77474,1.77474,0.03963623314182848,10.0,stop_risk,59424.0,59424.0,0.09968834999999998,0.01119392446836163,-0.08189999999999999,0.01778835,4.1758230391116045e-05,1.611980279745e-06,0.0042,-0.09964659176960887,-0.002225461500371223,stop_intrabar,False,False,False
240,PF_ETHUSD,1,0.013,2026-06-25T21:41:00+00:00,2026-06-25T22:20:00+00:00,2026-06-25T22:21:00+00:00,1571.1,1571.4,1565.6,1565.3,20.4282,0.4572516910951408,44.67605128167691,44.57618999057497,2.0428200000000003,2.0428200000000003,0.04572516910951409,9.999999999999998,stop_risk,1565.6,1565.6,0.09968855000000176,0.01116901282041923,-0.07930000000000177,0.02038855,-0.00017274110193631135,3.4337700355832193e-06,0.007800000000001773,-0.09986129110193809,-0.0022352309176190428,stop_intrabar,False,False,False
241,PF_XBTUSD,-1,0.0004,2026-06-26T01:11:00+00:00,2026-06-26T02:11:00+00:00,2026-06-26T02:11:00+00:00,59483.0,59476.0,59250.0,59257.0,23.7904,0.5337019607335253,44.57618999057497,44.63980873339524,2.3790400000000003,2.3790400000000003,0.05337019607335253,10.0,stop_risk,59629.0,59629.0,0.08782240000000001,0.011144047497643743,0.0876,0.0237466,-0.00023465717969127693,0.0,0.0056,0.06361874282030872,0.0014271911267822585,time_exit,False,False,False
242,PF_XBTUSD,-1,0.0002,2026-06-26T02:21:00+00:00,2026-06-26T02:30:00+00:00,2026-06-26T02:31:00+00:00,58501.0,58492.0,58901.0,58908.0,11.698400000000001,0.2620620547428192,44.63980873339524,44.54483344639859,1.1698400000000002,1.1698400000000002,0.02620620547428192,10.0,stop_risk,58901.0,58901.0,0.09534020000000001,0.01115995218334881,-0.08320000000000001,0.01174,-3.5286996652775006e-05,3.5286996652775e-06,0.0032,-0.09497528699665278,-0.0021275917099886975,stop_intrabar,False,False,False
243,PF_XBTUSD,1,0.0001,2026-06-26T03:46:00+00:00,2026-06-26T04:46:00+00:00,2026-06-26T04:46:00+00:00,59594.0,59601.0,59870.0,59863.0,5.960100000000001,0.13380002884446454,44.54483344639859,44.5651322932162,0.59601,0.59601,0.013380002884446454,10.0,stop_risk,59053.0,59053.0,0.06143235,0.011136208361599648,0.0262,0.0059732000000000006,7.204681767976546e-05,0.0,0.0014,0.020298846817679767,0.00045569475171807855,time_exit,False,False,False
244,PF_XBTUSD,1,0.0003,2026-06-26T06:46:00+00:00,2026-06-26T07:46:00+00:00,2026-06-26T07:46:00+00:00,60269.0,60279.0,60445.0,60438.0,18.083699999999997,0.4057813602126956,44.5651322932162,44.59492039484723,1.8083699999999998,1.8083699999999998,0.04057813602126956,10.0,stop_risk,60069.0,60069.0,0.08375084999999999,0.011141283073304052,0.04769999999999999,0.01810755,0.00019565163116270747,0.0,0.0050999999999999995,0.029788101631162703,0.0006684172153954788,time_exit,False,False,False
245,PF_ETHUSD,-1,0.009,2026-06-26T08:56:00+00:00,2026-06-26T09:56:00+00:00,2026-06-26T09:56:00+00:00,1560.9,1560.6,1553.5,1553.8,14.045399999999999,0.31495515353858305,44.59492039484723,44.642043646501456,1.40454,1.40454,0.031495515353858305,10.0,stop_risk,1568.8,1568.8,0.09058364999999999,0.011148730098711809,0.06119999999999959,0.0140148,-6.194834570825435e-05,0.0,0.005400000000001228,0.047123251654291334,0.001056695498883237,time_exit,False,False,False
246,PF_XBTUSD,-1,0.0003,2026-06-26T10:01:00+00:00,2026-06-26T11:01:00+00:00,2026-06-26T11:01:00+00:00,59642.0,59635.0,59197.0,59204.0,17.8905,0.40075450267613494,44.642043646501456,44.75329500207242,1.78905,1.78905,0.04007545026761349,10.0,stop_risk,59839.0,59839.0,0.08122214999999999,0.011160510911625364,0.1293,0.017825849999999997,-0.0002227944291871447,0.0,0.0042,0.11125135557081285,0.002492075776184397,time_exit,False,False,False
247,PF_XBTUSD,1,0.0006,2026-06-26T12:36:00+00:00,2026-06-26T12:36:00+00:00,2026-06-26T12:37:00+00:00,59677.0,59684.0,59585.0,59578.0,35.810399999999994,0.800173484395768,44.75329500207242,44.65391640207242,3.58104,3.58104,0.0800173484395768,9.999999999999998,stop_risk,59585.0,59585.0,0.0993786,0.011188323750518106,-0.06359999999999999,0.035778599999999994,0.0,3.185800405783552e-06,0.0084,-0.09937859999999998,-0.0022205873331873774,stop_intrabar,False,False,False
248,PF_ETHUSD,-1,0.018,2026-06-26T12:46:00+00:00,2026-06-26T12:46:00+00:00,2026-06-26T12:47:00+00:00,1535.0,1534.5,1537.8,1538.3,27.621,0.6185571664374345,44.65391640207242,44.55785478703622,2.7621,2.7621,0.061855716643743466,9.999999999999998,stop_risk,1537.8,1537.8,0.09605519999999919,0.011163479100518105,-0.06839999999999917,0.027655199999999998,-6.415036203675154e-06,6.415036203675154e-06,0.018,-0.09606161503620285,-0.0021512472539081604,stop_intrabar,False,False,False
249,PF_XBTUSD,-1,0.0004,2026-06-26T18:56:00+00:00,2026-06-26T19:06:00+00:00,2026-06-26T19:07:00+00:00,59579.0,59572.0,59730.0,59738.0,23.8288,0.5347833757681892,44.55785478703622,44.46762390635292,2.38288,2.38288,0.05347833757681893,10.0,stop_risk,59730.0,59730.0,0.08986179999999999,0.011139463696759055,-0.0664,0.023862,3.11193166829836e-05,2.268535238516799e-06,0.006,-0.09023088068331703,-0.002025027486502089,stop_intrabar,False,False,False
250,PF_ETHUSD,1,0.013,2026-06-27T02:16:00+00:00,2026-06-27T03:07:00+00:00,2026-06-27T03:08:00+00:00,1581.8,1582.1,1576.4,1576.1,20.5673,0.4625230267152104,44.46762390635292,44.36921566224216,2.05673,2.05673,0.046252302671521035,10.0,stop_risk,1576.4,1576.4,0.0985283,0.01111690597658823,-0.078,0.0205283,0.00012005588930493961,2.1143807319556693e-06,0.007800000000001773,-0.09840824411069506,-0.002213031312802748,stop_intrabar,False,False,False
251,PF_ETHUSD,-1,0.018,2026-06-27T06:11:00+00:00,2026-06-27T06:26:00+00:00,2026-06-27T06:27:00+00:00,1573.4,1573.1,1576.7,1577.0,28.315799999999996,0.638185723533006,44.36921566224216,44.27061678654819,2.8315799999999998,2.8315799999999998,0.0638185723533006,10.0,stop_risk,1576.7,1576.7,0.09855090000000163,0.011092303915560542,-0.07020000000000164,0.0283509,-4.7975693974397486e-05,2.998480873399842e-06,0.010800000000002455,-0.09859887569397603,-0.0022222361658261825,stop_intrabar,False,False,False
252,PF_XBTUSD,1,0.0005,2026-06-27T06:46:00+00:00,2026-06-27T07:06:00+00:00,2026-06-27T07:07:00+00:00,60356.0,60363.0,60234.0,60226.0,30.1815,0.6817501582487727,44.27061678654819,44.17182073099834,3.0181500000000003,3.0181500000000003,0.06817501582487727,9.999999999999998,stop_risk,60234.0,60234.0,0.09814750000000001,0.011067654196637048,-0.0685,0.03014725,-0.00014880554983710088,7.195218794160238e-06,0.0075,-0.0987960555498371,-0.002231639464753441,stop_intrabar,False,False,False
253,PF_XBTUSD,1,0.001,2026-06-27T08:01:00+00:00,2026-06-27T08:02:00+00:00,2026-06-27T08:03:00+00:00,60399.0,60406.0,60379.0,60372.0,60.406,1.3675234346319132,44.17182073099834,44.077407214691206,6.0406,6.0406,0.13675234346319134,10.0,stop_risk,60379.0,60379.0,0.09438900000000001,0.011042955182749586,-0.034,0.060389,-2.451630713569377e-05,1.2258153567846885e-05,0.014,-0.09441351630713571,-0.002137415092805522,stop_intrabar,False,False,False
254,PF_XBTUSD,-1,0.0007,2026-06-27T09:21:00+00:00,2026-06-27T09:32:00+00:00,2026-06-27T09:33:00+00:00,60276.0,60269.0,60336.0,60343.0,42.1883,0.9571411447708394,44.077407214691206,43.98346585053215,4.21883,4.21883,0.09571411447708394,10.0,stop_risk,60336.0,60336.0,0.0940142,0.011019351803672802,-0.0518,0.04221419999999999,7.283584093044875e-05,6.62144008458625e-06,0.0098,-0.09394136415906955,-0.0021312815361734447,stop_intrabar,False,False,False
255,PF_ETHUSD,1,0.029,2026-06-27T13:01:00+00:00,2026-06-27T14:01:00+00:00,2026-06-27T14:01:00+00:00,1582.7,1583.0,1588.0,1587.7,45.907000000000004,1.0437331190771675,43.98346585053215,44.07421699180915,4.590700000000001,4.590700000000001,0.10437331190771677,9.999999999999998,stop_risk,1581.5,1581.5,0.09808089999999868,0.010995866462633038,0.13630000000000134,0.045975150000000006,0.0004262912772010814,0.0,0.017399999999997362,0.09075114127720241,0.002063301277475486,time_exit,False,False,False
256,PF_ETHUSD,1,0.015,2026-06-27T15:16:00+00:00,2026-06-27T15:20:00+00:00,2026-06-27T15:21:00+00:00,1603.3,1603.6,1599.2,1598.9,24.054,0.5457612554857242,44.07421699180915,43.97968422192033,2.4054,2.4054,0.05457612554857242,9.999999999999998,stop_risk,1599.2,1599.2,0.09451874999999728,0.011018554247952289,-0.07049999999999727,0.02401875,-1.401988881390625e-05,2.80397776278125e-06,0.008999999999998636,-0.09453276988881117,-0.0021448542104872638,stop_intrabar,False,False,False
257,PF_XBTUSD,-1,0.0003,2026-06-27T19:31:00+00:00,2026-06-27T20:31:00+00:00,2026-06-27T20:31:00+00:00,60081.0,60074.0,60176.0,60183.0,18.022199999999998,0.40978466123268303,43.97968422192033,43.9288077176812,1.80222,1.80222,0.04097846612326831,10.0,stop_risk,60317.0,60317.0,0.0930597,0.010994921055480084,-0.0327,0.01803855,-0.0001379542391825832,0.0,0.0042,-0.050876504239182586,-0.001156818315985651,time_exit,False,False,False
258,PF_XBTUSD,1,0.0008,2026-06-27T21:21:00+00:00,2026-06-27T21:39:00+00:00,2026-06-27T21:40:00+00:00,60290.0,60297.0,60244.0,60237.0,48.2376,1.0980858007804415,43.9288077176812,43.83273775049526,4.82376,4.82376,0.10980858007804414,10.0,stop_risk,60244.0,60244.0,0.0962136,0.010982201929420302,-0.048,0.0482136,0.00014363281410270003,7.979600783483334e-06,0.0112,-0.09606996718589729,-0.0021869468391519636,stop_intrabar,False,False,False
259,PF_ETHUSD,-1,0.013,2026-06-27T22:01:00+00:00,2026-06-27T22:37:00+00:00,2026-06-27T22:38:00+00:00,1571.3,1571.0,1576.7,1577.0,20.423,0.4659302851729639,43.83273775049526,43.7343634808034,2.0423,2.0423,0.046593028517296395,10.0,stop_risk,1576.7,1576.7,0.098462,0.010958184437623817,-0.078,0.020462,8.773030815705006e-05,2.4369530043625e-06,0.007799999999998817,-0.09837426969184294,-0.0022443104113598613,stop_intrabar,False,False,False
260,PF_XBTUSD,1,0.0004,2026-06-28T01:36:00+00:00,2026-06-28T02:22:00+00:00,2026-06-28T02:23:00+00:00,60164.0,60172.0,60040.0,60032.0,24.0688,0.550340695150729,43.7343634808034,43.65480082083451,2.40688,2.40688,0.0550340695150729,10.0,stop_risk,60040.0,60040.0,0.08004080000000001,0.01093359087020085,-0.056,0.0240408,0.00047814003111433355,9.427631352083203e-06,0.0064,-0.07956265996888566,-0.0018192252873145986,stop_intrabar,False,False,False
261,PF_XBTUSD,-1,0.0005,2026-06-28T05:31:00+00:00,2026-06-28T05:35:00+00:00,2026-06-28T05:36:00+00:00,59753.0,59746.0,59863.0,59870.0,29.873,0.6843004535194886,43.65480082083451,43.5628759832649,2.9873000000000003,2.9873000000000003,0.06843004535194887,10.0,stop_risk,59863.0,59863.0,0.091904,0.010913700205208628,-0.062,0.029904,-2.0837569592953126e-05,4.167513918590625e-06,0.007,-0.09192483756959297,-0.002105721154171921,stop_intrabar,False,False,False
262,PF_XBTUSD,1,0.0006,2026-06-28T07:46:00+00:00,2026-06-28T08:09:00+00:00,2026-06-28T08:10:00+00:00,60143.0,60150.0,60069.0,60062.0,36.089999999999996,0.8284576990248375,43.5628759832649,43.474075057101984,3.609,3.609,0.08284576990248375,9.999999999999998,stop_risk,60069.0,60069.0,0.08886359999999999,0.010890718995816227,-0.05279999999999999,0.0360636,6.267383709984833e-05,1.194495093537716e-06,0.0084,-0.08880092616290014,-0.002038454169027175,stop_intrabar,False,False,False
263,PF_XBTUSD,-1,0.0006,2026-06-28T10:31:00+00:00,2026-06-28T11:02:00+00:00,2026-06-28T11:03:00+00:00,60051.0,60044.0,60128.0,60135.0,36.026399999999995,0.8286869807507192,43.474075057101984,43.383469815765466,3.6026399999999996,3.6026399999999996,0.08286869807507193,10.0,stop_risk,60128.0,60128.0,0.09065369999999999,0.010868518764275498,-0.054599999999999996,0.036053699999999994,4.845866340424022e-05,2.853309702541883e-06,0.0084,-0.09060524133659575,-0.00208412119677275,stop_intrabar,False,False,False
264,PF_XBTUSD,-1,0.0004,2026-06-28T13:11:00+00:00,2026-06-28T13:23:00+00:00,2026-06-28T13:24:00+00:00,59948.0,59941.0,60085.0,60092.0,23.9764,0.5526621107490813,43.383469815765466,43.299098632513704,2.3976400000000004,2.3976400000000004,0.05526621107490814,9.999999999999998,stop_risk,60085.0,60085.0,0.08440660000000001,0.010845867453941367,-0.0604,0.024006600000000003,3.54167482305684e-05,2.9513956858806997e-06,0.0056,-0.08437118325176943,-0.0019447772068500872,stop_intrabar,False,False,False
265,PF_XBTUSD,-1,0.0004,2026-06-28T16:36:00+00:00,2026-06-28T17:07:00+00:00,2026-06-28T17:08:00+00:00,59575.0,59568.0,59724.0,59731.0,23.8272,0.5502932105405984,43.299098632513704,43.2098866459703,2.3827200000000004,2.3827200000000004,0.055029321054059846,9.999999999999998,stop_risk,59724.0,59724.0,0.0890598,0.010824774658128427,-0.06520000000000001,0.0238598,-0.0001521865434093731,4.709832278704577e-06,0.0056,-0.08921198654340938,-0.002060365905086515,stop_intrabar,False,False,False
266,PF_XBTUSD,1,0.0004,2026-06-28T20:26:00+00:00,2026-06-28T21:26:00+00:00,2026-06-28T21:26:00+00:00,59609.0,59616.0,59592.0,59585.0,23.846400000000003,0.5518736995396374,43.2098866459703,43.17365761601639,2.3846400000000005,2.3846400000000005,0.05518736995396374,9.999999999999998,stop_risk,59469.0,59469.0,0.0854156,0.010802471661492577,-0.012400000000000001,0.023840200000000002,1.1170046173325403e-05,0.0,0.0056,-0.03622902995382667,-0.0008384430686120615,time_exit,False,False,False
267,PF_XBTUSD,1,0.0003,2026-06-29T02:51:00+00:00,2026-06-29T03:51:00+00:00,2026-06-29T03:51:00+00:00,59682.0,59689.0,59907.0,59900.0,17.906699999999997,0.414759855633752,43.17365761601639,43.21881369685321,1.7906699999999998,1.7906699999999998,0.0414759855633752,10.0,stop_risk,59439.0,59439.0,0.09496814999999999,0.010793414404004099,0.0633,0.01793835,-0.00020556916322109683,0.0,0.0042,0.0451560808367789,0.0010459174258153905,time_exit,False,False,False
268,PF_XBTUSD,-1,0.0004,2026-06-29T05:11:00+00:00,2026-06-29T05:26:00+00:00,2026-06-29T05:27:00+00:00,59473.0,59466.0,59623.0,59630.0,23.7864,0.5503714231224237,43.21881369685321,43.129493517501636,2.3786400000000003,2.3786400000000003,0.05503714231224238,9.999999999999998,stop_risk,59623.0,59623.0,0.0894192,0.010804703424213302,-0.0656,0.0238192,9.902064841217501e-05,6.601376560811667e-06,0.0056,-0.08932017935158784,-0.00206669669320635,stop_intrabar,False,False,False
269,PF_XBTUSD,1,0.0004,2026-06-29T06:06:00+00:00,2026-06-29T07:02:00+00:00,2026-06-29T07:03:00+00:00,60002.0,60009.0,59849.0,59842.0,24.003600000000002,0.5565472265576111,43.129493517501636,43.03845332410461,2.4003600000000005,2.4003600000000005,0.055654722655761116,9.999999999999998,stop_risk,59849.0,59849.0,0.09077020000000001,0.010782373379375411,-0.0668,0.023970200000000004,-0.0002699933970041932,6.305604839397644e-06,0.0056,-0.0910401933970042,-0.002110857002298456,stop_intrabar,False,False,False
270,PF_XBTUSD,1,0.0004,2026-06-29T10:11:00+00:00,2026-06-29T10:31:00+00:00,2026-06-29T10:32:00+00:00,60168.0,60175.0,60036.0,60029.0,24.07,0.5592673096019247,43.03845332410461,42.95603699359387,2.407,2.407,0.055926730960192475,10.0,stop_risk,60036.0,60036.0,0.08244080000000001,0.010759613331026152,-0.0584,0.0240408,2.4469489198191767e-05,1.2234744599095889e-06,0.0056,-0.0824163305108018,-0.0019149463827187016,stop_intrabar,False,False,False
271,PF_ETHUSD,-1,0.015,2026-06-29T11:21:00+00:00,2026-06-29T11:31:00+00:00,2026-06-29T11:32:00+00:00,1569.0,1568.7,1573.1,1573.4,23.5305,0.5477809790393178,42.95603699359387,42.861980488816265,2.35305,2.35305,0.054778097903931774,10.0,stop_risk,1573.1,1573.1,0.09406575000000068,0.01073900924839847,-0.07050000000000067,0.02356575,9.245222390625e-06,9.245222390625e-07,0.009000000000002046,-0.09405650477761006,-0.0021895992126004763,stop_intrabar,False,False,False
272,PF_XBTUSD,1,0.0002,2026-06-29T12:11:00+00:00,2026-06-29T12:38:00+00:00,2026-06-29T12:39:00+00:00,60427.0,60440.0,60045.0,60036.0,12.088000000000001,0.28202149929012393,42.861980488816265,42.76913850738344,1.2088,1.2088,0.02820214992901239,10.0,stop_risk,60045.0,60045.0,0.0934473,0.010715495122204067,-0.08080000000000001,0.012047600000000002,5.618567179423205e-06,2.0809508071937792e-07,0.0044,-0.09284198143282058,-0.0021660683984736848,stop_intrabar,False,False,False
273,PF_XBTUSD,-1,0.0002,2026-06-29T13:51:00+00:00,2026-06-29T14:51:00+00:00,2026-06-29T14:51:00+00:00,59407.0,59400.0,59301.0,59308.0,11.88,0.27777038337934024,42.76913850738344,42.77593061752275,1.1880000000000002,1.1880000000000002,0.027777038337934025,10.0,stop_risk,59656.0,59656.0,0.0645063,0.010692284626845861,0.0184,0.0118708,0.0002629101392691952,0.0,0.0028,0.006792110139269193,0.00015880867317672622,time_exit,False,False,False
274,PF_XBTUSD,1,0.0002,2026-06-29T15:46:00+00:00,2026-06-29T16:46:00+00:00,2026-06-29T16:46:00+00:00,59714.0,59721.0,59761.0,59754.0,11.9442,0.27922712206539757,42.77593061752275,42.77039870396668,1.19442,1.19442,0.027922712206539756,10.0,stop_risk,59415.0,59415.0,0.0745129,0.010693982654380686,0.0066,0.0119475,-0.00018441355606701345,0.0,0.0028,-0.005531913556067014,-0.00012932304396905204,time_exit,False,False,False
275,PF_XBTUSD,1,0.0002,2026-06-29T17:11:00+00:00,2026-06-29T18:11:00+00:00,2026-06-29T18:11:00+00:00,60188.0,60195.0,60394.0,60387.0,12.039,0.28147972347247396,42.77039870396668,42.79667571257017,1.2039,1.2039,0.028147972347247398,10.0,stop_risk,59890.0,59890.0,0.0744078,0.01069259967599167,0.038400000000000004,0.0120582,-6.479139652578302e-05,0.0,0.0028,0.026277008603474223,0.0006143737117193907,time_exit,False,False,False
276,PF_XBTUSD,1,0.0006,2026-06-29T21:56:00+00:00,2026-06-29T22:00:00+00:00,2026-06-29T22:01:00+00:00,60454.0,60461.0,60382.0,60375.0,36.276599999999995,0.8476499493474651,42.79667571257017,42.70875567832453,3.6276599999999997,3.6276599999999997,0.08476499493474651,10.0,stop_risk,60382.0,60382.0,0.08785079999999999,0.010699168928142544,-0.05159999999999999,0.03625079999999999,-6.923424563479233e-05,1.0680253669839797e-05,0.0084,-0.08792003424563477,-0.002054365970761861,stop_intrabar,False,False,False
277,PF_ETHUSD,-1,0.015,2026-06-29T23:21:00+00:00,2026-06-30T00:21:00+00:00,2026-06-30T00:21:00+00:00,1608.6,1608.3,1607.1,1607.4,24.124499999999998,0.56486075552521,42.70875567832453,42.69822456555163,2.4124499999999998,2.4124499999999998,0.056486075552521005,10.0,stop_risk,1612.5,1612.5,0.09165825,0.010677188919581132,0.013499999999997953,0.02411775,8.663722695671636e-05,0.0,0.009000000000002046,-0.01053111277304533,-0.00024657971429474496,time_exit,False,False,False
278,PF_XBTUSD,-1,0.0003,2026-06-30T00:31:00+00:00,2026-06-30T01:26:00+00:00,2026-06-30T01:27:00+00:00,59769.0,59762.0,59961.0,59968.0,17.9286,0.41989099505707694,42.69822456555163,42.618634552248146,1.7928600000000001,1.7928600000000001,0.0419890995057077,9.999999999999998,stop_risk,59961.0,59961.0,0.0797595,0.010674556141387908,-0.061799999999999994,0.017959499999999996,0.0001694866965749956,2.0765307227099997e-06,0.0042,-0.07959001330342498,-0.0018640122420368077,stop_intrabar,False,False,False
279,PF_XBTUSD,-1,0.0005,2026-06-30T03:51:00+00:00,2026-06-30T04:51:00+00:00,2026-06-30T04:51:00+00:00,59590.0,59583.0,59454.0,59461.0,29.7915,0.6990252107555729,42.618634552248146,42.65027909410341,2.97915,2.97915,0.06990252107555729,9.999999999999998,stop_risk,59700.0,59700.0,0.0918225,0.010654658638062038,0.061,0.029761,0.0004055418551085984,0.0,0.007,0.0316445418551086,0.0007425048265287359,time_exit,False,False,False
280,PF_XBTUSD,-1,0.0004,2026-06-30T08:21:00+00:00,2026-06-30T09:21:00+00:00,2026-06-30T09:21:00+00:00,59325.0,59318.0,59192.0,59199.0,23.7272,0.5563199234323508,42.65027909410341,42.67450418806195,2.37272,2.37272,0.05563199234323508,10.0,stop_risk,59451.0,59451.0,0.07975520000000001,0.010662569773525853,0.0476,0.0237034,0.00032849395861776027,0.0,0.0056,0.02422509395861776,0.0005679937968323163,time_exit,False,False,False
281,PF_ETHUSD,-1,0.017,2026-06-30T11:26:00+00:00,2026-06-30T11:51:00+00:00,2026-06-30T11:52:00+00:00,1577.3,1577.0,1580.7,1581.0,26.809,0.6282205384708307,42.67450418806195,42.579704872175526,2.6809000000000003,2.6809000000000003,0.06282205384708307,10.0,stop_risk,1580.7,1580.7,0.094843,0.01066862604701549,-0.068,0.026843000000000002,4.3684113572912966e-05,1.7473645429165177e-06,0.010199999999998455,-0.0947993158864271,-0.0022214509035337984,stop_intrabar,False,False,False
282,PF_XBTUSD,-1,0.0005,2026-06-30T12:11:00+00:00,2026-06-30T12:56:00+00:00,2026-06-30T12:57:00+00:00,58993.0,58986.0,58495.0,58502.0,29.493000000000002,0.6926539319269152,42.579704872175526,42.79269191688821,2.9493000000000005,2.9493000000000005,0.06926539319269151,9.999999999999998,stop_risk,59100.0,59100.0,0.09002325000000001,0.010644926218043882,0.242,0.029372000000000002,0.00035904471260958575,7.978771391324122e-06,0.007,0.21298704471260957,0.005002078932956386,target_intrabar,False,False,True
283,PF_XBTUSD,-1,0.0004,2026-06-30T13:01:00+00:00,2026-06-30T13:08:00+00:00,2026-06-30T13:09:00+00:00,58361.0,58354.0,58510.0,58517.0,23.3416,0.5454576226551477,42.79269191688821,42.70412060548036,2.3341600000000002,2.3341600000000002,0.05454576226551478,9.999999999999998,stop_risk,58510.0,58510.0,0.0885742,0.010698172979222053,-0.06520000000000001,0.0233742,2.8885921592879825e-06,4.1265602275542603e-07,0.0056,-0.08857131140784072,-0.0020697765772684632,stop_intrabar,False,False,False
284,PF_XBTUSD,1,0.0004,2026-06-30T20:16:00+00:00,2026-06-30T20:21:00+00:00,2026-06-30T20:22:00+00:00,58774.0,58781.0,58640.0,58633.0,23.5124,0.5505885536718574,42.70412060548036,42.62140710897339,2.35124,2.35124,0.05505885536718576,9.999999999999998,stop_risk,58640.0,58640.0,0.0826828,0.010676030151370091,-0.0592,0.0234828,-3.0696506953932554e-05,5.116084492322092e-06,0.0056,-0.08271349650695393,-0.0019368973142216874,stop_intrabar,False,False,False
285,PF_ETHUSD,-1,0.017,2026-06-30T21:21:00+00:00,2026-06-30T22:21:00+00:00,2026-06-30T22:21:00+00:00,1570.6,1570.3,1571.2,1571.5,26.6951,0.6263307997257483,42.62140710897339,42.57470673960723,2.6695100000000003,2.6695100000000003,0.06263307997257483,9.999999999999998,stop_risk,1573.8,1573.8,0.09132739999999923,0.01065535177724335,-0.020400000000000775,0.0267053,0.0004049306337982241,0.0,0.010199999999998455,-0.04670036936620255,-0.0010957021960068133,time_exit,False,False,False
286,PF_XBTUSD,-1,0.0008,2026-07-01T00:31:00+00:00,2026-07-01T00:31:00+00:00,2026-07-01T00:32:00+00:00,58394.0,58387.0,58431.0,58438.0,46.7096,1.0971208864850754,42.57470673960723,42.48717673960723,4.67096,4.67096,0.10971208864850754,10.0,stop_risk,58431.0,58431.0,0.08753,0.010643676684901808,-0.0408,0.04673,0.0,1.15197363138e-06,0.0112,-0.08753000000000001,-0.0020559155118870355,stop_intrabar,False,False,False
287,PF_XBTUSD,-1,0.0003,2026-07-01T01:16:00+00:00,2026-07-01T01:30:00+00:00,2026-07-01T01:31:00+00:00,58167.0,58158.0,58342.0,58351.0,17.4474,0.41065096198155365,42.48717673960723,42.411783666356285,1.74474,1.74474,0.04106509619815537,10.0,stop_risk,58342.0,58342.0,0.07537635,0.010621794184901808,-0.05789999999999999,0.017476349999999998,-1.672325095462354e-05,1.1148833969749025e-06,0.005399999999999999,-0.07539307325095462,-0.0017744900705692686,stop_intrabar,False,False,False
288,PF_XBTUSD,1,0.0002,2026-07-01T01:46:00+00:00,2026-07-01T02:46:00+00:00,2026-07-01T02:46:00+00:00,58813.0,58820.0,59087.0,59080.0,11.764000000000001,0.27737574284884303,42.411783666356285,42.452031700696764,1.1764000000000001,1.1764000000000001,0.0277375742848843,10.0,stop_risk,58462.0,58462.0,0.0847275,0.010602945916589071,0.052000000000000005,0.011790000000000002,3.8034340456780134e-05,0.0,0.0028,0.04024803434045679,0.000948982354929441,time_exit,False,False,False
289,PF_XBTUSD,1,0.0003,2026-07-01T04:51:00+00:00,2026-07-01T05:21:00+00:00,2026-07-01T05:22:00+00:00,59310.0,59317.0,59132.0,59125.0,17.795099999999998,0.41918135097661124,42.452031700696764,42.37671954531042,1.77951,1.77951,0.04191813509766113,10.0,stop_risk,59132.0,59132.0,0.0753663,0.010613007925174191,-0.0576,0.0177663,5.414461364889368e-05,1.6643609365759319e-06,0.0042,-0.07531215538635111,-0.0017740530280701504,stop_intrabar,False,False,False
290,PF_XBTUSD,-1,0.0005,2026-07-01T06:11:00+00:00,2026-07-01T07:11:00+00:00,2026-07-01T07:11:00+00:00,58874.0,58867.0,58565.0,58574.0,29.433500000000002,0.6945676851774439,42.37671954531042,42.49358998636758,2.9433500000000006,2.9433500000000006,0.06945676851774439,9.999999999999998,stop_risk,58990.0,58990.0,0.09446600000000001,0.010594179886327606,0.1465,0.02936025,-0.00026930894281770607,0.0,0.008,0.11687044105718228,0.0027578925955375334,time_exit,False,False,False
291,PF_ETHUSD,-1,0.02,2026-07-01T12:01:00+00:00,2026-07-01T13:01:00+00:00,2026-07-01T13:01:00+00:00,1568.7,1568.4,1569.8,1570.1,31.368000000000002,0.7381819236751521,42.49358998636758,42.428179842956226,3.1368000000000005,3.1368000000000005,0.07381819236751522,10.0,stop_risk,1571.2,1571.2,0.09339899999999819,0.010623397496591896,-0.03399999999999636,0.031384999999999996,-2.5143411331999985e-05,0.0,0.01199999999999818,-0.06541014341132836,-0.0015392943602155682,time_exit,False,False,False
292,PF_ETHUSD,1,0.028,2026-07-01T13:31:00+00:00,2026-07-01T13:31:00+00:00,2026-07-01T13:32:00+00:00,1572.9,1573.2,1571.7,1571.4,44.049600000000005,1.0382156425999256,42.428179842956226,42.333755189063055,4.404960000000001,4.404960000000001,0.10382156425999256,10.0,stop_risk,1571.7,1571.7,0.09442439999999874,0.010607044960739057,-0.05039999999999873,0.044024400000000005,-2.5389317333333333e-07,2.5389317333333333e-07,0.016799999999997452,-0.09442465389317208,-0.0022255174330521772,stop_intrabar,False,False,False
293,PF_XBTUSD,1,0.0002,2026-07-01T13:51:00+00:00,2026-07-01T14:51:00+00:00,2026-07-01T14:51:00+00:00,59272.0,59279.0,59561.0,59553.0,11.8558,0.2800554769368287,42.333755189063055,42.37666287655514,1.18558,1.18558,0.02800554769368287,10.0,stop_risk,58933.0,58933.0,0.08242050000000001,0.010583438797265764,0.0548,0.0118832,-9.112508045423128e-06,0.0,0.003,0.04290768749195458,0.001013557320873812,time_exit,False,False,False
294,PF_XBTUSD,-1,0.0004,2026-07-01T20:06:00+00:00,2026-07-01T20:40:00+00:00,2026-07-01T20:41:00+00:00,59849.0,59842.0,60007.0,60014.0,23.9368,0.5648580698704102,42.37666287655514,42.283889430648316,2.3936800000000003,2.3936800000000003,0.056485806987041025,10.0,stop_risk,60007.0,60007.0,0.0927712,0.010594165719138786,-0.0688,0.0239712,-2.245906834500001e-06,6.41687667e-08,0.0056,-0.09277344590683449,-0.002189257945513245,stop_intrabar,False,False,False
295,PF_XBTUSD,1,0.0005,2026-07-01T21:21:00+00:00,2026-07-01T22:21:00+00:00,2026-07-01T22:21:00+00:00,60400.0,60407.0,60776.0,60769.0,30.203500000000002,0.7143027854506645,42.283889430648316,42.43452067984876,3.0203500000000005,3.0203500000000005,0.07143027854506645,9.999999999999998,stop_risk,60295.0,60295.0,0.08967375,0.010570972357662078,0.181,0.030294,-7.475079949712694e-05,0.0,0.007,0.1506312492005029,0.003562379223594364,time_exit,False,False,False
296,PF_XBTUSD,-1,0.0002,2026-07-01T23:31:00+00:00,2026-07-02T00:31:00+00:00,2026-07-02T00:31:00+00:00,60176.0,60169.0,59644.0,59651.0,12.033800000000001,0.28358515206970614,42.43452067984876,42.52623594676074,1.2033800000000001,1.2033800000000001,0.028358515206970615,10.0,stop_risk,60445.0,60445.0,0.0686621,0.010608630169962191,0.10360000000000001,0.011982000000000001,9.726691188139387e-05,0.0,0.0028,0.0917152669118814,0.0021613362291478646,time_exit,False,False,False
297,PF_XBTUSD,-1,0.0004,2026-07-02T00:41:00+00:00,2026-07-02T00:50:00+00:00,2026-07-02T00:51:00+00:00,59584.0,59577.0,59741.0,59748.0,23.8308,0.5603787748775638,42.52623594676074,42.43396898770255,2.38308,2.38308,0.056037877487756384,10.0,stop_risk,59741.0,59741.0,0.092265,0.010631558986690187,-0.0684,0.023865,-1.959058188098667e-06,1.9590581880986674e-07,0.0056,-0.09226695905818812,-0.0021696479127308274,stop_intrabar,False,False,False
298,PF_XBTUSD,1,0.0003,2026-07-02T01:41:00+00:00,2026-07-02T02:10:00+00:00,2026-07-02T02:11:00+00:00,60212.0,60219.0,59979.0,59972.0,18.0657,0.4257367489059408,42.43396898770255,42.34192579887826,1.80657,1.80657,0.04257367489059408,10.0,stop_risk,59979.0,59979.0,0.09212864999999999,0.010608492246925639,-0.0741,0.01802865,8.546117564357563e-05,1.2147388731506248e-06,0.0042,-0.09204318882435641,-0.002169092145281784,stop_intrabar,False,False,False
299,PF_XBTUSD,1,0.0003,2026-07-02T02:46:00+00:00,2026-07-02T03:46:00+00:00,2026-07-02T03:46:00+00:00,60369.0,60376.0,60700.0,60693.0,18.1128,0.4277745912180464,42.34192579887826,42.41893703632447,1.81128,1.81128,0.04277745912180464,10.0,stop_risk,60177.0,60177.0,0.0798819,0.010585481449719566,0.09509999999999999,0.01816035,7.158744606611371e-05,0.0,0.0042,0.0770112374460661,0.001818793925714789,time_exit,False,False,False
300,PF_ETHUSD,1,0.016,2026-07-02T04:01:00+00:00,2026-07-02T04:23:00+00:00,2026-07-02T04:24:00+00:00,1634.8,1635.2,1631.3,1631.0,26.1632,0.6167811319174676,42.41893703632447,42.32553504294992,2.61632,2.61632,0.06167811319174677,10.0,stop_risk,1631.3,1631.3,0.09492879999999927,0.010604734259081119,-0.06720000000000073,0.026129600000000003,-7.23933746220189e-05,3.147538027044299e-06,0.011200000000000728,-0.09340199337462275,-0.0022018937743451734,stop_intrabar,False,False,False
301,PF_ETHUSD,-1,0.017,2026-07-02T05:46:00+00:00,2026-07-02T06:46:00+00:00,2026-07-02T06:46:00+00:00,1625.9,1625.6,1622.8,1623.1,27.6352,0.6529202754780802,42.32553504294992,42.34054378036037,2.76352,2.76352,0.06529202754780802,10.0,stop_risk,1629.0,1629.0,0.09056665000000078,0.010581383760737481,0.0425,0.02761395,0.0001226874104685667,0.0,0.01020000000000232,0.01500873741046857,0.0003546024260588419,time_exit,False,False,False
302,PF_ETHUSD,-1,0.014,2026-07-02T06:56:00+00:00,2026-07-02T07:56:00+00:00,2026-07-02T07:56:00+00:00,1617.4,1617.1,1613.4,1613.7,22.6394,0.5346979036792926,42.34054378036037,42.36571587624166,2.26394,2.26394,0.05346979036792925,10.0,stop_risk,1621.6,1621.6,0.08987300000000255,0.010585135945090094,0.04759999999999809,0.0226156,0.000187695881093862,0.0,0.00840000000000191,0.025172095881091948,0.0005945151770291625,time_exit,False,False,False
303,PF_XBTUSD,1,0.0005,2026-07-02T08:41:00+00:00,2026-07-02T09:41:00+00:00,2026-07-02T09:41:00+00:00,60389.0,60396.0,60882.0,60875.0,30.198,0.7127933371458687,42.36571587624166,42.57433582931614,3.0198,3.0198,0.07127933371458686,10.0,stop_risk,60280.0,60280.0,0.09166724999999999,0.010591428969060415,0.23950000000000002,0.03031775,-0.000562296925627233,0.0,0.007,0.20861995307437278,0.004924263611732455,time_exit,False,False,False
304,PF_XBTUSD,1,0.0009,2026-07-02T09:46:00+00:00,2026-07-02T09:46:00+00:00,2026-07-02T09:47:00+00:00,60838.0,60845.0,60815.0,60808.0,54.7605,1.2862326313096029,42.57433582931614,42.4862755279039,5.476050000000001,5.476050000000001,0.12862326313096029,9.999999999999998,stop_risk,60815.0,60815.0,0.08804385,0.010643583957329035,-0.033299999999999996,0.05474385,-1.6451412242914696e-05,1.6451412242914696e-05,0.0126,-0.08806030141224291,-0.0020683893171060514,stop_intrabar,False,False,False
305,PF_XBTUSD,1,0.0002,2026-07-02T13:16:00+00:00,2026-07-02T14:16:00+00:00,2026-07-02T14:16:00+00:00,61652.0,61659.0,62037.0,62030.0,12.331800000000001,0.29025373127613385,42.4862755279039,42.548132382490756,1.2331800000000002,1.2331800000000002,0.02902537312761339,10.0,stop_risk,61385.0,61385.0,0.0685037,0.010621568881975976,0.0742,0.012368900000000002,2.5754587019853348e-05,0.0,0.0028,0.06185685458701985,0.0014559255622770193,time_exit,False,False,False
306,PF_XBTUSD,-1,0.0005,2026-07-02T19:26:00+00:00,2026-07-02T19:50:00+00:00,2026-07-02T19:51:00+00:00,61496.0,61489.0,61597.0,61604.0,30.744500000000002,0.7225816570189074,42.548132382490756,42.45985758088942,3.0744500000000006,3.0744500000000006,0.07225816570189075,9.999999999999998,stop_risk,61597.0,61597.0,0.08827325000000001,0.01063703309562269,-0.0575,0.030773250000000002,-1.5516012625825215e-06,6.206405050330084e-08,0.007,-0.08827480160126258,-0.002074704497196429,stop_intrabar,False,False,False
307,PF_XBTUSD,-1,0.0004,2026-07-02T20:06:00+00:00,2026-07-02T21:01:00+00:00,2026-07-02T21:02:00+00:00,61387.0,61379.0,61546.0,61553.0,24.5516,0.5782308608366677,42.45985758088942,42.365727756985024,2.4551600000000002,2.4551600000000002,0.05782308608366678,10.0,stop_risk,61546.0,61546.0,0.0945866,0.010614964395222356,-0.06960000000000001,0.0245864,5.657609568946695e-05,4.439407163229587e-06,0.006,-0.09412982390431054,-0.0022169133215999537,stop_intrabar,False,False,False
308,PF_XBTUSD,-1,0.0005,2026-07-03T00:36:00+00:00,2026-07-03T00:47:00+00:00,2026-07-03T00:48:00+00:00,61214.0,61207.0,61324.0,61332.0,30.6035,0.7223645531488425,42.365727756985024,42.2727046787583,3.06035,3.06035,0.07223645531488425,10.0,stop_risk,61324.0,61324.0,0.09263450000000001,0.010591431939246256,-0.0625,0.030634750000000002,0.0001116717732548,1.0151979386799999e-05,0.0075,-0.0930230782267452,-0.002195715337650681,stop_intrabar,False,False,False
309,PF_ETHUSD,1,0.022,2026-07-03T01:16:00+00:00,2026-07-03T01:16:00+00:00,2026-07-03T01:17:00+00:00,1707.9,1708.2,1706.0,1705.7,37.5804,0.8889991848305805,42.2727046787583,42.1801517787583,3.75804,3.75804,0.08889991848305806,10.0,stop_risk,1706.0,1706.0,0.0925529,0.010568176169689577,-0.05499999999999999,0.0375529,0.0,3.5133286475812617e-07,0.013199999999997998,-0.0925529,-0.002189424611066041,stop_intrabar,False,False,False
310,PF_ETHUSD,1,0.01,2026-07-03T05:36:00+00:00,2026-07-03T06:36:00+00:00,2026-07-03T06:36:00+00:00,1716.4,1716.7,1716.4,1716.1,17.167,0.40699237143677636,42.1801517787583,42.156919281725614,1.7167000000000003,1.7167000000000003,0.04069923714367764,9.999999999999998,stop_risk,1709.6,1709.6,0.09113000000000092,0.010545037944689577,-0.0060000000000013645,0.017164,-6.849703272433216e-05,0.0,0.0060000000000013645,-0.023232497032725695,-0.000550792162972383,time_exit,False,False,False
311,PF_XBTUSD,-1,0.0003,2026-07-03T09:01:00+00:00,2026-07-03T09:15:00+00:00,2026-07-03T09:16:00+00:00,61481.0,61474.0,61682.0,61689.0,18.4422,0.43746555284921906,42.156919281725614,42.0740833995963,1.84422,1.84422,0.04374655528492191,10.0,stop_risk,61682.0,61682.0,0.08297444999999999,0.010539229820431404,-0.06449999999999999,0.018474449999999996,0.0001385678706832102,9.89770504880073e-06,0.0042,-0.08283588212931677,-0.001964941545556078,stop_intrabar,False,False,False
312,PF_XBTUSD,1,0.001,2026-07-03T10:46:00+00:00,2026-07-03T11:00:00+00:00,2026-07-03T11:01:00+00:00,61856.0,61863.0,61838.0,61831.0,61.863,1.470335061431037,42.0740833995963,41.97982449011623,6.1863,6.1863,0.1470335061431037,10.0,stop_risk,61838.0,61838.0,0.09384700000000001,0.010518520849899075,-0.032,0.061847,-0.0004119094800987745,2.36896231170625e-05,0.014,-0.09425890948009877,-0.002240308091441469,stop_intrabar,False,False,False
313,PF_XBTUSD,1,0.0005,2026-07-03T17:11:00+00:00,2026-07-03T17:24:00+00:00,2026-07-03T17:25:00+00:00,62201.0,62208.0,62092.0,62085.0,31.104,0.7409273473099716,41.97982449011623,41.887183727760856,3.1104000000000003,3.1104000000000003,0.07409273473099717,9.999999999999998,stop_risk,62092.0,62092.0,0.09257325000000001,0.010494956122529058,-0.0615,0.03107325,-6.751235542146908e-05,4.822311101533506e-06,0.007,-0.09264076235542147,-0.0022067925123706246,stop_intrabar,False,False,False
314,PF_ETHUSD,1,0.018,2026-07-03T19:26:00+00:00,2026-07-03T20:26:00+00:00,2026-07-03T20:26:00+00:00,1742.6,1743.0,1749.8,1749.4,31.374,0.7490119222125403,41.887183727760856,41.97039855970511,3.1374,3.1374,0.07490119222125403,10.0,stop_risk,1740.1,1740.1,0.09074429999999917,0.010471795931940215,0.11520000000000163,0.031431600000000004,-0.0005535680558118894,0.0,0.01439999999999918,0.08321483194418974,0.0019866418445563545,time_exit,False,False,False
315,PF_ETHUSD,1,0.007,2026-07-03T20:36:00+00:00,2026-07-03T21:36:00+00:00,2026-07-03T21:36:00+00:00,1758.9,1759.3,1759.0,1758.6,12.3151,0.29342347041287015,41.97039855970511,41.95295146679207,1.23151,1.23151,0.029342347041287017,9.999999999999998,stop_risk,1748.6,1748.6,0.08997624999999937,0.010492599639926279,-0.004900000000000318,0.01231265,-0.0002344429129985258,0.0,0.005599999999999682,-0.017447092912998844,-0.00041569995786862573,time_exit,False,False,False
316,PF_ETHUSD,-1,0.012,2026-07-04T01:11:00+00:00,2026-07-04T02:11:00+00:00,2026-07-04T02:11:00+00:00,1747.1,1746.7,1747.4,1747.8,20.9604,0.4996168151981211,41.95295146679207,41.91893889889008,2.09604,2.09604,0.04996168151981211,10.0,stop_risk,1752.4,1752.4,0.09419699999999892,0.010488237866698018,-0.013199999999998909,0.020967,0.00015443209813884547,0.0,0.009599999999996726,-0.03401256790186006,-0.0008107312289764109,time_exit,False,False,False
317,PF_XBTUSD,1,0.0005,2026-07-04T03:41:00+00:00,2026-07-04T04:02:00+00:00,2026-07-04T04:03:00+00:00,62649.0,62656.0,62563.0,62556.0,31.328,0.7473471615196227,41.91893889889008,41.837528739487816,3.1328,3.1328,0.07473471615196227,10.0,stop_risk,62563.0,62563.0,0.081303,0.010479734724722523,-0.05,0.031303,-0.00010715940230726179,5.4823957268439245e-06,0.007,-0.08141015940230727,-0.0019420854043722662,stop_intrabar,False,False,False
318,PF_ETHUSD,1,0.018,2026-07-04T05:01:00+00:00,2026-07-04T05:07:00+00:00,2026-07-04T05:08:00+00:00,1758.1,1758.5,1755.5,1755.1,31.653,0.7565695430314631,41.837528739487816,41.7446972911525,3.1653000000000002,3.1653000000000002,0.07565695430314631,9.999999999999998,stop_risk,1755.5,1755.5,0.09282240000000164,0.010459382184871954,-0.061200000000001635,0.031622399999999995,-9.048335328638733e-06,1.292619332662676e-06,0.014400000000003273,-0.09283144833533027,-0.0022188559203238146,stop_intrabar,False,False,False
319,PF_XBTUSD,-1,0.0007,2026-07-04T05:26:00+00:00,2026-07-04T05:42:00+00:00,2026-07-04T05:43:00+00:00,62451.0,62444.0,62502.0,62509.0,43.7108,1.0470982624483949,41.7446972911525,41.65558351954517,4.37108,4.37108,0.1047098262448395,10.0,stop_risk,62502.0,62502.0,0.08923355,0.010436174322788126,-0.0455,0.04373355,0.00011977839265901838,7.486149541188646e-06,0.0098,-0.08911377160734098,-0.00213473272990359,stop_intrabar,False,False,False
320,PF_XBTUSD,1,0.0008,2026-07-04T12:36:00+00:00,2026-07-04T13:36:00+00:00,2026-07-04T13:36:00+00:00,62562.0,62570.0,62540.0,62533.0,50.056000000000004,1.201663637157148,41.65558351954517,41.57580129053654,5.005600000000001,5.005600000000001,0.12016636371571483,9.999999999999998,stop_risk,62527.0,62527.0,0.0908356,0.010413895879886293,-0.0296,0.05004120000000001,-0.00014102900877007005,0.0,0.012,-0.07978222900877008,-0.0019152829529163972,time_exit,False,False,False
321,PF_XBTUSD,1,0.0006,2026-07-04T17:41:00+00:00,2026-07-04T17:51:00+00:00,2026-07-04T17:52:00+00:00,63078.0,63085.0,63502.0,63495.0,37.851,0.9104093926053958,41.57580129053654,41.78378127164398,3.7851,3.7851,0.09104093926053958,10.0,stop_risk,63011.0,63011.0,0.0864267,0.010393950322634135,0.24599999999999997,0.037973999999999994,-4.601889251616019e-05,4.1835356832872905e-06,0.0084,0.2079799811074838,0.005002428688123062,target_intrabar,False,False,True
322,PF_XBTUSD,1,0.0003,2026-07-04T17:56:00+00:00,2026-07-04T18:24:00+00:00,2026-07-04T18:25:00+00:00,63282.0,63289.0,63117.0,63108.0,18.9867,0.4544035848877343,41.78378127164398,41.710471337853626,1.89867,1.89867,0.04544035848877344,9.999999999999998,stop_risk,63117.0,63117.0,0.07265985,0.010445945317910996,-0.054299999999999994,0.01895955,-5.038379037889494e-05,1.6806687604928133e-06,0.0048,-0.07330993379037888,-0.0017545069297050363,stop_intrabar,False,False,False
323,PF_ETHUSD,-1,0.01,2026-07-04T20:26:00+00:00,2026-07-04T21:13:00+00:00,2026-07-04T21:14:00+00:00,1782.7,1782.3,1789.0,1789.4,17.823,0.4273027714224136,41.710471337853626,41.62157199644528,1.7823000000000002,1.7823000000000002,0.04273027714224136,9.999999999999998,stop_risk,1789.0,1789.0,0.08885850000000137,0.010427617834463408,-0.07100000000000137,0.017858500000000003,-4.084140828388693e-05,5.40476245888988e-07,0.00800000000000182,-0.08889934140828526,-0.0021313434865840556,stop_intrabar,False,False,False
324,PF_XBTUSD,1,0.0005,2026-07-04T21:31:00+00:00,2026-07-04T21:43:00+00:00,2026-07-04T21:44:00+00:00,63366.0,63373.0,63286.0,63279.0,31.686500000000002,0.7612999336667584,41.62157199644528,41.542906632174905,3.1686500000000004,3.1686500000000004,0.07612999336667585,10.0,stop_risk,63286.0,63286.0,0.078663,0.010405392999111321,-0.047,0.031663000000000004,-2.3642703293015876e-06,1.8186694840781438e-07,0.007,-0.07866536427032932,-0.0018900142521538538,stop_intrabar,False,False,False
325,PF_XBTUSD,-1,0.0005,2026-07-05T01:26:00+00:00,2026-07-05T01:28:00+00:00,2026-07-05T01:29:00+00:00,62814.0,62807.0,62903.0,62910.0,31.4035,0.7559292920461672,41.542906632174905,41.45997254985683,3.14035,3.14035,0.07559292920461673,10.0,stop_risk,62903.0,62903.0,0.08292925,0.010385726658043727,-0.051500000000000004,0.031429250000000006,-4.832318072553649e-06,1.6107726908512166e-06,0.007,-0.08293408231807256,-0.001996347608807908,stop_intrabar,False,False,False
326,PF_ETHUSD,1,0.017,2026-07-05T04:26:00+00:00,2026-07-05T05:21:00+00:00,2026-07-05T05:22:00+00:00,1766.2,1766.6,1763.4,1763.0,30.0322,0.7243661332357468,41.45997254985683,41.368540374435646,3.0032200000000002,3.0032200000000002,0.07243661332357469,10.0,stop_risk,1763.4,1763.4,0.09120159999999847,0.010364993137464208,-0.06119999999999846,0.030001600000000003,-0.00023057542122059652,6.813701043749833e-06,0.013599999999999227,-0.09143217542121905,-0.002205312010548709,stop_intrabar,False,False,False
327,PF_XBTUSD,1,0.0005,2026-07-05T07:41:00+00:00,2026-07-05T08:41:00+00:00,2026-07-05T08:41:00+00:00,62839.0,62847.0,62883.0,62876.0,31.4235,0.7595989540742573,41.368540374435646,41.35143516134695,3.1423500000000004,3.1423500000000004,0.07595989540742573,9.999999999999998,stop_risk,62756.0,62756.0,0.08089875,0.010342135093608913,0.0145,0.03143075,-0.00017446308877976837,0.0,0.0075,-0.01710521308877977,-0.000413483602127529,time_exit,False,False,False
328,PF_XBTUSD,-1,0.0006,2026-07-05T09:31:00+00:00,2026-07-05T10:31:00+00:00,2026-07-05T10:31:00+00:00,62691.0,62684.0,62677.0,62684.0,37.6104,0.9095307056030824,41.35143516134695,41.314192959132896,3.76104,3.76104,0.09095307056030824,10.0,stop_risk,62762.0,62762.0,0.08863589999999999,0.010337858790336739,-0.0,0.0376104,0.00036819778594782674,0.0,0.0084,-0.037242202214052174,-0.0009006265941856388,time_exit,False,False,False
329,PF_XBTUSD,-1,0.0006,2026-07-05T12:11:00+00:00,2026-07-05T12:15:00+00:00,2026-07-05T12:16:00+00:00,62562.0,62555.0,62621.0,62628.0,37.532999999999994,0.9084771433663686,41.314192959132896,41.23288471728663,3.7532999999999994,3.7532999999999994,0.09084771433663687,10.0,stop_risk,62621.0,62621.0,0.0813549,0.010328548239783224,-0.0438,0.0375549,4.6658153746824164e-05,1.1664538436706041e-05,0.0084,-0.08130824184625317,-0.0019680462335711487,stop_intrabar,False,False,False
330,PF_ETHUSD,1,0.015,2026-07-05T15:06:00+00:00,2026-07-05T15:42:00+00:00,2026-07-05T15:43:00+00:00,1773.9,1774.3,1770.4,1770.0,26.6145,0.6454678148881016,41.23288471728663,41.14145767386831,2.6614500000000003,2.6614500000000003,0.06454678148881017,9.999999999999998,stop_risk,1770.4,1770.4,0.09108224999999931,0.01030822117932166,-0.06449999999999932,0.02658225,-0.0003447934182117499,9.31874103275e-06,0.011999999999999317,-0.09142704341821108,-0.0022173331806658887,stop_intrabar,False,False,False
331,PF_XBTUSD,-1,0.0009,2026-07-05T21:11:00+00:00,2026-07-05T21:12:00+00:00,2026-07-05T21:13:00+00:00,62626.0,62619.0,62651.0,62658.0,56.357099999999996,1.3698372198366748,41.14145767386831,41.049994884983526,5.6357099999999996,5.6357099999999996,0.13698372198366748,10.0,stop_risk,62651.0,62651.0,0.09147464999999999,0.010285364418467079,-0.0351,0.05637465,1.1861115220860937e-05,1.1861115220860937e-05,0.0126,-0.09146278888477913,-0.00222312951596932,stop_intrabar,False,False,False
332,PF_XBTUSD,1,0.0004,2026-07-05T22:01:00+00:00,2026-07-05T22:20:00+00:00,2026-07-05T22:21:00+00:00,63009.0,63016.0,63600.0,63593.0,25.206400000000002,0.614041489423443,41.049994884983526,41.255367611148706,2.52064,2.52064,0.061404148942344305,10.0,stop_risk,62893.0,62893.0,0.0771804,0.010262498721245883,0.2308,0.025321800000000002,-0.00010547383478893329,5.2736917394466665e-06,0.0056,0.20537272616521107,0.005002990298552713,target_intrabar,False,False,True
333,PF_XBTUSD,1,0.0002,2026-07-05T22:26:00+00:00,2026-07-05T23:26:00+00:00,2026-07-05T23:26:00+00:00,63519.0,63526.0,63640.0,63631.0,12.705200000000001,0.3079647749052318,41.255367611148706,41.26343837755744,1.2705200000000003,1.2705200000000003,0.030796477490523184,9.999999999999998,stop_risk,63227.0,63227.0,0.0738746,0.010313841902787177,0.021,0.0127157,-0.0002135335911711058,0.0,0.0032,0.008070766408828896,0.0001956294871712131,time_exit,False,False,False
334,PF_XBTUSD,-1,0.0004,2026-07-06T00:31:00+00:00,2026-07-06T00:40:00+00:00,2026-07-06T00:41:00+00:00,63392.0,63385.0,63544.0,63551.0,25.354000000000003,0.6144422519522672,41.26343837755744,41.1717128833911,2.5354000000000005,2.5354000000000005,0.06144422519522673,9.999999999999998,stop_risk,63544.0,63544.0,0.09178720000000001,0.01031585959438936,-0.0664,0.025387200000000006,6.17058336771213e-05,6.856203741902364e-06,0.0056,-0.09172549416632289,-0.00222292416174923,stop_intrabar,False,False,False
335,PF_XBTUSD,-1,0.0003,2026-07-06T03:31:00+00:00,2026-07-06T04:04:00+00:00,2026-07-06T04:05:00+00:00,63159.0,63152.0,63320.0,63327.0,18.9456,0.4601605974873773,41.1717128833911,41.10041463985804,1.89456,1.89456,0.04601605974873773,10.0,stop_risk,63320.0,63320.0,0.07147184999999999,0.010292928220847777,-0.0525,0.01897185,0.0001736064668899504,5.16467780899875e-06,0.0042,-0.07129824353311004,-0.0017317288628492342,stop_intrabar,False,False,False
336,PF_XBTUSD,-1,0.0006,2026-07-06T05:36:00+00:00,2026-07-06T05:37:00+00:00,2026-07-06T05:38:00+00:00,63006.0,62999.0,63067.0,63074.0,37.7994,0.9196841523672414,41.10041463985804,41.01759871404899,3.77994,3.77994,0.09196841523672414,10.0,stop_risk,63067.0,63067.0,0.08282189999999999,0.01027510365996451,-0.045,0.03782189999999999,5.974190946533544e-06,5.974190946533544e-06,0.0084,-0.08281592580905348,-0.0020149657013129227,stop_intrabar,False,False,False
337,PF_XBTUSD,1,0.0006,2026-07-06T08:11:00+00:00,2026-07-06T08:12:00+00:00,2026-07-06T08:13:00+00:00,63062.0,63069.0,63000.0,62993.0,37.8414,0.9225649766532749,41.01759871404899,40.93416129530905,3.7841400000000003,3.7841400000000003,0.0922564976653275,10.0,stop_risk,63000.0,63000.0,0.0834186,0.010254399678512247,-0.045599999999999995,0.0378186,-1.881873992565458e-05,9.40936996282729e-06,0.0084,-0.08343741873992565,-0.0020341858459731674,stop_intrabar,False,False,False
338,PF_XBTUSD,-1,0.0005,2026-07-06T09:31:00+00:00,2026-07-06T10:07:00+00:00,2026-07-06T10:08:00+00:00,62683.0,62676.0,62784.0,62791.0,31.338,0.7655708339526002,40.93416129530905,40.845576859362694,3.1338000000000004,3.1338000000000004,0.07655708339526003,10.0,stop_risk,62784.0,62784.0,0.08886675,0.010233540323827263,-0.0575,0.03136675,0.0002823140535785539,5.211578288322396e-06,0.007,-0.08858443594642146,-0.0021640711118361914,stop_intrabar,False,False,False
339,PF_XBTUSD,1,0.0006,2026-07-06T10:41:00+00:00,2026-07-06T10:41:00+00:00,2026-07-06T10:42:00+00:00,62914.0,62921.0,62853.0,62846.0,37.752599999999994,0.924276333028365,40.845576859362694,40.76284050546875,3.7752599999999994,3.7752599999999994,0.0924276333028365,10.0,stop_risk,62853.0,62853.0,0.08273009999999999,0.010211394214840675,-0.045,0.0377301,-6.2538939459868755e-06,6.2538939459868755e-06,0.0084,-0.08273635389394599,-0.0020255890663221474,stop_intrabar,False,False,False
340,PF_XBTUSD,-1,0.0003,2026-07-06T12:06:00+00:00,2026-07-06T12:12:00+00:00,2026-07-06T12:13:00+00:00,61870.0,61859.0,62071.0,62081.0,18.557699999999997,0.4552602264680326,40.76284050546875,40.67766751910179,1.8557699999999997,1.8557699999999997,0.04552602264680326,10.0,stop_risk,62071.0,62071.0,0.08549115,0.010190710126367188,-0.06659999999999999,0.018590999999999996,1.801363302094062e-05,3.0022721701567702e-06,0.006299999999999999,-0.08517298636697906,-0.0020894762315583045,stop_intrabar,False,False,False
341,PF_XBTUSD,1,0.0001,2026-07-06T16:01:00+00:00,2026-07-06T17:01:00+00:00,2026-07-06T17:01:00+00:00,63379.0,63387.0,63729.0,63722.0,6.3387,0.1558275187982058,40.67766751910179,40.70478079646613,0.63387,0.63387,0.015582751879820582,10.0,stop_risk,62985.0,62985.0,0.047318200000000005,0.010169416879775448,0.0335,0.00635545,-3.127263551508696e-05,0.0,0.0015,0.027113277364484913,0.0006665396277147113,time_exit,False,False,False
342,PF_XBTUSD,-1,0.0005,2026-07-06T23:31:00+00:00,2026-07-07T00:24:00+00:00,2026-07-07T00:25:00+00:00,64077.0,64070.0,64176.0,64183.0,32.035000000000004,0.7870082917331712,40.70478079646613,40.61613121348062,3.2035000000000005,3.2035000000000005,0.07870082917331712,10.0,stop_risk,64176.0,64176.0,0.08856325000000001,0.010176195199116535,-0.0565,0.03206325,-8.633298560129584e-05,2.6852150041421837e-06,0.007,-0.08864958298560129,-0.0021778666105308586,stop_intrabar,False,False,False
343,PF_XBTUSD,-1,0.0003,2026-07-07T02:31:00+00:00,2026-07-07T03:31:00+00:00,2026-07-07T03:31:00+00:00,63483.0,63476.0,63267.0,63274.0,19.0428,0.46884819974384057,40.61613121348062,40.65779583079245,1.90428,1.90428,0.046884819974384054,10.0,stop_risk,63685.0,63685.0,0.0838752,0.010154032803370155,0.060599999999999994,0.019012499999999998,7.711731186799271e-05,0.0,0.0042,0.04166461731186799,0.0010258145241080808,time_exit,False,False,False
344,PF_XBTUSD,-1,0.0004,2026-07-07T03:51:00+00:00,2026-07-07T04:51:00+00:00,2026-07-07T04:51:00+00:00,63150.0,63143.0,63028.0,63035.0,25.2572,0.6212141972750843,40.65779583079245,40.67578531502933,2.52572,2.52572,0.06212141972750843,10.0,stop_risk,63279.0,63279.0,0.0824858,0.010164448957698115,0.0432,0.025235600000000004,2.5084237003774674e-05,0.0,0.0056,0.017989484237003774,0.0004424608828248215,time_exit,False,False,False
345,PF_XBTUSD,-1,0.0005,2026-07-07T05:16:00+00:00,2026-07-07T05:18:00+00:00,2026-07-07T05:19:00+00:00,62805.0,62798.0,62896.0,62903.0,31.399,0.7719334674627255,40.67578531502933,40.59186388261801,3.1399000000000004,3.1399000000000004,0.07719334674627255,10.0,stop_risk,62896.0,62896.0,0.08392525,0.010168946328757334,-0.0525,0.03142525,3.817588674288538e-06,1.908794337144269e-06,0.007,-0.0839214324113257,-0.002063179155887557,stop_intrabar,False,False,False
346,PF_ETHUSD,1,0.012,2026-07-07T06:46:00+00:00,2026-07-07T07:39:00+00:00,2026-07-07T07:40:00+00:00,1773.7,1774.1,1769.2,1768.8,21.2892,0.5244696341504123,40.59186388261801,40.507175045101576,2.1289200000000004,2.1289200000000004,0.05244696341504124,9.999999999999998,stop_risk,1769.2,1769.2,0.08485739999999946,0.010147965970654503,-0.06359999999999946,0.021257400000000003,0.0001685624835494889,1.9904410621248816e-06,0.009599999999999454,-0.08468883751644998,-0.0020863500567835443,stop_intrabar,False,False,False
347,PF_XBTUSD,-1,0.0005,2026-07-07T08:11:00+00:00,2026-07-07T08:12:00+00:00,2026-07-07T08:13:00+00:00,63041.0,63034.0,63131.0,63138.0,31.517,0.7780596885590833,40.507175045101576,40.42363252920531,3.1517,3.1517,0.07780596885590832,10.0,stop_risk,63131.0,63131.0,0.083543,0.010126793761275395,-0.052000000000000005,0.031543,4.841037310666666e-07,4.841037310666666e-07,0.007,-0.08354251589626895,-0.0020624127899131666,stop_intrabar,False,False,False
348,PF_XBTUSD,1,0.0005,2026-07-07T09:51:00+00:00,2026-07-07T10:51:00+00:00,2026-07-07T10:51:00+00:00,63238.0,63245.0,63196.0,63189.0,31.622500000000002,0.7822775446306897,40.42363252920531,40.36398042044344,3.1622500000000002,3.1622500000000002,0.07822775446306897,10.0,stop_risk,63152.0,63152.0,0.0815975,0.010105908132301326,-0.028,0.0316085,-4.3608761930531654e-05,0.0,0.007,-0.059652108761930535,-0.0014756741299494305,time_exit,False,False,False
349,PF_XBTUSD,1,0.0005,2026-07-07T12:11:00+00:00,2026-07-07T12:31:00+00:00,2026-07-07T12:32:00+00:00,63651.0,63658.0,63554.0,63547.0,31.829,0.7885495847649191,40.36398042044344,40.276645700788315,3.1829,3.1829,0.07885495847649192,10.0,stop_risk,63554.0,63554.0,0.08730125,0.010090995105110861,-0.0555,0.03180125,-3.346965514007869e-05,1.5937931019085095e-06,0.007,-0.08733471965514009,-0.00216367956642123,stop_intrabar,False,False,False
350,PF_XBTUSD,-1,0.0005,2026-07-07T13:31:00+00:00,2026-07-07T13:46:00+00:00,2026-07-07T13:47:00+00:00,63137.0,63130.0,63224.0,63231.0,31.565,0.7837047860066012,40.276645700788315,40.194618085303595,3.1565000000000003,3.1565000000000003,0.07837047860066013,10.0,stop_risk,63224.0,63224.0,0.08209025,0.010069161425197079,-0.0505,0.03159025,6.263451528056249e-05,4.1756343520375e-06,0.007,-0.08202761548471944,-0.0020366049371165476,stop_intrabar,False,False,False
351,PF_ETHUSD,1,0.005,2026-07-07T15:01:00+00:00,2026-07-07T16:01:00+00:00,2026-07-07T16:01:00+00:00,1787.5,1788.0,1794.8,1794.3,8.94,0.22241783666228543,40.194618085303595,40.21708894910853,0.894,0.894,0.022241783666228546,10.0,stop_risk,1775.2,1775.2,0.07540674999999977,0.0100486545213259,0.03149999999999977,0.00895575,-7.338619523943751e-05,0.0,0.005,0.022470863804760332,0.0005590515565310566,time_exit,False,False,False
352,PF_ETHUSD,-1,0.009,2026-07-07T18:56:00+00:00,2026-07-07T19:56:00+00:00,2026-07-07T19:56:00+00:00,1787.1,1786.7,1788.9,1789.3,16.080299999999998,0.3998374924736178,40.21708894910853,40.17765495842005,1.6080299999999998,1.6080299999999998,0.039983749247361776,10.0,stop_risk,1793.7,1793.7,0.08271359999999876,0.010054272237277133,-0.02339999999999918,0.016092,5.800931155734529e-05,0.0,0.0071999999999975434,-0.03943399068844183,-0.000980528221183347,time_exit,False,False,False
353,PF_XBTUSD,-1,0.0003,2026-07-07T21:26:00+00:00,2026-07-07T22:26:00+00:00,2026-07-07T22:26:00+00:00,63386.0,63379.0,63397.0,63404.0,19.0137,0.4732406612500735,40.17765495842005,40.15122243413262,1.90137,1.90137,0.04732406612500736,10.0,stop_risk,63537.0,63537.0,0.06853845,0.010044413739605013,-0.0075,0.019017449999999998,8.492571257164702e-05,0.0,0.0042,-0.02643252428742835,-0.0006578911664900162,time_exit,False,False,False
354,PF_ETHUSD,1,0.011,2026-07-08T00:46:00+00:00,2026-07-08T01:04:00+00:00,2026-07-08T01:05:00+00:00,1781.7,1782.1,1776.7,1776.3,19.603099999999998,0.48823171030865975,40.15122243413262,40.06783898346152,1.9603099999999998,1.9603099999999998,0.048823171030865975,10.0,stop_risk,1776.7,1776.7,0.08337119999999949,0.010037805608533156,-0.0637999999999995,0.019571199999999997,-1.2250671058695958e-05,7.645766955749999e-07,0.0087999999999995,-0.08338345067105819,-0.002076735043568033,stop_intrabar,False,False,False
355,PF_XBTUSD,-1,0.0004,2026-07-08T05:46:00+00:00,2026-07-08T06:46:00+00:00,2026-07-08T06:46:00+00:00,62577.0,62570.0,62503.0,62510.0,25.028000000000002,0.6246406253736472,40.06783898346152,40.066924998617594,2.5028000000000006,2.5028000000000006,0.06246406253736472,9.999999999999998,stop_risk,62701.0,62701.0,0.08025560000000001,0.010016959745865382,0.024,0.025016000000000004,0.00010201515615583505,0.0,0.0056,-0.0009139848438441663,-2.2810934331183284e-05,time_exit,False,False,False
356,PF_XBTUSD,1,0.0004,2026-07-08T07:36:00+00:00,2026-07-08T08:16:00+00:00,2026-07-08T08:17:00+00:00,62800.0,62807.0,62696.0,62689.0,25.1228,0.6270209156521694,40.066924998617594,39.99453985494115,2.5122800000000005,2.5122800000000005,0.06270209156521696,9.999999999999998,stop_risk,62696.0,62696.0,0.0722992,0.010016731249654399,-0.0472,0.025099200000000002,-8.594367642277235e-05,3.93662806352014e-06,0.0056,-0.07238514367642278,-0.001806605914452388,stop_intrabar,False,False,False
357,PF_XBTUSD,-1,0.0002,2026-07-08T08:26:00+00:00,2026-07-08T09:26:00+00:00,2026-07-08T09:26:00+00:00,62145.0,62137.0,61783.0,61790.0,12.4274,0.31072741541904875,39.99453985494115,40.05167931068742,1.2427400000000002,1.2427400000000002,0.031072741541904876,9.999999999999998,stop_risk,62368.0,62368.0,0.06025130000000001,0.009998634963735289,0.0694,0.0123927,0.00013215574631158397,0.0,0.003,0.05713945574631158,0.0014286814138518523,time_exit,False,False,False
358,PF_ETHUSD,1,0.014,2026-07-08T11:51:00+00:00,2026-07-08T12:43:00+00:00,2026-07-08T12:44:00+00:00,1745.9,1746.3,1742.2,1741.8,24.4482,0.6104163525916434,40.05167931068742,39.9638812712194,2.44482,2.44482,0.06104163525916434,10.0,stop_risk,1742.2,1742.2,0.0874167,0.010012919827671857,-0.063,0.0244167,-0.0003813394680296011,7.87280744383181e-06,0.011199999999999363,-0.0877980394680296,-0.0021921188069785004,stop_intrabar,False,False,False
359,PF_XBTUSD,-1,0.0003,2026-07-08T13:06:00+00:00,2026-07-08T13:35:00+00:00,2026-07-08T13:36:00+00:00,61859.0,61852.0,62026.0,62034.0,18.5556,0.4643092565026485,39.9638812712194,39.8908197543628,1.8555599999999999,1.8555599999999999,0.046430925650264854,10.0,stop_risk,62026.0,62026.0,0.07288275,0.00999097031780485,-0.054599999999999996,0.0185829,0.00012138314345429491,4.185625636354999e-06,0.0045,-0.0730615168565457,-0.001828188717725024,stop_intrabar,False,False,False
360,PF_XBTUSD,-1,0.0003,2026-07-08T13:56:00+00:00,2026-07-08T13:58:00+00:00,2026-07-08T13:59:00+00:00,61640.0,61633.0,61814.0,61821.0,18.4899,0.4635126606536529,39.8908197543628,39.815910025614066,1.84899,1.84899,0.04635126606536529,10.0,stop_risk,61814.0,61814.0,0.0749181,0.009972704938590702,-0.05639999999999999,0.0185181,8.371251272709997e-06,4.185625636354999e-06,0.0042,-0.07490972874872728,-0.0018778688733398243,stop_intrabar,False,False,False
361,PF_XBTUSD,1,0.0003,2026-07-08T17:31:00+00:00,2026-07-08T17:53:00+00:00,2026-07-08T17:54:00+00:00,62259.0,62266.0,62094.0,62087.0,18.679799999999997,0.4691541644529298,39.815910025614066,39.743435377140784,1.8679799999999998,1.8679799999999998,0.04691541644529298,10.0,stop_risk,62094.0,62094.0,0.07235295,0.009953977506403517,-0.0537,0.018652949999999995,-0.00012169847332043628,5.29123797045375e-06,0.0042,-0.07247464847332044,-0.0018202434259746068,stop_intrabar,False,False,False
362,PF_XBTUSD,-1,0.0004,2026-07-08T21:16:00+00:00,2026-07-08T21:30:00+00:00,2026-07-08T21:31:00+00:00,61960.0,61953.0,62086.0,62093.0,24.781200000000002,0.6235293895668967,39.743435377140784,39.66271799335263,2.4781200000000005,2.4781200000000005,0.06235293895668968,9.999999999999998,stop_risk,62086.0,62086.0,0.0808092,0.009935858844285196,-0.056,0.024809200000000003,9.181621184760698e-05,6.558300846257641e-06,0.0056,-0.0807173837881524,-0.002030961415946911,stop_intrabar,False,False,False
363,PF_ETHUSD,-1,0.006,2026-07-09T01:51:00+00:00,2026-07-09T02:51:00+00:00,2026-07-09T02:51:00+00:00,1730.9,1730.5,1723.6,1723.9,10.383000000000001,0.26178236200908284,39.66271799335263,39.69211902656285,1.0383000000000002,1.0383000000000002,0.026178236200908284,9.999999999999998,stop_risk,1742.6,1742.6,0.08542050000000001,0.009915679498338159,0.039599999999999455,0.010363200000000001,0.000164233210119263,0.0,0.004200000000001637,0.029401033210118714,0.0007412763092798192,time_exit,False,False,False
364,PF_XBTUSD,1,0.0004,2026-07-09T04:41:00+00:00,2026-07-09T05:41:00+00:00,2026-07-09T05:41:00+00:00,62212.0,62219.0,62331.0,62324.0,24.887600000000003,0.6270161586320112,39.69211902656285,39.70903406114056,2.4887600000000005,2.4887600000000005,0.06270161586320112,9.999999999999998,stop_risk,62093.0,62093.0,0.078061,0.009923029756640714,0.042,0.024908600000000003,-0.00017636542211961674,0.0,0.0056,0.01691503457788038,0.00042615599753090695,time_exit,False,False,False
365,PF_ETHUSD,1,0.011,2026-07-09T06:06:00+00:00,2026-07-09T07:06:00+00:00,2026-07-09T07:06:00+00:00,1749.1,1749.5,1753.3,1752.9,19.2445,0.48463782751222234,39.70903406114056,39.72708532447587,1.92445,1.92445,0.048463782751222234,10.0,stop_risk,1743.6,1743.6,0.08850984999999949,0.00992725851528514,0.037400000000000995,0.0192632,-8.553666481938067e-05,0.0,0.0087999999999995,0.018051263335181613,0.0004545883263588792,time_exit,False,False,False
366,PF_ETHUSD,-1,0.019,2026-07-09T11:26:00+00:00,2026-07-09T11:56:00+00:00,2026-07-09T11:57:00+00:00,1741.6,1741.2,1743.6,1744.0,33.0828,0.8327517543709071,39.72708532447587,39.640973933892525,3.30828,3.30828,0.0832751754370907,10.0,stop_risk,1743.6,1743.6,0.08630939999999912,0.00993177133111897,-0.05319999999999914,0.0331094,0.00019800941667637498,6.600313889212499e-06,0.015199999999999136,-0.08611139058332276,-0.0021675738323110633,stop_intrabar,False,False,False
367,PF_ETHUSD,-1,0.015,2026-07-09T12:51:00+00:00,2026-07-09T13:01:00+00:00,2026-07-09T13:02:00+00:00,1739.3,1738.9,1742.7,1743.1,26.0835,0.6579934197252137,39.640973933892525,39.55186928144253,2.60835,2.60835,0.06579934197252138,10.0,stop_risk,1742.7,1742.7,0.08911499999999727,0.009910243483473132,-0.06299999999999727,0.026115,1.0347550012313805e-05,3.119511086249999e-07,0.011999999999995906,-0.08910465244998496,-0.002247791706595827,stop_intrabar,False,False,False
368,PF_XBTUSD,1,0.0002,2026-07-09T14:01:00+00:00,2026-07-09T14:15:00+00:00,2026-07-09T14:16:00+00:00,62973.0,62980.0,62719.0,62712.0,12.596,0.31846788100884926,39.55186928144253,39.48566862474938,1.2596,1.2596,0.031846788100884926,10.0,stop_risk,62719.0,62719.0,0.0661692,0.009887967320360633,-0.0536,0.012569199999999999,-3.145669319213751e-05,2.097112879475834e-06,0.0028,-0.06620065669319214,-0.0016737680897487453,stop_intrabar,False,False,False
369,PF_ETHUSD,-1,0.011,2026-07-09T16:36:00+00:00,2026-07-09T16:42:00+00:00,2026-07-09T16:43:00+00:00,1734.0,1733.6,1739.0,1739.4,19.069599999999998,0.48294990724931747,39.48566862474938,39.402776873388355,1.9069599999999998,1.9069599999999998,0.04829499072493175,10.0,stop_risk,1739.0,1739.0,0.08290150000000199,0.009871417156187346,-0.063800000000002,0.0191015,9.748638956650638e-06,1.6247731594417728e-06,0.008800000000002,-0.08289175136104533,-0.002099287013442879,stop_intrabar,False,False,False
370,PF_XBTUSD,1,0.0003,2026-07-09T17:46:00+00:00,2026-07-09T18:08:00+00:00,2026-07-09T18:09:00+00:00,62988.0,62995.0,63723.0,63716.0,18.8985,0.47962355700782017,39.402776873388355,39.60004937423035,1.88985,1.88985,0.04796235570078202,9.999999999999998,stop_risk,62823.0,62823.0,0.07257165,0.00985069421834709,0.2163,0.01900665,-2.0849157992040203e-05,3.1509478720949996e-06,0.0042,0.19727250084200795,0.00500656340734302,target_intrabar,False,False,True
371,PF_XBTUSD,1,0.0002,2026-07-09T18:16:00+00:00,2026-07-09T19:16:00+00:00,2026-07-09T19:16:00+00:00,63336.0,63343.0,63130.0,63123.0,12.668600000000001,0.3199137425380097,39.60004937423035,39.543289020018626,1.2668600000000003,1.2668600000000003,0.031991374253800976,9.999999999999998,stop_risk,63094.0,63094.0,0.06384300000000001,0.009900012343557588,-0.044000000000000004,0.012646600000000001,-0.00011375421157369893,0.0,0.0028,-0.0567603542115737,-0.0014333404909467205,time_exit,False,False,False
372,PF_XBTUSD,1,0.0003,2026-07-10T01:31:00+00:00,2026-07-10T01:48:00+00:00,2026-07-10T01:49:00+00:00,63330.0,63337.0,64067.0,64060.0,19.001099999999997,0.4805138993466317,39.543289020018626,39.74102776904795,1.9001099999999997,1.9001099999999997,0.04805138993466317,10.0,stop_risk,63152.0,63152.0,0.07657229999999998,0.009885822255004659,0.21689999999999998,0.019109549999999996,-5.170097068182933e-05,2.8722761489905194e-06,0.0042,0.19773874902931815,0.00500056403829266,target_intrabar,False,False,True
373,PF_XBTUSD,1,0.0002,2026-07-10T01:56:00+00:00,2026-07-10T02:56:00+00:00,2026-07-10T02:56:00+00:00,63749.0,63758.0,63923.0,63916.0,12.7516,0.32086739361913286,39.74102776904795,39.75970410967236,1.27516,1.27516,0.03208673936191329,10.0,stop_risk,63514.0,63514.0,0.0633263,0.009935256942261989,0.0316,0.012767400000000002,-0.00015625937564498813,0.0,0.0032,0.018676340624355012,0.000469951122877123,time_exit,False,False,False
374,PF_ETHUSD,1,0.013,2026-07-10T03:51:00+00:00,2026-07-10T04:30:00+00:00,2026-07-10T04:31:00+00:00,1776.5,1776.9,1772.2,1771.8,23.0997,0.580982693842043,39.75970410967236,39.669710097540616,2.30997,2.30997,0.0580982693842043,10.0,stop_risk,1772.2,1772.2,0.08936655000000177,0.00993992602741809,-0.06630000000000177,0.023066549999999998,-0.0006274621317742521,1.353951321202626e-05,0.010400000000002364,-0.08999401213177602,-0.0022634477329996814,stop_intrabar,False,False,False
375,PF_XBTUSD,1,0.0004,2026-07-10T04:46:00+00:00,2026-07-10T05:02:00+00:00,2026-07-10T05:03:00+00:00,64063.0,64070.0,63921.0,63914.0,25.628,0.6460344665233348,39.669710097540616,39.58164541674674,2.5628,2.5628,0.06460344665233349,10.0,stop_risk,63921.0,63921.0,0.08799680000000001,0.009917427524385155,-0.062400000000000004,0.025596800000000003,-6.788079389257204e-05,3.638488653119309e-06,0.0056,-0.08806468079389257,-0.0022199476773930916,stop_intrabar,False,False,False
376,PF_XBTUSD,-1,0.0005,2026-07-10T06:31:00+00:00,2026-07-10T07:24:00+00:00,2026-07-10T07:25:00+00:00,63877.0,63870.0,63973.0,63980.0,31.935000000000002,0.8068133515866551,39.58164541674674,39.49495376947451,3.1935000000000002,3.1935000000000002,0.08068133515866552,10.0,stop_risk,63973.0,63973.0,0.08696250000000001,0.009895411354186687,-0.055,0.031962500000000005,0.0002708527278155763,5.212839688067879e-06,0.007,-0.08669164727218442,-0.002190198167848418,stop_intrabar,False,False,False
377,PF_XBTUSD,1,0.0006,2026-07-10T08:26:00+00:00,2026-07-10T08:36:00+00:00,2026-07-10T08:37:00+00:00,64225.0,64232.0,64167.0,64160.0,38.539199999999994,0.975800610501962,39.49495376947451,39.413138786718555,3.8539199999999996,3.8539199999999996,0.0975800610501962,10.0,stop_risk,64167.0,64167.0,0.08171759999999999,0.00987373844236863,-0.043199999999999995,0.0385176,-9.738275594001402e-05,8.852977812728545e-06,0.0084,-0.08181498275594,-0.0020715300297217834,stop_intrabar,False,False,False
378,PF_ETHUSD,1,0.014,2026-07-10T09:41:00+00:00,2026-07-10T10:41:00+00:00,2026-07-10T10:41:00+00:00,1791.4,1791.8,1796.4,1796.0,25.0852,0.6364679589653289,39.413138786718555,39.445714358653014,2.5085200000000003,2.5085200000000003,0.0636467958965329,9.999999999999998,stop_risk,1787.7,1787.7,0.0880537,0.00985328469667964,0.058800000000000636,0.0251146,-0.001109828065525375,0.0,0.011199999999999363,0.03257557193447526,0.0008265155462688646,time_exit,False,False,False
379,PF_XBTUSD,-1,0.0003,2026-07-10T13:01:00+00:00,2026-07-10T13:45:00+00:00,2026-07-10T13:46:00+00:00,64257.0,64250.0,64419.0,64426.0,19.275,0.48864623986133326,39.445714358653014,39.373555543778885,1.9275,1.9275,0.04886462398613333,10.0,stop_risk,64419.0,64419.0,0.0721014,0.009861428589663254,-0.05279999999999999,0.0193014,-5.741487425796113e-05,1.275886094621357e-06,0.0042,-0.07215881487425796,-0.0018293195103064176,stop_intrabar,False,False,False
380,PF_ETHUSD,-1,0.008,2026-07-10T14:26:00+00:00,2026-07-10T15:16:00+00:00,2026-07-10T15:17:00+00:00,1785.9,1785.4,1793.6,1794.0,14.2832,0.3627612442599632,39.373555543778885,39.290526672449396,1.4283200000000003,1.4283200000000003,0.03627612442599633,9.999999999999998,stop_risk,1793.6,1793.6,0.08391799999999855,0.009843388885944722,-0.06879999999999928,0.0143176,8.872867059555289e-05,4.477245565e-07,0.0072000000000007275,-0.08302887132940373,-0.002108747106597603,stop_intrabar,False,False,False
381,PF_ETHUSD,1,0.013,2026-07-10T17:06:00+00:00,2026-07-10T17:10:00+00:00,2026-07-10T17:11:00+00:00,1795.4,1795.8,1791.5,1791.1,23.345399999999998,0.5941737608819034,39.290526672449396,39.20611475635882,2.33454,2.33454,0.05941737608819035,9.999999999999998,stop_risk,1791.5,1791.5,0.08441485000000058,0.009822631668112349,-0.06110000000000059,0.023314849999999998,2.933909428125e-06,7.3347735703125e-07,0.010399999999999408,-0.08441191609057247,-0.002148403781763564,stop_intrabar,False,False,False
382,PF_ETHUSD,-1,0.017,2026-07-10T18:56:00+00:00,2026-07-10T19:04:00+00:00,2026-07-10T19:05:00+00:00,1782.2,1781.8,1784.7,1785.1,30.2906,0.772598871075007,39.20611475635882,39.119696399642415,3.0290600000000003,3.0290600000000003,0.07725988710750072,10.0,stop_risk,1784.7,1784.7,0.08641864999999924,0.009801528689089706,-0.056099999999999234,0.030318650000000003,2.932835835251279e-07,8.364436069595538e-07,0.013599999999999227,-0.0864183567164157,-0.0022042060850316608,stop_intrabar,False,False,False
383,PF_XBTUSD,1,0.0005,2026-07-10T23:36:00+00:00,2026-07-10T23:51:00+00:00,2026-07-10T23:52:00+00:00,64167.0,64174.0,64084.0,64077.0,32.087,0.8202262019674903,39.119696399642415,39.03910668967355,3.2087000000000003,3.2087000000000003,0.08202262019674904,10.0,stop_risk,64084.0,64084.0,0.08056275,0.009779924099910605,-0.0485,0.03206275,-2.695996886314174e-05,1.6849980539463586e-06,0.007,-0.08058970996886314,-0.002060080148515667,stop_intrabar,False,False,False
384,PF_XBTUSD,1,0.0005,2026-07-11T01:31:00+00:00,2026-07-11T01:38:00+00:00,2026-07-11T01:39:00+00:00,64178.0,64185.0,64098.0,64091.0,32.0925,0.8220603062233738,39.03910668967355,38.96007508409618,3.2092500000000004,3.2092500000000004,0.08220603062233739,10.0,stop_risk,64098.0,64098.0,0.079069,0.00975977667241839,-0.047,0.032069,3.7394422658621875e-05,5.342060379803125e-06,0.007,-0.07903160557734137,-0.002024421465521045,stop_intrabar,False,False,False
385,PF_ETHUSD,1,0.019,2026-07-11T04:41:00+00:00,2026-07-11T04:50:00+00:00,2026-07-11T04:51:00+00:00,1797.7,1798.1,1795.9,1795.5,34.1639,0.8768951272875236,38.96007508409618,38.876487051365544,3.41639,3.41639,0.08768951272875236,10.0,stop_risk,1795.9,1795.9,0.08353919999999827,0.009740018771024046,-0.04939999999999827,0.034139199999999995,-4.883273065743751e-05,4.883273065743751e-06,0.015199999999999136,-0.0835880327306557,-0.0021454792515216946,stop_intrabar,False,False,False
386,PF_ETHUSD,-1,0.019,2026-07-11T09:21:00+00:00,2026-07-11T09:38:00+00:00,2026-07-11T09:39:00+00:00,1797.4,1797.0,1799.2,1799.6,34.143,0.8782429326726094,38.876487051365544,38.79308671701434,3.4143000000000003,3.4143000000000003,0.08782429326726095,10.0,stop_risk,1799.2,1799.2,0.08356769999999827,0.009719121762841386,-0.04939999999999827,0.034167699999999995,0.0001673656487676976,9.845038162805745e-06,0.015199999999999136,-0.08340033435123058,-0.00214526416034036,stop_intrabar,False,False,False
387,PF_XBTUSD,-1,0.0007,2026-07-11T10:46:00+00:00,2026-07-11T11:06:00+00:00,2026-07-11T11:07:00+00:00,64109.0,64102.0,64147.0,64154.0,44.8714,1.1566854766501413,38.79308671701434,38.71191517286427,4.48714,4.48714,0.11566854766501414,10.0,stop_risk,64147.0,64147.0,0.0812896,0.009698271679253585,-0.0364,0.0448896,0.00011805584994873687,8.750310570681706e-06,0.0098,-0.08117154415005126,-0.0020924229294301054,stop_intrabar,False,False,False
388,PF_ETHUSD,1,0.019,2026-07-11T11:41:00+00:00,2026-07-11T12:41:00+00:00,2026-07-11T12:41:00+00:00,1798.2,1798.6,1796.9,1796.5,34.1734,0.8827618020808845,38.71191517286427,38.63777674472393,3.4173400000000003,3.4173400000000003,0.08827618020808846,10.0,stop_risk,1796.3,1796.3,0.08544774999999655,0.00967797879321607,-0.03989999999999827,0.03415345,-8.497814024515838e-05,0.0,0.015199999999999136,-0.07413842814024343,-0.00191513201579373,time_exit,False,False,False
389,PF_XBTUSD,1,0.0006,2026-07-11T14:26:00+00:00,2026-07-11T15:26:00+00:00,2026-07-11T15:26:00+00:00,64307.0,64314.0,64398.0,64391.0,38.5884,0.9987220604060592,38.63777674472393,38.64518614200567,3.8588400000000003,3.8588400000000003,0.09987220604060593,10.0,stop_risk,64259.0,64259.0,0.0757698,0.009659444186180983,0.0462,0.0386115,-0.00017910271838678067,0.0,0.0084,0.007409397281613217,0.00019176562177907884,time_exit,False,False,False
390,PF_XBTUSD,-1,0.0003,2026-07-11T15:46:00+00:00,2026-07-11T16:33:00+00:00,2026-07-11T16:34:00+00:00,64034.0,64027.0,64196.0,64203.0,19.208099999999998,0.49703732644521054,38.64518614200567,38.573220966291295,1.92081,1.92081,0.049703732644521055,10.0,stop_risk,64196.0,64196.0,0.0720345,0.009661296535501419,-0.05279999999999999,0.0192345,6.932428550432033e-05,1.4229874998112497e-06,0.0042,-0.07196517571449566,-0.0018622028485010345,stop_intrabar,False,False,False
391,PF_XBTUSD,1,0.0005,2026-07-11T17:36:00+00:00,2026-07-11T18:00:00+00:00,2026-07-11T18:01:00+00:00,64339.0,64346.0,64249.0,64242.0,32.173,0.834076055720512,38.573220966291295,38.48904096277938,3.2173000000000003,3.2173000000000003,0.08340760557205121,10.0,stop_risk,64249.0,64249.0,0.084147,0.009643305241572824,-0.052000000000000005,0.032147,-3.3003511956440216e-05,2.0086642234025993e-06,0.007,-0.08418000351195645,-0.002182343123109175,stop_intrabar,False,False,False
392,PF_ETHUSD,-1,0.015,2026-07-11T19:36:00+00:00,2026-07-11T19:45:00+00:00,2026-07-11T19:46:00+00:00,1818.6,1818.2,1821.6,1822.0,27.273,0.7085913111312441,38.48904096277938,38.40467517513502,2.7273,2.7273,0.0708591311131244,10.0,stop_risk,1821.6,1821.6,0.08430149999999932,0.009622260240694847,-0.056999999999999315,0.0273015,-6.428764433781249e-05,6.428764433781249e-06,0.011999999999999317,-0.08436578764433712,-0.0021919430968914662,stop_intrabar,False,False,False
393,PF_ETHUSD,-1,0.014,2026-07-11T22:26:00+00:00,2026-07-11T23:22:00+00:00,2026-07-11T23:23:00+00:00,1812.4,1812.0,1796.0,1796.4,25.368000000000002,0.660544579125211,38.40467517513502,38.597447613089294,2.5368000000000004,2.5368000000000004,0.06605445791252111,10.0,stop_risk,1815.7,1815.7,0.08279669999999872,0.009601168793783754,0.21839999999999873,0.025258800000000005,-0.0003687620457444035,7.993852819050142e-06,0.011200000000002546,0.19277243795425433,0.005019504450308805,target_intrabar,False,False,True
394,PF_ETHUSD,-1,0.008,2026-07-11T23:31:00+00:00,2026-07-12T00:31:00+00:00,2026-07-12T00:31:00+00:00,1794.1,1793.6,1781.9,1782.3,14.348799999999999,0.37175515189076874,38.597447613089294,38.673216047215085,1.43488,1.43488,0.03717551518907687,10.0,stop_risk,1801.0,1801.0,0.07758040000000073,0.009649361903272325,0.09039999999999963,0.0143036,-0.0003279658742612024,0.0,0.007199999999998909,0.07576843412573843,0.001963042605440148,time_exit,False,False,False
395,PF_ETHUSD,1,0.009,2026-07-12T01:26:00+00:00,2026-07-12T02:26:00+00:00,2026-07-12T02:26:00+00:00,1799.5,1799.9,1805.0,1804.6,16.199099999999998,0.41887129273714796,38.673216047215085,38.69955891375605,1.61991,1.61991,0.0418871292737148,9.999999999999998,stop_risk,1792.9,1792.9,0.08276580000000082,0.009668304011803772,0.04229999999999836,0.01622025,0.0002631165410417399,0.0,0.0072000000000016365,0.0263428665410401,0.000681165655033158,time_exit,False,False,False
396,PF_XBTUSD,-1,0.0005,2026-07-12T04:41:00+00:00,2026-07-12T05:41:00+00:00,2026-07-12T05:41:00+00:00,63971.0,63964.0,63931.0,63938.0,31.982,0.8264176878933821,38.69955891375605,38.680928881905416,3.1982,3.1982,0.08264176878933821,10.0,stop_risk,64041.0,64041.0,0.074003,0.009674889728439013,0.013000000000000001,0.031975500000000004,0.0003454681494324469,0.0,0.007,-0.018630031850567552,-0.00048140165866193804,time_exit,False,False,False
397,PF_XBTUSD,-1,0.0005,2026-07-12T06:11:00+00:00,2026-07-12T07:11:00+00:00,2026-07-12T07:11:00+00:00,63729.0,63722.0,63765.0,63772.0,31.861,0.8236875618285445,38.680928881905416,38.624350731993054,3.1861,3.1861,0.08236875618285446,10.0,stop_risk,63814.0,63814.0,0.08138575,0.009670232220476355,-0.025,0.0318735,0.00029535008762464923,0.0,0.007,-0.05657814991237535,-0.0014626885017449023,time_exit,False,False,False
398,PF_XBTUSD,1,0.0007,2026-07-12T08:11:00+00:00,2026-07-12T08:47:00+00:00,2026-07-12T08:48:00+00:00,63945.0,63952.0,63911.0,63904.0,44.7664,1.1590201298301541,38.624350731993054,38.545726654111675,4.47664,4.47664,0.1159020129830154,10.0,stop_risk,63911.0,63911.0,0.07834959999999999,0.009656087682998265,-0.0336,0.0447496,-0.0002744778813657085,7.418321117992123e-06,0.0098,-0.0786240778813657,-0.0020356090495066976,stop_intrabar,False,False,False
399,PF_XBTUSD,-1,0.0007,2026-07-12T09:26:00+00:00,2026-07-12T09:28:00+00:00,2026-07-12T09:29:00+00:00,63761.0,63754.0,63799.0,63806.0,44.6278,1.1577885247946038,38.545726654111675,38.46468826204281,4.46278,4.46278,0.1157788524794604,10.0,stop_risk,63799.0,63799.0,0.08104599999999999,0.009636431663527921,-0.0364,0.044646000000000005,7.607931137723692e-06,3.803965568861846e-06,0.0098,-0.08103839206886228,-0.0021023962732900745,stop_intrabar,False,False,False
400,PF_ETHUSD,1,0.016,2026-07-12T11:41:00+00:00,2026-07-12T12:41:00+00:00,2026-07-12T12:41:00+00:00,1803.3,1803.7,1803.7,1803.3,28.8592,0.7502777561433778,38.46468826204281,38.42980555031776,2.8859200000000005,2.8859200000000005,0.07502777561433778,9.999999999999998,stop_risk,1800.7,1800.7,0.08323200000000144,0.009616172065510704,-0.006400000000001456,0.028856,0.0003732882750116647,0.0,0.012800000000002911,-0.03488271172498979,-0.0009068762363898386,time_exit,False,False,False
401,PF_ETHUSD,1,0.012,2026-07-12T14:51:00+00:00,2026-07-12T15:51:00+00:00,2026-07-12T15:51:00+00:00,1814.6,1815.0,1822.9,1822.5,21.78,0.5667475983317827,38.42980555031776,38.497773349389874,2.1780000000000004,2.1780000000000004,0.056674759833178275,9.999999999999998,stop_risk,1810.4,1810.4,0.08175,0.00960745138757944,0.09,0.021825,-0.00020720092790414279,0.0,0.009600000000002183,0.06796779907209585,0.0017686219875118223,time_exit,False,False,False
402,PF_ETHUSD,-1,0.014,2026-07-12T21:26:00+00:00,2026-07-12T22:20:00+00:00,2026-07-12T22:21:00+00:00,1813.0,1812.6,1796.6,1797.0,25.3764,0.6591653956111769,38.497773349389874,38.691039577470974,2.53764,2.53764,0.06591653956111769,10.0,stop_risk,1816.5,1815.7,0.08560650000000256,0.00962444333734747,0.21839999999999873,0.025267200000000004,0.0001334280811115855,2.124862138311252e-06,0.011200000000002546,0.1932662280811103,0.005020192371312126,target_intrabar,False,False,True
403,PF_ETHUSD,1,0.003,2026-07-13T00:11:00+00:00,2026-07-13T00:39:00+00:00,2026-07-13T00:40:00+00:00,1836.0,1836.4,1814.4,1814.0,5.509200000000001,0.14238955737978926,38.691039577470974,38.618348434131335,0.5509200000000001,0.5509200000000001,0.014238955737978927,10.0,stop_risk,1814.4,1814.4,0.07267560000000027,0.009672759894367744,-0.06720000000000027,0.005475600000000001,-1.5543339711567545e-05,5.359772314333635e-07,0.002400000000000546,-0.07269114333971184,-0.001878759116672545,stop_intrabar,False,False,False
404,PF_XBTUSD,-1,0.0002,2026-07-13T02:06:00+00:00,2026-07-13T03:06:00+00:00,2026-07-13T03:06:00+00:00,63310.0,63303.0,63228.0,63235.0,12.6606,0.3278389810375842,38.618348434131335,38.619307308900346,1.2660600000000002,1.2660600000000002,0.03278389810375842,9.999999999999998,stop_risk,63540.0,63540.0,0.061485000000000005,0.009654587108532835,0.013600000000000001,0.0126538,1.2674769028597085e-05,0.0,0.0028,0.0009588747690285974,2.4829512599796552e-05,time_exit,False,False,False
405,PF_XBTUSD,-1,0.0004,2026-07-13T03:16:00+00:00,2026-07-13T04:16:00+00:00,2026-07-13T04:16:00+00:00,63068.0,63061.0,62791.0,62798.0,25.224400000000003,0.6531551640281931,38.619307308900346,38.699379404951046,2.5224400000000005,2.5224400000000005,0.06531551640281931,10.0,stop_risk,63170.0,63170.0,0.0716476,0.009654826827225087,0.1052,0.025171800000000005,4.3896050536595085e-05,0.0,0.0056,0.08007209605053658,0.002073369556063552,time_exit,False,False,False
406,PF_XBTUSD,1,0.0006,2026-07-13T07:31:00+00:00,2026-07-13T08:31:00+00:00,2026-07-13T08:31:00+00:00,62895.0,62906.0,63040.0,63033.0,37.743599999999994,0.9753024617022987,38.699379404951046,38.737662249807755,3.7743599999999997,3.7743599999999997,0.09753024617022987,9.999999999999998,stop_risk,62841.0,62841.0,0.08332079999999999,0.009674844851237763,0.07619999999999999,0.037781699999999994,-0.00013545514337893875,0.0,0.010799999999999999,0.03828284485662106,0.0009892366607750641,time_exit,False,False,False
407,PF_XBTUSD,1,0.0003,2026-07-13T08:51:00+00:00,2026-07-13T09:34:00+00:00,2026-07-13T09:35:00+00:00,63199.0,63206.0,63031.0,63024.0,18.961799999999997,0.4894926254899158,38.737662249807755,38.66405083394317,1.8961799999999998,1.8961799999999998,0.04894926254899158,10.0,stop_risk,63031.0,63031.0,0.0735345,0.009684415562451941,-0.054599999999999996,0.0189345,-7.691586454022609e-05,1.9081319621823947e-06,0.0042,-0.07361141586454023,-0.0019002544704386632,stop_intrabar,False,False,False
408,PF_ETHUSD,-1,0.016,2026-07-13T10:16:00+00:00,2026-07-13T10:19:00+00:00,2026-07-13T10:20:00+00:00,1780.6,1780.2,1783.2,1783.6,28.4832,0.7366843200763278,38.66405083394317,38.5811431654715,2.84832,2.84832,0.07366843200763279,10.0,stop_risk,1783.2,1783.2,0.08291039999999782,0.009666012708485794,-0.05439999999999782,0.028510399999999998,2.731528333e-06,9.105094443333334e-07,0.012799999999995634,-0.08290766847166482,-0.00214430890409652,stop_intrabar,False,False,False
409,PF_ETHUSD,-1,0.012,2026-07-13T10:51:00+00:00,2026-07-13T11:03:00+00:00,2026-07-13T11:04:00+00:00,1776.6,1776.2,1781.1,1781.5,21.314400000000003,0.5524564139684564,38.5811431654715,38.496209674203385,2.1314400000000004,2.1314400000000004,0.05524564139684564,10.0,stop_risk,1781.1,1781.1,0.08494619999999946,0.009645285791367877,-0.06359999999999946,0.021346200000000003,1.2708731894250359e-05,2.1875977150001193e-06,0.009599999999999454,-0.08493349126810522,-0.0022014249526985793,stop_intrabar,False,False,False
410,PF_XBTUSD,-1,0.0005,2026-07-13T12:31:00+00:00,2026-07-13T13:31:00+00:00,2026-07-13T13:31:00+00:00,62715.0,62707.0,62560.0,62567.0,31.3535,0.8144568066660919,38.496209674203385,38.535535687315104,3.1353500000000003,3.1353500000000003,0.08144568066660919,10.0,stop_risk,62804.0,62804.0,0.08387975,0.009624052418550848,0.07,0.0313185,0.0006445131118884038,0.0,0.0075,0.03932601311188841,0.0010215554581790706,time_exit,False,False,False
411,PF_XBTUSD,-1,0.0003,2026-07-13T13:51:00+00:00,2026-07-13T14:20:00+00:00,2026-07-13T14:21:00+00:00,62272.0,62265.0,62466.0,62473.0,18.679499999999997,0.48473440596671924,38.535535687315104,38.45458233139085,1.8679499999999998,1.8679499999999998,0.04847344059667193,10.0,stop_risk,62466.0,62466.0,0.08111070000000001,0.009633883921828776,-0.0624,0.018710699999999997,0.0001573440757302938,5.309079061812188e-06,0.0042,-0.0809533559242697,-0.00210074557107863,stop_intrabar,False,False,False
412,PF_ETHUSD,1,0.01,2026-07-13T15:26:00+00:00,2026-07-13T15:41:00+00:00,2026-07-13T15:42:00+00:00,1782.0,1782.4,1776.4,1776.0,17.824,0.46350782974049093,38.45458233139085,38.372743544224214,1.7824000000000002,1.7824000000000002,0.04635078297404909,10.0,stop_risk,1776.4,1776.4,0.0817920000000009,0.009613645582847713,-0.06400000000000092,0.017792000000000002,-4.67871666291127e-05,2.9241979143195438e-06,0.00800000000000182,-0.08183878716663003,-0.00212819337007398,stop_intrabar,False,False,False
413,PF_XBTUSD,-1,0.0003,2026-07-13T16:26:00+00:00,2026-07-13T17:26:00+00:00,2026-07-13T17:26:00+00:00,62258.0,62251.0,62137.0,62144.0,18.6753,0.48668138566836894,38.372743544224214,38.386526626890465,1.8675300000000001,1.8675300000000001,0.0486681385668369,10.0,stop_risk,62405.0,62405.0,0.06699945,0.009593185886056054,0.0321,0.01865925,0.00034233266628782633,0.0,0.0042,0.013783082666287824,0.000359189398339552,time_exit,False,False,False
414,PF_XBTUSD,-1,0.0005,2026-07-13T17:31:00+00:00,2026-07-13T18:31:00+00:00,2026-07-13T18:31:00+00:00,62167.0,62160.0,61861.0,61868.0,31.080000000000002,0.809659084347264,38.386526626890465,38.5021686478211,3.1080000000000005,3.1080000000000005,0.08096590843472641,9.999999999999998,stop_risk,62243.0,62243.0,0.07610249999999999,0.009596631656722617,0.146,0.031007000000000003,0.0006490209305044851,0.0,0.007,0.11564202093050446,0.0030125679787213443,time_exit,False,False,False
415,PF_XBTUSD,1,0.0005,2026-07-13T20:01:00+00:00,2026-07-13T20:15:00+00:00,2026-07-13T20:16:00+00:00,62198.0,62205.0,62117.0,62110.0,31.1025,0.8078116400271946,38.5021686478211,38.423402315452265,3.11025,3.11025,0.08078116400271947,10.0,stop_risk,62117.0,62117.0,0.07857875,0.009625542161955276,-0.0475,0.03107875,-0.00018758236878879423,1.2505491252586285e-05,0.007,-0.0787663323687888,-0.0020457635280044495,stop_intrabar,False,False,False
416,PF_ETHUSD,-1,0.013,2026-07-13T21:36:00+00:00,2026-07-13T21:58:00+00:00,2026-07-13T21:59:00+00:00,1756.6,1756.2,1760.4,1760.8,22.8306,0.5941847578349015,38.423402315452265,38.34083721286865,2.2830600000000003,2.2830600000000003,0.05941847578349017,9.999999999999998,stop_risk,1760.4,1760.4,0.0826604999999988,0.009605850578863068,-0.05979999999999881,0.0228605,9.539741646435274e-05,4.336246202925127e-06,0.010399999999996452,-0.08256510258353447,-0.002148823311004145,stop_intrabar,False,False,False
417,PF_ETHUSD,1,0.013,2026-07-13T23:56:00+00:00,2026-07-14T00:56:00+00:00,2026-07-14T00:56:00+00:00,1772.7,1773.1,1784.7,1784.3,23.050299999999996,0.6011944880604598,38.34083721286865,38.462739214565225,2.30503,2.30503,0.06011944880604599,9.999999999999998,stop_risk,1769.1,1769.1,0.08022169999999823,0.009585209303217164,0.1456000000000006,0.023123099999999997,-0.0005748983033161331,0.0,0.010399999999999408,0.12190200169668446,0.0031794298340404913,time_exit,False,False,False
418,PF_ETHUSD,1,0.011,2026-07-14T01:01:00+00:00,2026-07-14T02:01:00+00:00,2026-07-14T02:01:00+00:00,1783.3,1783.7,1781.3,1780.8,19.6207,0.5101222741975162,38.462739214565225,38.41095892600053,1.96207,1.96207,0.051012227419751616,10.0,stop_risk,1778.2,1778.2,0.084488250000001,0.009615684803641307,-0.031900000000001,0.01960475,-0.0002755385644888186,0.0,0.009900000000001,-0.05178028856448982,-0.0013462454734602326,time_exit,False,False,False
419,PF_XBTUSD,1,0.0006,2026-07-14T04:41:00+00:00,2026-07-14T05:41:00+00:00,2026-07-14T05:41:00+00:00,62651.0,62658.0,62685.0,62678.0,37.5948,0.9787519252624524,38.41095892600053,38.3855599729873,3.75948,3.75948,0.09787519252624523,10.0,stop_risk,62589.0,62589.0,0.083172,0.009602739731500134,0.011999999999999999,0.037600800000000004,0.0002018469866088239,0.0,0.0084,-0.025398953013391175,-0.000661242356961792,time_exit,False,False,False
420,PF_XBTUSD,1,0.0004,2026-07-14T08:46:00+00:00,2026-07-14T08:51:00+00:00,2026-07-14T08:52:00+00:00,62708.0,62715.0,62601.0,62594.0,25.086000000000002,0.6535270038434643,38.3855599729873,38.312086637784596,2.5086000000000004,2.5086000000000004,0.06535270038434643,10.0,stop_risk,62601.0,62601.0,0.0734618,0.009596389993246827,-0.048400000000000006,0.025061800000000002,-1.1535202706195835e-05,1.9225337843659724e-06,0.0056,-0.0734733352027062,-0.0019140878823810537,stop_intrabar,False,False,False
421,PF_XBTUSD,1,0.0005,2026-07-14T10:46:00+00:00,2026-07-14T11:46:00+00:00,2026-07-14T11:46:00+00:00,62726.0,62733.0,62773.0,62766.0,31.366500000000002,0.8187103014395819,38.312086637784596,38.29720806923793,3.1366500000000004,3.1366500000000004,0.08187103014395819,10.0,stop_risk,62633.0,62633.0,0.08483975,0.00957802165944615,0.0165,0.03137475000000001,-3.818546567576083e-06,0.0,0.007,-0.01487856854656758,-0.0003883518192896824,time_exit,False,False,False
422,PF_XBTUSD,1,0.0004,2026-07-14T12:26:00+00:00,2026-07-14T12:29:00+00:00,2026-07-14T12:30:00+00:00,62962.0,62969.0,62831.0,62824.0,25.1876,0.6576876297212859,38.29720806923793,38.21405227441557,2.5187600000000003,2.5187600000000003,0.0657687629721286,9.999999999999998,stop_risk,62831.0,62831.0,0.0831586,0.009574302017309484,-0.058,0.025158600000000003,2.8051776361875005e-06,9.350592120625002e-07,0.0056,-0.08315579482236381,-0.002171327859514604,stop_intrabar,False,False,False
423,PF_ETHUSD,1,0.007,2026-07-14T12:41:00+00:00,2026-07-14T12:48:00+00:00,2026-07-14T12:49:00+00:00,1820.5,1821.2,1850.8,1850.4,12.7484,0.33360502854953944,38.21405227441557,38.405614295628425,1.2748400000000002,1.2748400000000002,0.03336050285495395,9.999999999999998,stop_risk,1812.3,1812.3,0.07991480000000095,0.009553513068603893,0.20440000000000033,0.0128506,1.2621212863014584e-05,1.8030304090020835e-06,0.007699999999999364,0.19156202121286336,0.005012868560425212,target_intrabar,False,False,True
424,PF_ETHUSD,1,0.004,2026-07-14T12:56:00+00:00,2026-07-14T13:56:00+00:00,2026-07-14T13:56:00+00:00,1847.0,1847.6,1868.8,1868.4,7.3904,0.19243019895768787,38.405614295628425,38.48142557539914,0.73904,0.73904,0.01924301989576879,9.999999999999998,stop_risk,1831.0,1831.0,0.07615599999999927,0.009601403573907107,0.08320000000000073,0.007432,4.3279770909300064e-05,0.0,0.00399999999999909,0.07581127977091004,0.0019739634728232784,time_exit,False,False,False
425,PF_XBTUSD,1,0.0004,2026-07-14T15:06:00+00:00,2026-07-14T15:31:00+00:00,2026-07-14T15:32:00+00:00,64184.0,64192.0,64745.0,64738.0,25.6768,0.6672517874809442,38.48142557539914,38.67389126863127,2.56768,2.56768,0.06672517874809443,10.0,stop_risk,64074.0,64074.0,0.07605160000000001,0.009620356393849786,0.2184,0.025786000000000003,-0.00014830676783422498,5.7041064551625e-06,0.006,0.19246569323216578,0.005001521912306895,target_intrabar,False,False,True
426,PF_XBTUSD,1,0.0002,2026-07-14T15:36:00+00:00,2026-07-14T16:36:00+00:00,2026-07-14T16:36:00+00:00,64739.0,64746.0,64841.0,64834.0,12.949200000000001,0.3348305426535449,38.67389126863127,38.678430114312654,1.2949200000000003,1.2949200000000003,0.033483054265354494,9.999999999999998,stop_risk,64477.0,64477.0,0.0681216,0.009668472817157818,0.0176,0.012958,-0.00010315431853623,0.0,0.0028,0.0045388456814637705,0.00011736201174939092,time_exit,False,False,False
427,PF_ETHUSD,-1,0.011,2026-07-14T17:16:00+00:00,2026-07-14T17:56:00+00:00,2026-07-14T17:57:00+00:00,1866.7,1866.3,1871.8,1872.2,20.5293,0.5307686981949996,38.678430114312654,38.592762631029615,2.05293,2.05293,0.05307686981949997,10.0,stop_risk,1871.8,1871.8,0.085461750000001,0.009669607528578164,-0.064900000000001,0.02056175,-0.00020573328294408254,5.0178849498556695e-06,0.008800000000002,-0.08566748328294509,-0.0022148645389628804,stop_intrabar,False,False,False
428,PF_ETHUSD,1,0.01,2026-07-14T19:21:00+00:00,2026-07-14T20:21:00+00:00,2026-07-14T20:21:00+00:00,1877.9,1878.3,1875.3,1874.9,18.783,0.48669747174041295,38.592762631029615,38.539759870562364,1.8783000000000003,1.8783000000000003,0.0486697471740413,9.999999999999998,stop_risk,1872.1,1872.1,0.08474999999999909,0.009648190657757405,-0.033999999999998635,0.018766,-0.00023676046732112516,0.0,0.007999999999997271,-0.05300276046731976,-0.0013733860147317912,time_exit,False,False,False
429,PF_XBTUSD,1,0.0004,2026-07-14T21:41:00+00:00,2026-07-14T21:51:00+00:00,2026-07-14T21:52:00+00:00,64733.0,64740.0,64629.0,64622.0,25.896,0.6719294590047515,38.539759870562364,38.46666193644164,2.5896000000000003,2.5896000000000003,0.06719294590047516,9.999999999999998,stop_risk,64629.0,64629.0,0.0730724,0.009634939967640591,-0.0472,0.025872400000000004,-2.5534120741557137e-05,2.3212837037779214e-06,0.0056,-0.07309793412074156,-0.0018966888835385712,stop_intrabar,False,False,False
430,PF_ETHUSD,-1,0.01,2026-07-15T01:11:00+00:00,2026-07-15T02:11:00+00:00,2026-07-15T02:11:00+00:00,1873.8,1873.4,1870.1,1870.5,18.734,0.4870191240132596,38.46666193644164,38.47706779352368,1.8734000000000002,1.8734000000000002,0.04870191240132596,10.0,stop_risk,1879.1,1879.1,0.0797644999999991,0.00961666548411041,0.02900000000000091,0.0187195,0.00012535708190013076,0.0,0.007999999999999546,0.010405857081901039,0.00027051624856595585,time_exit,False,False,False
431,PF_XBTUSD,-1,0.0004,2026-07-15T02:26:00+00:00,2026-07-15T03:26:00+00:00,2026-07-15T03:26:00+00:00,64527.0,64520.0,64562.0,64569.0,25.808,0.6707371813905193,38.47706779352368,38.4318073555338,2.5808,2.5808,0.06707371813905193,10.0,stop_risk,64635.0,64635.0,0.07463240000000002,0.009619266948380922,-0.0196,0.025817800000000002,0.00015736200997315994,0.0,0.0056,-0.04526043799002683,-0.0011762964431932337,time_exit,False,False,False
432,PF_ETHUSD,1,0.006,2026-07-15T06:06:00+00:00,2026-07-15T06:56:00+00:00,2026-07-15T06:57:00+00:00,1888.1,1888.6,1878.3,1877.9,11.3316,0.2948495212616734,38.4318073555338,38.356206689735586,1.13316,1.13316,0.029484952126167342,10.0,stop_risk,1878.3,1878.3,0.07609919999999973,0.00960795183888345,-0.06419999999999891,0.0112995,-0.00010116579833757176,1.9836431046582704e-06,0.0053999999999991815,-0.07560066579833649,-0.001967137925597734,stop_intrabar,False,False,False
433,PF_XBTUSD,-1,0.0003,2026-07-15T07:31:00+00:00,2026-07-15T08:31:00+00:00,2026-07-15T08:31:00+00:00,64523.0,64516.0,64590.0,64597.0,19.354799999999997,0.5046067291419485,38.356206689735586,38.31273591537095,1.9354799999999999,1.9354799999999999,0.05046067291419485,10.0,stop_risk,64729.0,64729.0,0.08538779999999999,0.009589051672433898,-0.0243,0.019366949999999997,0.00019617563530181385,0.0,0.0042,-0.043470774364698185,-0.0011333439387355084,time_exit,False,False,False
434,PF_ETHUSD,1,0.01,2026-07-15T09:11:00+00:00,2026-07-15T10:11:00+00:00,2026-07-15T10:11:00+00:00,1883.4,1883.8,1883.1,1882.7,18.838,0.4916902839205032,38.31273591537095,38.282411766168956,1.8838000000000001,1.8838000000000001,0.04916902839205032,10.0,stop_risk,1877.5,1877.5,0.08580450000000045,0.009578183978842738,-0.01099999999999909,0.018832500000000002,-0.0004916492018251445,0.0,0.007999999999997271,-0.030324149201824236,-0.0007914900483433834,time_exit,False,False,False
435,PF_ETHUSD,-1,0.012,2026-07-15T10:36:00+00:00,2026-07-15T10:49:00+00:00,2026-07-15T10:50:00+00:00,1874.3,1873.9,1878.3,1878.7,22.486800000000002,0.5873924594236799,38.282411766168956,38.20241422618628,2.2486800000000002,2.2486800000000002,0.058739245942367985,10.0,stop_risk,1878.3,1878.3,0.08011559999999947,0.00957060294154224,-0.05759999999999946,0.0225156,0.00011806001728559837,9.081539791199875e-06,0.009599999999999454,-0.07999753998271386,-0.002089668239068718,stop_intrabar,False,False,False
436,PF_XBTUSD,1,0.0005,2026-07-15T12:41:00+00:00,2026-07-15T13:02:00+00:00,2026-07-15T13:03:00+00:00,64762.0,64769.0,65225.0,65217.0,32.3845,0.8477082052526848,38.20241422618628,38.393790685979035,3.2384500000000003,3.2384500000000003,0.08477082052526848,10.0,stop_risk,64669.0,64669.0,0.08585775000000001,0.00955060355654657,0.224,0.0324965,-0.00012704020720641978,4.269991967266666e-06,0.0075,0.1913764597927936,0.0050095383673844475,target_intrabar,False,False,True
437,PF_XBTUSD,-1,0.0002,2026-07-15T16:41:00+00:00,2026-07-15T16:46:00+00:00,2026-07-15T16:47:00+00:00,64789.0,64780.0,65016.0,65024.0,12.956000000000001,0.33745039936187865,38.393790685979035,38.332004756567095,1.2956000000000003,1.2956000000000003,0.03374503993618787,9.999999999999998,stop_risk,65016.0,65016.0,0.06218060000000001,0.009598447671494759,-0.0488,0.012980400000000003,-5.52941195595e-06,9.21568659325e-07,0.0034000000000000002,-0.06178592941195596,-0.0016092687986268431,stop_intrabar,False,False,False
438,PF_XBTUSD,-1,0.0004,2026-07-15T19:01:00+00:00,2026-07-15T19:41:00+00:00,2026-07-15T19:42:00+00:00,64822.0,64815.0,64929.0,64936.0,25.926000000000002,0.6763538762098875,38.332004756567095,38.257683846265586,2.5926000000000005,2.5926000000000005,0.06763538762098877,9.999999999999998,stop_risk,64929.0,64929.0,0.0743502,0.009583001189141774,-0.048400000000000006,0.0259502,2.9289698546260902e-05,7.322424636565227e-07,0.0056,-0.07432091030145374,-0.0019388735541863611,stop_intrabar,False,False,False
439,PF_XBTUSD,-1,0.0006,2026-07-15T21:41:00+00:00,2026-07-15T22:02:00+00:00,2026-07-15T22:03:00+00:00,64772.0,64765.0,64830.0,64837.0,38.858999999999995,1.0157175263445308,38.257683846265586,38.17564258486275,3.8858999999999995,3.8858999999999995,0.10157175263445307,10.0,stop_risk,64830.0,64830.0,0.08208059999999999,0.009564420961566398,-0.043199999999999995,0.038880599999999994,3.933859714266704e-05,2.4007947214412497e-06,0.0084,-0.08204126140285732,-0.0021444387938520104,stop_intrabar,False,False,False
440,PF_XBTUSD,-1,0.0005,2026-07-16T00:31:00+00:00,2026-07-16T01:31:00+00:00,2026-07-16T01:31:00+00:00,64549.0,64542.0,64541.0,64548.0,32.271,0.8453295822922432,38.17564258486275,38.140383454441135,3.2271,3.2271,0.08453295822922433,10.0,stop_risk,64628.0,64628.0,0.07879425000000001,0.009543910646215688,-0.003,0.0322725,1.3369578403851414e-05,0.0,0.007,-0.035259130421596147,-0.00092360280100634,time_exit,False,False,False
441,PF_XBTUSD,1,0.0003,2026-07-16T05:21:00+00:00,2026-07-16T06:21:00+00:00,2026-07-16T06:21:00+00:00,64781.0,64788.0,64833.0,64826.0,19.4364,0.5096015886472895,38.140383454441135,38.13210004907967,1.94364,1.94364,0.050960158864728954,10.0,stop_risk,64644.0,64644.0,0.06471375,0.009535095863610284,0.011399999999999999,0.019442099999999997,-0.00024130536135375945,0.0,0.0042,-0.00828340536135376,-0.00021718201578251896,time_exit,False,False,False
442,PF_XBTUSD,-1,0.0004,2026-07-16T07:26:00+00:00,2026-07-16T08:10:00+00:00,2026-07-16T08:11:00+00:00,64529.0,64522.0,63974.0,63981.0,25.8088,0.676826085287241,38.13210004907967,38.32299036279867,2.5808800000000005,2.5808800000000005,0.06768260852872411,9.999999999999998,stop_risk,64631.0,64631.0,0.07223199999999999,0.009533025012269918,0.2164,0.025700600000000004,0.00019091371897857006,2.992142670451524e-06,0.0056,0.19089031371897855,0.005006026772018442,target_intrabar,False,False,True
443,PF_XBTUSD,-1,0.0003,2026-07-16T08:21:00+00:00,2026-07-16T08:28:00+00:00,2026-07-16T08:29:00+00:00,63932.0,63925.0,64070.0,64077.0,19.1775,0.5004176296904064,38.32299036279867,38.25820577154768,1.9177499999999998,1.9177499999999998,0.05004176296904064,10.0,stop_risk,64070.0,64070.0,0.06480029999999999,0.009580747590699669,-0.045599999999999995,0.0192003,1.57087490198705e-05,2.244107002838643e-06,0.0042,-0.06478459125098011,-0.0016904889372586266,stop_intrabar,False,False,False
444,PF_XBTUSD,-1,0.0003,2026-07-16T12:46:00+00:00,2026-07-16T12:54:00+00:00,2026-07-16T12:55:00+00:00,63826.0,63819.0,63978.0,63985.0,19.145699999999998,0.5004338184159829,38.25820577154768,38.18926624141493,1.9145699999999999,1.9145699999999999,0.05004338184159829,10.0,stop_risk,63978.0,63978.0,0.06897059999999999,0.00956455144288692,-0.0498,0.0191706,3.1069867252389996e-05,3.8837334065487495e-06,0.0042,-0.0689395301327476,-0.0018019540839005414,stop_intrabar,False,False,False
445,PF_XBTUSD,1,0.0003,2026-07-16T14:16:00+00:00,2026-07-16T14:55:00+00:00,2026-07-16T14:56:00+00:00,64553.0,64560.0,64373.0,64366.0,19.368,0.5071582124035701,38.18926624141493,38.11160350903534,1.9367999999999999,1.9367999999999999,0.050715821240357006,10.0,stop_risk,64373.0,64373.0,0.0775389,0.009547316560353732,-0.058199999999999995,0.0193389,-0.00012383237958926255,3.0958094897315655e-06,0.0042,-0.07766273237958926,-0.0020336272472123787,stop_intrabar,False,False,False
446,PF_XBTUSD,-1,0.0004,2026-07-16T17:16:00+00:00,2026-07-16T18:16:00+00:00,2026-07-16T18:16:00+00:00,64170.0,64163.0,64112.0,64119.0,25.665200000000002,0.6734222031333686,38.11160350903534,38.10358524986169,2.5665200000000006,2.5665200000000006,0.06734222031333688,9.999999999999998,stop_risk,64291.0,64291.0,0.0796922,0.009527900877258836,0.0176,0.025656400000000003,3.814082637632745e-05,0.0,0.0056,-0.008018259173623673,-0.0002103889218862895,time_exit,False,False,False
447,PF_XBTUSD,-1,0.0006,2026-07-16T22:31:00+00:00,2026-07-16T22:31:00+00:00,2026-07-16T22:32:00+00:00,63989.0,63982.0,64047.0,64054.0,38.389199999999995,1.0074957447774378,38.10358524986169,38.02197444986169,3.83892,3.83892,0.1007495744777438,9.999999999999998,stop_risk,64047.0,64047.0,0.0816108,0.009525896312465422,-0.043199999999999995,0.038410799999999995,0.0,6.351355479053119e-06,0.0084,-0.08161079999999998,-0.002141814201074326,stop_intrabar,False,False,False
448,PF_XBTUSD,-1,0.0005,2026-07-16T23:01:00+00:00,2026-07-17T00:01:00+00:00,2026-07-17T00:01:00+00:00,63927.0,63920.0,63792.0,63799.0,31.96,0.8405665529585947,38.02197444986169,38.05076250871812,3.196,3.196,0.08405665529585948,10.0,stop_risk,64013.0,64013.0,0.081985,0.009505493612465422,0.0605,0.03192975,0.0002178088565909011,0.0,0.007,0.0287880588565909,0.0007571426595573766,time_exit,False,False,False
449,PF_XBTUSD,-1,0.0006,2026-07-17T00:41:00+00:00,2026-07-17T00:44:00+00:00,2026-07-17T00:45:00+00:00,63683.0,63676.0,63733.0,63740.0,38.2056,1.0040692349133975,38.05076250871812,37.97414080012489,3.82056,3.82056,0.10040692349133976,10.0,stop_risk,63733.0,63733.0,0.07662479999999999,0.009512690627179531,-0.0384,0.0382248,3.0914067770506374e-06,1.0304689256835458e-06,0.0084,-0.07662170859322294,-0.0020136707792824783,stop_intrabar,False,False,False
450,PF_XBTUSD,1,0.0004,2026-07-17T01:11:00+00:00,2026-07-17T01:20:00+00:00,2026-07-17T01:21:00+00:00,63958.0,63965.0,63833.0,63826.0,25.586000000000002,0.6737742964263684,37.97414080012489,37.892971260352176,2.5586,2.5586,0.06737742964263685,10.0,stop_risk,63833.0,63833.0,0.0811582,0.009493535200031225,-0.055600000000000004,0.025558200000000003,-1.1339772720333335e-05,1.1339772720333335e-06,0.0056,-0.08116953977272034,-0.0021374950969911973,stop_intrabar,False,False,False
451,PF_XBTUSD,-1,0.0003,2026-07-17T05:36:00+00:00,2026-07-17T06:36:00+00:00,2026-07-17T06:36:00+00:00,63093.0,63086.0,62886.0,62893.0,18.9258,0.4994541037694309,37.892971260352176,37.93223683828568,1.89258,1.89258,0.04994541037694309,10.0,stop_risk,63239.0,63239.0,0.06694979999999999,0.009473242815088045,0.05789999999999999,0.01889685,0.0002624279334315188,0.0,0.0042,0.03926557793343152,0.001036223252688435,time_exit,False,False,False
452,PF_XBTUSD,-1,0.0004,2026-07-17T08:41:00+00:00,2026-07-17T08:46:00+00:00,2026-07-17T08:47:00+00:00,62660.0,62653.0,62783.0,62790.0,25.0612,0.6606834209867972,37.93223683828568,37.85236534839173,2.50612,2.50612,0.06606834209867973,10.0,stop_risk,62783.0,62783.0,0.0798886,0.009483059209571421,-0.0548,0.0250886,1.7110106047527084e-05,3.4220212095054167e-06,0.0056,-0.07987148989395247,-0.00210563616995391,stop_intrabar,False,False,False
453,PF_XBTUSD,1,0.0004,2026-07-17T09:46:00+00:00,2026-07-17T10:46:00+00:00,2026-07-17T10:46:00+00:00,63001.0,63008.0,63129.0,63122.0,25.203200000000002,0.6658289321692504,37.85236534839173,37.87242142441229,2.5203200000000003,2.5203200000000003,0.06658289321692505,10.0,stop_risk,62891.0,62891.0,0.07477840000000001,0.009463091337097933,0.0456,0.025226000000000002,-0.0003179239794626642,0.0,0.0056,0.02005607602053733,0.0005298500063587036,time_exit,False,False,False
454,PF_XBTUSD,1,0.0004,2026-07-17T10:51:00+00:00,2026-07-17T11:13:00+00:00,2026-07-17T11:14:00+00:00,63139.0,63146.0,63045.0,63038.0,25.2584,0.6669338545044448,37.87242142441229,37.80382035293689,2.5258400000000005,2.5258400000000005,0.06669338545044448,9.999999999999998,stop_risk,63045.0,63045.0,0.06843679999999999,0.009468105356103073,-0.0432,0.025236800000000004,-0.00016427147541209024,8.160765567794307e-06,0.0056,-0.0686010714754121,-0.001811372732327919,stop_intrabar,False,False,False
455,PF_XBTUSD,1,0.0004,2026-07-17T11:46:00+00:00,2026-07-17T12:19:00+00:00,2026-07-17T12:20:00+00:00,63266.0,63273.0,63170.0,63163.0,25.3092,0.6694878920625753,37.80382035293689,37.73430619799802,2.53092,2.53092,0.06694878920625753,10.0,stop_risk,63170.0,63170.0,0.06928720000000001,0.009450955088234222,-0.044000000000000004,0.025287200000000003,-0.00022695493886156214,5.635211045622082e-06,0.0056,-0.06951415493886157,-0.0018388129636072927,stop_intrabar,False,False,False
456,PF_ETHUSD,-1,0.011,2026-07-17T12:46:00+00:00,2026-07-17T13:06:00+00:00,2026-07-17T13:07:00+00:00,1827.5,1827.1,1807.7,1808.1,20.0981,0.5326214266281195,37.73430619799802,37.92345004177046,2.00981,2.00981,0.05326214266281195,10.0,stop_risk,1832.1,1832.1,0.079527800000001,0.009433576549499507,0.209,0.0199936,0.00013744377248350919,6.0834065345776666e-06,0.0087999999999995,0.1891438437724835,0.005012516800494889,target_intrabar,False,False,True
457,PF_XBTUSD,-1,0.0004,2026-07-17T13:11:00+00:00,2026-07-17T13:57:00+00:00,2026-07-17T13:58:00+00:00,62799.0,62792.0,62925.0,62932.0,25.1168,0.6623026115064773,37.92345004177046,37.84255899348579,2.51168,2.51168,0.06623026115064773,10.0,stop_risk,62925.0,62925.0,0.0811448,0.009480862510442615,-0.056,0.025144800000000002,0.00025375171548983316,5.516341641083333e-06,0.0056,-0.08089104828451017,-0.0021330086844792186,stop_intrabar,False,False,False
458,PF_XBTUSD,1,0.0002,2026-07-17T14:16:00+00:00,2026-07-17T14:32:00+00:00,2026-07-17T14:33:00+00:00,63389.0,63396.0,63058.0,63051.0,12.6792,0.33505133736285103,37.84255899348579,37.76089802042335,1.2679200000000002,1.2679200000000002,0.03350513373628511,9.999999999999998,stop_risk,63058.0,63058.0,0.0816447,0.009460639748371448,-0.069,0.0126447,-1.627306241560964e-05,9.572389656240965e-07,0.0028,-0.08166097306241561,-0.002157913609290342,stop_intrabar,False,False,False
459,PF_ETHUSD,1,0.009,2026-07-17T16:51:00+00:00,2026-07-17T17:51:00+00:00,2026-07-17T17:51:00+00:00,1837.9,1838.3,1843.4,1843.0,16.5447,0.4381437112817507,37.76089802042335,37.78644301080813,1.6544699999999999,1.6544699999999999,0.04381437112817507,10.0,stop_risk,1831.9,1831.9,0.07771409999999959,0.009440224505105838,0.04230000000000041,0.01656585,-0.00018915961530220691,0.0,0.00719999999999959,0.0255449903846982,0.0006764931906778791,time_exit,False,False,False
460,PF_XBTUSD,-1,0.0005,2026-07-17T22:36:00+00:00,2026-07-17T23:35:00+00:00,2026-07-17T23:36:00+00:00,63893.0,63886.0,63973.0,63980.0,31.943,0.8453560974464647,37.78644301080813,37.70751284203085,3.1943,3.1943,0.08453560974464647,10.0,stop_risk,63973.0,63973.0,0.0789665,0.009446610752702034,-0.047,0.0319665,3.633122273517569e-05,9.364470863073319e-08,0.007,-0.07893016877726482,-0.0020888488698099545,stop_intrabar,False,False,False
461,PF_XBTUSD,1,0.0008,2026-07-18T06:26:00+00:00,2026-07-18T06:31:00+00:00,2026-07-18T06:32:00+00:00,63947.0,63954.0,63930.0,63923.0,51.1632,1.3568436670522248,37.70751284203085,37.631545291699936,5.116320000000001,5.116320000000001,0.1356843667052225,9.999999999999998,stop_risk,63930.0,63930.0,0.07595080000000001,0.009426878210507715,-0.024800000000000003,0.05115080000000001,-1.6750330900799997e-05,2.7917218167999996e-06,0.0112,-0.07596755033090082,-0.0020146529061503956,stop_intrabar,False,False,False
462,PF_ETHUSD,1,0.021,2026-07-18T08:36:00+00:00,2026-07-18T08:41:00+00:00,2026-07-18T08:42:00+00:00,1847.0,1847.4,1845.7,1845.3,38.7954,1.0309276352931689,37.631545291699936,37.54864578696447,3.8795400000000004,3.8795400000000004,0.1030927635293169,9.999999999999998,stop_risk,1845.7,1845.7,0.08287335000000287,0.009407886322924984,-0.044100000000002866,0.03877335,-2.6154735479775004e-05,4.359122579962501e-06,0.016800000000003822,-0.08289950473548265,-0.002202925872240678,stop_intrabar,False,False,False
463,PF_XBTUSD,1,0.0006,2026-07-18T12:06:00+00:00,2026-07-18T12:17:00+00:00,2026-07-18T12:18:00+00:00,64113.0,64120.0,64059.0,64052.0,38.471999999999994,1.0245908792097125,37.54864578696447,37.46933066859204,3.8471999999999995,3.8471999999999995,0.10245908792097125,10.0,stop_risk,64059.0,64059.0,0.0792516,0.00938716144674112,-0.040799999999999996,0.038451599999999996,-6.351837246815755e-05,5.293197705679796e-06,0.0084,-0.07931511837246814,-0.002112329664895757,stop_intrabar,False,False,False
464,PF_XBTUSD,-1,0.0004,2026-07-18T13:21:00+00:00,2026-07-18T13:30:00+00:00,2026-07-18T13:31:00+00:00,63936.0,63929.0,64037.0,64044.0,25.5716,0.6824674885755274,37.46933066859204,37.39774793349694,2.55716,2.55716,0.06824674885755275,10.0,stop_risk,64037.0,64037.0,0.07159460000000001,0.009367332667148011,-0.046,0.025594600000000002,1.186490492139e-05,1.3183227690433336e-06,0.0056,-0.0715827350950786,-0.00191043538322614,stop_intrabar,False,False,False
465,PF_XBTUSD,-1,0.0008,2026-07-18T15:46:00+00:00,2026-07-18T15:47:00+00:00,2026-07-18T15:48:00+00:00,64017.0,64010.0,64039.0,64046.0,51.208000000000006,1.3692803131103333,37.39774793349694,37.31773233125881,5.120800000000001,5.120800000000001,0.13692803131103334,10.0,stop_risk,64039.0,64039.0,0.08002240000000001,0.009349436983374235,-0.028800000000000003,0.0512224,6.797761873869999e-06,6.797761873869999e-06,0.0112,-0.08001560223812614,-0.0021395834417734187,stop_intrabar,False,False,False
466,PF_XBTUSD,1,0.0006,2026-07-18T17:01:00+00:00,2026-07-18T18:01:00+00:00,2026-07-18T18:01:00+00:00,64244.0,64251.0,64439.0,64432.0,38.550599999999996,1.0330370467797285,37.31773233125881,37.38753024676391,3.85506,3.85506,0.10330370467797287,9.999999999999998,stop_risk,64198.0,64198.0,0.07453259999999999,0.009329433082814703,0.10859999999999999,0.0386049,-0.000197184494736341,0.0,0.0084,0.06979791550526365,0.0018703686195529667,time_exit,False,False,False
467,PF_XBTUSD,1,0.0007,2026-07-18T18:26:00+00:00,2026-07-18T18:32:00+00:00,2026-07-18T18:33:00+00:00,64492.0,64499.0,64455.0,64448.0,45.1493,1.2076031688107538,37.38753024676391,37.30664518711094,4.51493,4.51493,0.12076031688107537,10.0,stop_risk,64455.0,64455.0,0.08083145,0.009346882561690978,-0.0357,0.04513145,-5.360965295209787e-05,7.658521850299696e-06,0.0098,-0.08088505965295209,-0.0021634234494521906,stop_intrabar,False,False,False
468,PF_XBTUSD,1,0.0004,2026-07-18T20:21:00+00:00,2026-07-18T21:21:00+00:00,2026-07-18T21:21:00+00:00,64650.0,64657.0,64791.0,64784.0,25.8628,0.693249148249206,37.30664518711094,37.33160265719435,2.5862800000000004,2.5862800000000004,0.06932491482492062,9.999999999999998,stop_risk,64522.0,64522.0,0.08263440000000001,0.009326661296777734,0.050800000000000005,0.0258882,4.567008328232853e-05,0.0,0.0056,0.02495747008328233,0.000668981892049218,time_exit,False,False,False
469,PF_ETHUSD,1,0.01,2026-07-19T02:16:00+00:00,2026-07-19T03:15:00+00:00,2026-07-19T03:16:00+00:00,1870.6,1871.0,1865.4,1865.0,18.71,0.5011839478687451,37.33160265719435,37.25310104150641,1.8710000000000002,1.8710000000000002,0.050118394786874514,10.0,stop_risk,1865.4,1865.4,0.07868,0.009332900664298588,-0.06,0.018680000000000002,0.00017838431208019363,2.3427409620903816e-06,0.00800000000000182,-0.0785016156879198,-0.002102819330013183,stop_intrabar,False,False,False
470,PF_XBTUSD,-1,0.0005,2026-07-19T03:26:00+00:00,2026-07-19T04:26:00+00:00,2026-07-19T04:26:00+00:00,64607.0,64600.0,64633.0,64640.0,32.3,0.8670419132091097,37.25310104150641,37.200727635275015,3.23,3.23,0.08670419132091098,10.0,stop_risk,64680.0,64680.0,0.07582175000000001,0.009313275260376603,-0.02,0.03231,-6.340623143606393e-05,0.0,0.007,-0.05237340623143607,-0.0014058804439684904,time_exit,False,False,False
471,PF_XBTUSD,-1,0.0006,2026-07-19T08:26:00+00:00,2026-07-19T08:50:00+00:00,2026-07-19T08:51:00+00:00,64625.0,64618.0,64673.0,64680.0,38.770799999999994,1.0422054208218277,37.200727635275015,37.12476932822757,3.8770799999999994,3.8770799999999994,0.10422054208218277,10.0,stop_risk,64673.0,64673.0,0.0759894,0.009300181908818754,-0.0372,0.0387894,3.109295251440481e-05,1.295539688100201e-06,0.0084,-0.07595830704748559,-0.0020418500356283163,stop_intrabar,False,False,False
472,PF_XBTUSD,-1,0.0006,2026-07-19T09:26:00+00:00,2026-07-19T10:26:00+00:00,2026-07-19T10:26:00+00:00,64527.0,64520.0,64554.0,64561.0,38.711999999999996,1.0427539537751573,37.12476932822757,37.06158065602669,3.8712,3.8712,0.10427539537751575,9.999999999999998,stop_risk,64581.0,64581.0,0.07953239999999999,0.009281192332056895,-0.024599999999999997,0.038724299999999996,0.0001356277991567299,0.0,0.0084,-0.06318867220084327,-0.0017020623520156981,time_exit,False,False,False
473,PF_ETHUSD,1,0.013,2026-07-19T10:56:00+00:00,2026-07-19T11:01:00+00:00,2026-07-19T11:02:00+00:00,1872.4,1872.8,1869.0,1868.6,24.3464,0.6569174754299358,37.06158065602669,36.982687764574464,2.43464,2.43464,0.06569174754299359,10.0,stop_risk,1869.0,1869.0,0.07891910000000057,0.009265395164006674,-0.054600000000000586,0.0243191,2.620854778363543e-05,2.95865571870542e-06,0.010399999999999408,-0.07889289145221695,-0.002128697428866622,stop_intrabar,False,False,False
474,PF_XBTUSD,-1,0.0005,2026-07-19T11:56:00+00:00,2026-07-19T12:56:00+00:00,2026-07-19T12:56:00+00:00,64423.0,64415.0,64393.0,64400.0,32.2075,0.8708804564186222,36.982687764574464,36.95817757261187,3.2207500000000007,3.2207500000000007,0.08708804564186223,9.999999999999998,stop_risk,64495.0,64495.0,0.0762295,0.009245671941143617,0.0075,0.03220375,0.0001935580372091911,0.0,0.0075,-0.024510191962790816,-0.0006627477191170786,time_exit,False,False,False
475,PF_ETHUSD,-1,0.014,2026-07-19T17:01:00+00:00,2026-07-19T17:11:00+00:00,2026-07-19T17:12:00+00:00,1865.4,1865.0,1868.4,1868.8,26.11,0.7064742288415489,36.95817757261187,36.878838414529355,2.611,2.611,0.07064742288415489,9.999999999999998,stop_risk,1868.4,1868.4,0.07933659999999937,0.009239544393152969,-0.053199999999999366,0.026136600000000003,-2.5580825260375e-06,2.325529569125e-07,0.011199999999999363,-0.07933915808252541,-0.0021467280935767857,stop_intrabar,False,False,False
476,PF_XBTUSD,1,0.0005,2026-07-19T20:11:00+00:00,2026-07-19T21:11:00+00:00,2026-07-19T21:11:00+00:00,64473.0,64480.0,64462.0,64455.0,32.24,0.8742140855309107,36.878838414529355,36.83415071187515,3.224,3.224,0.08742140855309108,10.0,stop_risk,64406.0,64406.0,0.07271975,0.00921970960363234,-0.0125,0.032233750000000005,4.6047345777195994e-05,0.0,0.007,-0.044687702654222804,-0.0012117437689310993,time_exit,False,False,False
477,PF_XBTUSD,1,0.0003,2026-07-19T22:21:00+00:00,2026-07-19T23:00:00+00:00,2026-07-19T23:01:00+00:00,64788.0,64795.0,64618.0,64611.0,19.438499999999998,0.527730370439439,36.83415071187515,36.75960075600627,1.9438499999999999,1.9438499999999999,0.052773037043943906,10.0,stop_risk,64618.0,64618.0,0.0746109,0.009208537677968786,-0.05519999999999999,0.0194109,6.094413101308578e-05,4.704803087373993e-07,0.0042,-0.0745499558689869,-0.0020239357886145688,stop_intrabar,False,False,False
478,PF_ETHUSD,1,0.006,2026-07-20T00:16:00+00:00,2026-07-20T00:21:00+00:00,2026-07-20T00:22:00+00:00,1888.9,1889.3,1878.9,1878.4,11.3358,0.30837658099830717,36.75960075600627,36.68289932458554,1.13358,1.13358,0.030837658099830714,10.0,stop_risk,1878.9,1878.9,0.07610339999999974,0.009189900189001569,-0.06539999999999918,0.0113031,1.668579261374688e-06,3.337158522749376e-07,0.0053999999999991815,-0.07670143142073782,-0.0020865686743946838,stop_intrabar,False,False,False
479,PF_XBTUSD,-1,0.0003,2026-07-20T05:11:00+00:00,2026-07-20T06:11:00+00:00,2026-07-20T06:11:00+00:00,64323.0,64314.0,64086.0,64093.0,19.2942,0.5259726018185449,36.68289932458554,36.7299927346357,1.9294200000000001,1.9294200000000001,0.05259726018185449,10.0,stop_risk,64478.0,64478.0,0.07122015,0.009170724831146386,0.0663,0.019261050000000002,5.44600500096544e-05,0.0,0.0048,0.04709341005000965,0.001283797380171823,time_exit,False,False,False
480,PF_XBTUSD,-1,0.0002,2026-07-20T06:41:00+00:00,2026-07-20T07:30:00+00:00,2026-07-20T07:31:00+00:00,63833.0,63826.0,64099.0,64106.0,12.7652,0.3475415879394567,36.7299927346357,36.66132447806099,1.27652,1.27652,0.03475415879394567,10.0,stop_risk,64099.0,64099.0,0.0687932,0.009182498183658926,-0.056,0.012793200000000001,0.00012494342520860539,3.305040256029238e-06,0.0028,-0.06866825657479139,-0.001869541795744449,stop_intrabar,False,False,False
481,PF_ETHUSD,1,0.018,2026-07-20T10:31:00+00:00,2026-07-20T11:30:00+00:00,2026-07-20T11:31:00+00:00,1866.7,1867.1,1879.6,1879.2,33.6078,0.9167099246540235,36.66132447806099,36.84518698912268,3.36078,3.36078,0.09167099246540236,9.999999999999998,stop_risk,1864.8,1864.8,0.08218349999999672,0.009165331119515249,0.21780000000000244,0.0337167,-0.00022078893838713755,2.1637343741249997e-06,0.014399999999995087,0.18386251106161527,0.005015162809288109,target_intrabar,False,False,True
482,PF_XBTUSD,1,0.0003,2026-07-20T11:41:00+00:00,2026-07-20T12:03:00+00:00,2026-07-20T12:04:00+00:00,64838.0,64845.0,64673.0,64666.0,19.4535,0.5279794076155184,36.84518698912268,36.771958146171926,1.94535,1.94535,0.052797940761551844,10.0,stop_risk,64673.0,64673.0,0.07312664999999999,0.00921129674728067,-0.0537,0.019426649999999997,-0.00010219295074446508,3.598184565737608e-06,0.0042,-0.07322884295074447,-0.001987473777032611,stop_intrabar,False,False,False
483,PF_XBTUSD,1,0.0002,2026-07-20T15:16:00+00:00,2026-07-20T16:16:00+00:00,2026-07-20T16:16:00+00:00,64891.0,64898.0,65443.0,65435.0,12.979600000000001,0.3529754914983013,36.771958146171926,36.866095663166654,1.2979600000000002,1.2979600000000002,0.03529754914983014,10.0,stop_risk,64665.0,64665.0,0.060955600000000006,0.009192989536542982,0.10740000000000001,0.013033300000000001,-0.00022918300543765853,0.0,0.003,0.09413751699456235,0.002560035465621848,time_exit,False,False,False
484,PF_ETHUSD,1,0.008,2026-07-20T18:01:00+00:00,2026-07-20T18:44:00+00:00,2026-07-20T18:45:00+00:00,1907.0,1907.4,1900.4,1900.0,15.259200000000002,0.4139087615737309,36.866095663166654,36.791733009413356,1.5259200000000002,1.5259200000000002,0.041390876157373094,10.0,stop_risk,1900.4,1900.4,0.07442960000000073,0.009216523915791664,-0.05920000000000073,0.015229600000000003,6.694624672935919e-05,1.556889458822307e-06,0.006400000000001456,-0.07436265375327138,-0.0020171014156936604,stop_intrabar,False,False,False
485,PF_XBTUSD,-1,0.0003,2026-07-20T18:56:00+00:00,2026-07-20T19:56:00+00:00,2026-07-20T19:56:00+00:00,65165.0,65157.0,65109.0,65117.0,19.547099999999997,0.5312905482054561,36.791733009413356,36.783959390211386,1.9547099999999997,1.9547099999999997,0.05312905482054561,10.0,stop_risk,65339.0,65339.0,0.0765756,0.00919793325235334,0.011999999999999999,0.0195411,-0.00023251920211620316,0.0,0.0048,-0.007773619202116203,-0.0002112871171392574,time_exit,False,False,False
486,PF_XBTUSD,1,0.0004,2026-07-21T00:26:00+00:00,2026-07-21T01:26:00+00:00,2026-07-21T01:26:00+00:00,65358.0,65366.0,65427.0,65419.0,26.1464,0.7108098321508544,36.783959390211386,36.779000222255036,2.61464,2.61464,0.07108098321508544,10.0,stop_risk,65260.0,65260.0,0.0717236,0.009195989847552847,0.0212,0.026157,-2.167956380517146e-06,0.0,0.0064,-0.004959167956380517,-0.00013481876444492285,time_exit,False,False,False
487,PF_ETHUSD,1,0.008,2026-07-21T03:06:00+00:00,2026-07-21T04:06:00+00:00,2026-07-21T04:06:00+00:00,1922.7,1923.1,1929.0,1928.6,15.3848,0.4183039209067633,36.779000222255036,36.80724136838571,1.53848,1.53848,0.04183039209067633,10.0,stop_risk,1915.6,1915.6,0.07855319999999891,0.00919475005556376,0.044,0.0154068,-0.00035205386920433314,0.0,0.006399999999999636,0.028241146130795664,0.0007678606259043143,time_exit,False,False,False
488,PF_XBTUSD,1,0.0003,2026-07-21T07:56:00+00:00,2026-07-21T08:56:00+00:00,2026-07-21T08:56:00+00:00,66168.0,66177.0,66210.0,66202.0,19.853099999999998,0.5393802757805186,36.80724136838571,36.79497426977746,1.98531,1.98531,0.05393802757805186,10.0,stop_risk,66015.0,66015.0,0.07112745,0.009201810342096429,0.0075,0.01985685,8.975139162071551e-05,0.0,0.0050999999999999995,-0.012267098608379283,-0.00033327948937014545,time_exit,False,False,False
489,PF_XBTUSD,1,0.0005,2026-07-21T10:21:00+00:00,2026-07-21T10:50:00+00:00,2026-07-21T10:51:00+00:00,66296.0,66304.0,66223.0,66215.0,33.152,0.9009926126577097,36.79497426977746,36.71755267557155,3.3152000000000004,3.3152000000000004,0.09009926126577097,10.0,stop_risk,66223.0,66223.0,0.07762975,0.009198743567444366,-0.0445,0.03312975,0.0002081557941209997,7.1777860041724065e-06,0.008,-0.07742159420587899,-0.00210413502774131,stop_intrabar,False,False,False
490,PF_ETHUSD,-1,0.012,2026-07-21T11:01:00+00:00,2026-07-21T11:50:00+00:00,2026-07-21T11:51:00+00:00,1932.2,1931.8,1936.1,1936.5,23.1816,0.6313492678781635,36.71755267557155,36.63802585532879,2.31816,2.31816,0.06313492678781636,9.999999999999998,stop_risk,1936.1,1936.1,0.07960980000000055,0.009179388168892888,-0.05640000000000055,0.023209800000000003,8.297975716799365e-05,1.6934644319998716e-06,0.009600000000002183,-0.07952682024283256,-0.0021659074324891572,stop_intrabar,False,False,False
491,PF_ETHUSD,-1,0.014,2026-07-21T13:46:00+00:00,2026-07-21T13:49:00+00:00,2026-07-21T13:50:00+00:00,1928.9,1928.5,1931.9,1932.3,26.999000000000002,0.736911975186926,36.63802585532879,36.55781491664842,2.6999000000000004,2.6999000000000004,0.0736911975186926,10.0,stop_risk,1931.9,1931.9,0.08022559999999937,0.009159506463832198,-0.053199999999999366,0.0270256,1.4661319624875453e-05,4.887106541625151e-06,0.011199999999999363,-0.08021093868037449,-0.0021892811309512264,stop_intrabar,False,False,False
492,PF_XBTUSD,1,0.0003,2026-07-21T14:01:00+00:00,2026-07-21T15:01:00+00:00,2026-07-21T15:01:00+00:00,66696.0,66704.0,66724.0,66716.0,20.0112,0.5473850131805034,36.55781491664842,36.54157607323413,2.00112,2.00112,0.05473850131805034,10.0,stop_risk,66552.0,66552.0,0.0679872,0.009139453729162104,0.0036,0.020013,0.00017415658556389896,0.0,0.0048,-0.016238843414436103,-0.0004441962259358378,time_exit,False,False,False
493,PF_XBTUSD,-1,0.0004,2026-07-21T17:21:00+00:00,2026-07-21T18:21:00+00:00,2026-07-21T18:21:00+00:00,66398.0,66390.0,66221.0,66229.0,26.556,0.7267338427542993,36.54157607323413,36.57898564494706,2.6556,2.6556,0.07267338427542994,10.0,stop_risk,66513.0,66513.0,0.0789822,0.009135394018308533,0.0644,0.026523800000000004,-0.000466628287057255,0.0,0.0064,0.03740957171294274,0.0010237536453810594,time_exit,False,False,False
494,PF_ETHUSD,1,0.02,2026-07-21T21:46:00+00:00,2026-07-21T21:46:00+00:00,2026-07-21T21:47:00+00:00,1924.4,1924.8,1923.1,1922.7,38.496,1.0524075318452073,36.57898564494706,36.49850758993547,3.8496000000000006,3.8496000000000006,0.10524075318452074,9.999999999999998,stop_risk,1923.1,1923.1,0.08047499999999819,0.009144746411236766,-0.041999999999998185,0.038475,-3.0550115981250004e-06,3.0550115981250004e-06,0.015999999999994543,-0.08047805501159631,-0.0022001171873040543,stop_intrabar,False,False,False
495,PF_XBTUSD,-1,0.0006,2026-07-21T22:26:00+00:00,2026-07-21T22:31:00+00:00,2026-07-21T22:32:00+00:00,66230.0,66222.0,66269.0,66277.0,39.7332,1.0886253335727212,36.49850758993547,36.42577247083601,3.9733199999999997,3.9733199999999997,0.10886253335727211,10.0,stop_risk,66269.0,66269.0,0.07274969999999999,0.009124626897483867,-0.032999999999999995,0.0397497,1.4580900542792771e-05,2.9161801085585543e-06,0.0096,-0.07273511909945721,-0.001992824471527544,stop_intrabar,False,False,False
496,PF_XBTUSD,1,0.0004,2026-07-21T23:36:00+00:00,2026-07-22T00:36:00+00:00,2026-07-22T00:36:00+00:00,66383.0,66391.0,66646.0,66638.0,26.5564,0.7290552320136013,36.42577247083601,36.49794511689956,2.65564,2.65564,0.07290552320136014,10.0,stop_risk,66298.0,66298.0,0.06693620000000002,0.009106443117709003,0.0988,0.0266058,-2.15539365167347e-05,0.0,0.0064,0.07217264606348327,0.001981362128181844,time_exit,False,False,False
497,PF_XBTUSD,-1,0.0004,2026-07-22T01:31:00+00:00,2026-07-22T01:48:00+00:00,2026-07-22T01:49:00+00:00,66337.0,66329.0,66436.0,66444.0,26.5316,0.726934075741024,36.49794511689956,36.425395697104115,2.65316,2.65316,0.0726934075741024,10.0,stop_risk,66436.0,66436.0,0.07255460000000001,0.00912448627922489,-0.046,0.0265546,5.180204605223351e-06,3.047179179543147e-07,0.0064,-0.07254941979539477,-0.0019877672445126884,stop_intrabar,False,False,False
498,PF_XBTUSD,-1,0.0005,2026-07-22T05:26:00+00:00,2026-07-22T06:26:00+00:00,2026-07-22T06:26:00+00:00,66069.0,66061.0,65834.0,65842.0,33.0305,0.906798659777524,36.425395697104115,36.50202735675082,3.3030500000000007,3.3030500000000007,0.09067986597775242,9.999999999999998,stop_risk,66137.0,66137.0,0.07505150000000001,0.00910634892427603,0.1095,0.03297575,0.00010740964672960859,0.0,0.008,0.0766316596467296,0.0021037975890217156,time_exit,False,False,False
499,PF_ETHUSD,-1,0.009,2026-07-22T06:31:00+00:00,2026-07-22T07:31:00+00:00,2026-07-22T07:31:00+00:00,1912.3,1911.9,1915.6,1916.0,17.2071,0.47140121374156096,36.50202735675082,36.44780072810855,1.7207100000000002,1.7207100000000002,0.0471401213741561,10.0,stop_risk,1918.6,1918.6,0.08113904999999917,0.009125506839187706,-0.036899999999999177,0.01722555,-0.00010107864241038786,0.0,0.00719999999999959,-0.05422662864240956,-0.0014855785436909625,time_exit,False,False,False
500,PF_XBTUSD,1,0.0004,2026-07-22T08:16:00+00:00,2026-07-22T08:44:00+00:00,2026-07-22T08:45:00+00:00,65996.0,66004.0,65905.0,65897.0,26.401600000000002,0.7243674370629196,36.44780072810855,36.3785573924628,2.6401600000000003,2.6401600000000003,0.07243674370629195,10.0,stop_risk,65905.0,65905.0,0.06918020000000001,0.009111950182027137,-0.042800000000000005,0.026380200000000003,-6.313564566603668e-05,2.177091229863333e-06,0.0064,-0.06924333564566604,-0.001899794617573882,stop_intrabar,False,False,False
501,PF_ETHUSD,1,0.014,2026-07-22T10:51:00+00:00,2026-07-22T11:00:00+00:00,2026-07-22T11:01:00+00:00,1931.5,1931.9,1928.4,1928.0,27.0466,0.743476430585555,36.3785573924628,36.29688965435265,2.7046600000000005,2.7046600000000005,0.07434764305855551,9.999999999999998,stop_risk,1928.4,1928.4,0.08161930000000127,0.009094639348115701,-0.05460000000000127,0.027019300000000003,-4.8438110134838694e-05,4.12008377943735e-06,0.011200000000002546,-0.08166773811013613,-0.0022449416349603984,stop_intrabar,False,False,False
502,PF_XBTUSD,-1,0.0004,2026-07-22T12:26:00+00:00,2026-07-22T13:26:00+00:00,2026-07-22T13:26:00+00:00,65820.0,65812.0,65549.0,65557.0,26.3248,0.7252632457129335,36.29688965435265,36.37294915360218,2.63248,2.63248,0.07252632457129336,10.0,stop_risk,65913.0,65913.0,0.0699466,0.009074222413588162,0.10200000000000001,0.0262738,0.0003332992495543883,0.0,0.0064,0.07605949924955438,0.002095482559906713,time_exit,False,False,False
503,PF_ETHUSD,1,0.009,2026-07-22T13:41:00+00:00,2026-07-22T14:05:00+00:00,2026-07-22T14:06:00+00:00,1931.5,1931.9,1954.5,1954.1,17.3871,0.47802282752972963,36.37294915360218,36.55521570640213,1.7387100000000002,1.7387100000000002,0.04780228275297297,9.999999999999998,stop_risk,1925.6,1925.6,0.0776569500000004,0.009093237288400545,0.19979999999999834,0.017486999999999996,-4.6447200115725576e-05,2.3388013600750973e-06,0.0072000000000016365,0.1822665527998826,0.005011046864255491,target_intrabar,False,False,True
504,PF_XBTUSD,1,0.0004,2026-07-22T16:41:00+00:00,2026-07-22T16:50:00+00:00,2026-07-22T16:51:00+00:00,66247.0,66255.0,66158.0,66150.0,26.502000000000002,0.7249854634384924,36.55521570640213,36.48672396825654,2.6502000000000003,2.6502000000000003,0.07249854634384924,10.0,stop_risk,66158.0,66158.0,0.068481,0.009138803926600533,-0.042,0.026481000000000005,-1.0738145558784802e-05,1.0738145558784803e-06,0.0064,-0.0684917381455588,-0.0018736515931313035,stop_intrabar,False,False,False
505,PF_XBTUSD,-1,0.0003,2026-07-22T18:41:00+00:00,2026-07-22T18:54:00+00:00,2026-07-22T18:55:00+00:00,65714.0,65706.0,65861.0,65869.0,19.711799999999997,0.5402458170031726,36.48672396825654,36.41810477148887,1.9711799999999997,1.9711799999999997,0.054024581700317265,10.0,stop_risk,65861.0,65861.0,0.06863625,0.009121680992064136,-0.0489,0.019736249999999997,1.7053232358885856e-05,1.3117871045296816e-06,0.0048,-0.06861919676764111,-0.001880662041002635,stop_intrabar,False,False,False
506,PF_XBTUSD,1,0.0008,2026-07-22T21:46:00+00:00,2026-07-22T21:46:00+00:00,2026-07-22T21:47:00+00:00,66047.0,66055.0,66030.0,66022.0,52.844,1.4510365196535624,36.41810477148887,36.33886810219482,5.284400000000001,5.284400000000001,0.14510365196535624,9.999999999999998,stop_risk,66030.0,66030.0,0.0792308,0.009104526192872218,-0.0264,0.052830800000000004,-5.869294050224738e-06,5.869294050224738e-06,0.0128,-0.07923666929405022,-0.0021757493914423384,stop_intrabar,False,False,False
507,PF_ETHUSD,1,0.015,2026-07-22T21:51:00+00:00,2026-07-22T22:17:00+00:00,2026-07-22T22:18:00+00:00,1935.8,1936.2,1933.1,1932.7,29.043,0.7992268751553612,36.33886810219482,36.2574538139457,2.9043,2.9043,0.07992268751553612,10.0,stop_risk,1933.1,1933.1,0.08151675,0.009084717025548706,-0.0525,0.02901675,0.0001024617508109987,4.307124013499838e-06,0.011999999999999317,-0.081414288249189,-0.0022404189371069507,stop_intrabar,False,False,False
508,PF_XBTUSD,-1,0.0005,2026-07-22T23:21:00+00:00,2026-07-22T23:26:00+00:00,2026-07-22T23:27:00+00:00,65896.0,65888.0,65951.0,65959.0,32.944,0.9086131687308047,36.2574538139457,36.18901526302971,3.2944000000000004,3.2944000000000004,0.09086131687308047,10.0,stop_risk,65951.0,65951.0,0.06846175,0.009064363453486426,-0.035500000000000004,0.03296175,2.3199084009391545e-05,4.639816801878309e-06,0.008,-0.0684385509159906,-0.0018875718981035312,stop_intrabar,False,False,False
509,PF_XBTUSD,1,0.0003,2026-07-23T00:06:00+00:00,2026-07-23T01:00:00+00:00,2026-07-23T01:01:00+00:00,66146.0,66154.0,66008.0,66000.0,19.8462,0.5484039799301932,36.18901526302971,36.122830292545714,1.98462,1.98462,0.05484039799301932,10.0,stop_risk,66008.0,66008.0,0.06602309999999999,0.009047253815757429,-0.0462,0.0198231,-0.00016187048397038847,1.0198601180165565e-06,0.0048,-0.06618497048397039,-0.0018288690643534645,stop_intrabar,False,False,False
510,PF_XBTUSD,-1,0.0004,2026-07-23T01:26:00+00:00,2026-07-23T02:26:00+00:00,2026-07-23T02:26:00+00:00,65892.0,65884.0,65671.0,65679.0,26.3536,0.7295552365795189,36.122830292545714,36.178330889362776,2.6353600000000004,2.6353600000000004,0.0729555236579519,9.999999999999998,stop_risk,66011.0,66011.0,0.08038060000000001,0.00903070757313643,0.082,0.026312600000000002,-0.00018680318296568571,0.0,0.0064,0.055500596817034314,0.0015364409811621928,time_exit,False,False,False
511,PF_XBTUSD,-1,0.0004,2026-07-23T03:21:00+00:00,2026-07-23T04:21:00+00:00,2026-07-23T04:21:00+00:00,65608.0,65600.0,65647.0,65655.0,26.240000000000002,0.7252960364657159,36.178330889362776,36.129999150734406,2.6240000000000006,2.6240000000000006,0.0725296036465716,9.999999999999998,stop_risk,65696.0,65696.0,0.0678608,0.009044582722340695,-0.022000000000000002,0.026251000000000003,-8.073862843463597e-05,0.0,0.0064,-0.04833173862843464,-0.0013359305816577965,time_exit,False,False,False
512,PF_XBTUSD,-1,0.0003,2026-07-23T07:21:00+00:00,2026-07-23T08:17:00+00:00,2026-07-23T08:18:00+00:00,65411.0,65403.0,65538.0,65546.0,19.6209,0.5430639485526024,36.129999150734406,36.067551392716446,1.96209,1.96209,0.054306394855260245,10.0,stop_risk,65538.0,65538.0,0.06254235,0.009032499787683602,-0.042899999999999994,0.01964235,9.459198210222026e-05,2.5852041096296824e-06,0.0048,-0.06244775801789778,-0.0017284184745580992,stop_intrabar,False,False,False
513,PF_ETHUSD,-1,0.014,2026-07-23T12:16:00+00:00,2026-07-23T12:36:00+00:00,2026-07-23T12:37:00+00:00,1923.1,1922.7,1907.4,1907.9,26.9178,0.7463162582596565,36.067551392716446,36.24804195835886,2.69178,2.69178,0.07463162582596565,10.0,stop_risk,1925.9,1925.9,0.07734299999999873,0.009016887848179111,0.20719999999999936,0.026814200000000003,0.00010476564244999697,5.238282122499851e-06,0.01259999999999809,0.18049056564244934,0.005004236735596583,target_intrabar,False,False,True
514,PF_XBTUSD,-1,0.0004,2026-07-23T12:41:00+00:00,2026-07-23T13:41:00+00:00,2026-07-23T13:41:00+00:00,65137.0,65129.0,64998.0,65007.0,26.0516,0.7187036483219601,36.24804195835886,36.270893402130724,2.60516,2.60516,0.07187036483219601,10.0,stop_risk,65259.0,65259.0,0.08127920000000001,0.009062010489589717,0.0488,0.0260272,7.864377177803535e-05,0.0,0.0068000000000000005,0.022851443771778043,0.0006304187078030144,time_exit,False,False,False
515,PF_XBTUSD,-1,0.0003,2026-07-23T15:16:00+00:00,2026-07-23T15:22:00+00:00,2026-07-23T15:23:00+00:00,64743.0,64736.0,64912.0,64919.0,19.4208,0.5354375968819982,36.270893402130724,36.19658549008727,1.94208,1.94208,0.05354375968819983,10.0,stop_risk,64912.0,64912.0,0.07434824999999999,0.009067723350532682,-0.0549,0.01944825,4.033795655451185e-05,6.7229927590853084e-06,0.0042,-0.07430791204344549,-0.0020486926312953814,stop_intrabar,False,False,False
516,PF_ETHUSD,-1,0.009,2026-07-23T18:06:00+00:00,2026-07-23T18:32:00+00:00,2026-07-23T18:33:00+00:00,1876.3,1875.8,1882.3,1882.7,16.882199999999997,0.46640310878558766,36.19658549008727,36.11771659672846,1.6882199999999998,1.6882199999999998,0.046640310878558765,10.0,stop_risk,1882.3,1882.3,0.0799137,0.009049146372521818,-0.062100000000000814,0.016913249999999998,0.00014435664111082737,5.552178504262594e-06,0.008100000000000818,-0.07886889335888998,-0.0021789042333976187,stop_intrabar,False,False,False
517,PF_ETHUSD,-1,0.011,2026-07-23T19:56:00+00:00,2026-07-23T19:59:00+00:00,2026-07-23T20:00:00+00:00,1870.4,1869.9,1874.6,1875.1,20.5689,0.5694961348100043,36.11771659672846,36.03993051656013,2.05689,2.05689,0.05694961348100044,10.0,stop_risk,1874.6,1874.6,0.077797499999998,0.009029429149182115,-0.057199999999997996,0.020597499999999998,1.1419831681499999e-05,3.8066105604999996e-06,0.011,-0.07778608016831651,-0.002153682112211999,stop_intrabar,False,False,False
518,PF_XBTUSD,1,0.0003,2026-07-23T20:16:00+00:00,2026-07-23T21:16:00+00:00,2026-07-23T21:16:00+00:00,65010.0,65018.0,65004.0,64996.0,19.505399999999998,0.5412163597551162,36.03993051656013,36.01354375475597,1.95054,1.95054,0.05412163597551162,10.0,stop_risk,64880.0,64880.0,0.06298364999999999,0.009009982629140033,-0.006599999999999999,0.0195021,-0.00028466180427921925,0.0,0.0048,-0.026386761804279214,-0.0007321535148952259,time_exit,False,False,False
519,PF_ETHUSD,-1,0.016,2026-07-23T22:21:00+00:00,2026-07-23T22:23:00+00:00,2026-07-23T22:24:00+00:00,1877.6,1877.2,1879.7,1880.1,30.0352,0.8339973484568158,36.01354375475597,35.93708584375815,3.00352,3.00352,0.08339973484568158,10.0,stop_risk,1879.7,1879.7,0.07645839999999783,0.009003385938688994,-0.04639999999999782,0.0300584,4.890021826666667e-07,2.4450109133333334e-07,0.012799999999995634,-0.07645791099781515,-0.002123032143642295,stop_intrabar,False,False,False
520,PF_XBTUSD,-1,0.0003,2026-07-24T00:11:00+00:00,2026-07-24T01:04:00+00:00,2026-07-24T01:05:00+00:00,64860.0,64853.0,64984.0,64991.0,19.4559,0.5413878043586348,35.93708584375815,35.87632441366052,1.9455900000000002,1.9455900000000002,0.05413878043586348,9.999999999999998,stop_risk,64984.0,64984.0,0.060876599999999996,0.008984271460939537,-0.0414,0.0194766,0.00011516990228111421,5.059156909625e-08,0.0042,-0.06076143009771888,-0.0016907723225496993,stop_intrabar,False,False,False
521,PF_ETHUSD,-1,0.011,2026-07-24T02:56:00+00:00,2026-07-24T03:03:00+00:00,2026-07-24T03:04:00+00:00,1865.6,1865.2,1869.7,1870.1,20.5172,0.5718869013289368,35.87632441366052,35.801874653410195,2.05172,2.05172,0.05718869013289368,10.0,stop_risk,1869.7,1869.7,0.0744441499999985,0.008969081103415131,-0.0538999999999985,0.020544149999999997,-5.610250315236569e-06,6.167772067875001e-07,0.008799999999996998,-0.07444976025031373,-0.0020751780308343325,stop_intrabar,False,False,False
522,PF_XBTUSD,1,0.0002,2026-07-24T03:16:00+00:00,2026-07-24T04:16:00+00:00,2026-07-24T04:16:00+00:00,65339.0,65347.0,65327.0,65319.0,13.0694,0.3650479235102041,35.801874653410195,35.78309517717989,1.30694,1.30694,0.03650479235102041,10.0,stop_risk,65131.0,65131.0,0.057847,0.00895046866335255,-0.0056,0.013066600000000001,-0.00011287623046072274,0.0,0.0032,-0.01877947623046072,-0.0005245389078717402,time_exit,False,False,False
523,PF_ETHUSD,1,0.012,2026-07-24T06:26:00+00:00,2026-07-24T07:10:00+00:00,2026-07-24T07:11:00+00:00,1884.5,1884.9,1902.2,1901.8,22.6188,0.6321085386270551,35.78309517717989,35.96287967155711,2.26188,2.26188,0.0632108538627055,10.0,stop_risk,1880.7,1880.7,0.07779120000000164,0.008945773794294972,0.20279999999999837,0.022720200000000003,-0.000295305622840871,5.9717478362e-06,0.009600000000002183,0.17978449437715752,0.005024285727295393,target_intrabar,False,False,True
524,PF_XBTUSD,1,0.0005,2026-07-24T07:16:00+00:00,2026-07-24T07:24:00+00:00,2026-07-24T07:25:00+00:00,65685.0,65693.0,65612.0,65604.0,32.8465,0.9133445458200655,35.96287967155711,35.88552275132387,3.28465,3.28465,0.09133445458200656,10.0,stop_risk,65612.0,65612.0,0.07732425000000001,0.008990719917889278,-0.0445,0.03282425,-3.2670233217729766e-05,3.6300259130810846e-06,0.008,-0.07735692023321773,-0.002151021301400371,stop_intrabar,False,False,False
525,PF_XBTUSD,-1,0.0004,2026-07-24T09:11:00+00:00,2026-07-24T10:11:00+00:00,2026-07-24T10:11:00+00:00,65070.0,65062.0,65028.0,65036.0,26.024800000000003,0.7252172465298673,35.88552275132387,35.87004900482196,2.6024800000000003,2.6024800000000003,0.07252172465298673,10.0,stop_risk,65187.0,65187.0,0.0792514,0.008971380687830967,0.010400000000000001,0.026019600000000004,0.00014585349794831104,0.0,0.0064,-0.015473746502051692,-0.00043119746671325395,time_exit,False,False,False
526,PF_XBTUSD,-1,0.0004,2026-07-24T12:56:00+00:00,2026-07-24T13:15:00+00:00,2026-07-24T13:16:00+00:00,64830.0,64823.0,64303.0,64310.0,25.9292,0.7228649170932099,35.87004900482196,36.049481646253575,2.5929200000000003,2.5929200000000003,0.072286491709321,10.0,stop_risk,64930.0,64930.0,0.071552,0.008967512251205489,0.20520000000000002,0.0258266,5.924143163597498e-05,3.2298247291945887e-06,0.0056,0.17943264143163598,0.0050022970809857304,target_intrabar,False,False,True
527,PF_XBTUSD,-1,0.0002,2026-07-24T13:41:00+00:00,2026-07-24T14:41:00+00:00,2026-07-24T14:41:00+00:00,64221.0,64214.0,63793.0,63800.0,12.8428,0.35625477575583064,36.049481646253575,36.1196554434039,1.28428,1.28428,0.03562547757558307,10.0,stop_risk,64430.0,64430.0,0.05746510000000001,0.009012370411563395,0.0828,0.012801400000000001,0.0001751971503200629,0.0,0.0028,0.07017379715032006,0.0019465965652133818,time_exit,False,False,False
528,PF_XBTUSD,1,0.0005,2026-07-24T18:56:00+00:00,2026-07-24T19:06:00+00:00,2026-07-24T19:07:00+00:00,64219.0,64226.0,64146.0,64139.0,32.113,0.8890727114027444,36.1196554434039,36.043970398277935,3.2113,3.2113,0.08890727114027444,10.0,stop_risk,64146.0,64146.0,0.07559125,0.009029913860850976,-0.043500000000000004,0.03209125,-9.379512596497374e-05,7.354968281740794e-06,0.007,-0.07568504512596497,-0.0020953977604951496,stop_intrabar,False,False,False
529,PF_XBTUSD,-1,0.0006,2026-07-25T00:51:00+00:00,2026-07-25T01:02:00+00:00,2026-07-25T01:03:00+00:00,64034.0,64027.0,64075.0,64082.0,38.416199999999996,1.0658148804227017,36.043970398277935,35.97261261024574,3.84162,3.84162,0.10658148804227018,10.0,stop_risk,64075.0,64075.0,0.0714327,0.009010992599569485,-0.032999999999999995,0.0384327,7.491196783481141e-05,3.752843818513546e-06,0.0084,-0.07135778803216518,-0.001979742721006519,stop_intrabar,False,False,False
530,PF_XBTUSD,-1,0.0006,2026-07-25T01:21:00+00:00,2026-07-25T01:28:00+00:00,2026-07-25T01:29:00+00:00,63947.0,63940.0,64001.0,64008.0,38.364,1.0664780013524273,35.97261261024574,35.89345448015246,3.8364,3.8364,0.10664780013524272,10.0,stop_risk,64001.0,64001.0,0.07918439999999999,0.008993153152561436,-0.040799999999999996,0.0383844,2.6269906729594818e-05,3.752843818513546e-06,0.0084,-0.0791581300932704,-0.0022005110096096976,stop_intrabar,False,False,False
531,PF_XBTUSD,1,0.0006,2026-07-25T04:11:00+00:00,2026-07-25T04:35:00+00:00,2026-07-25T04:36:00+00:00,64063.0,64070.0,64024.0,64017.0,38.442,1.0710030716396155,35.89345448015246,35.82315699996128,3.8442000000000003,3.8442000000000003,0.10710030716396156,10.0,stop_risk,64024.0,64024.0,0.07022609999999999,0.008973363620038114,-0.031799999999999995,0.038426100000000005,-7.138019114566158e-05,2.855207645826464e-06,0.0084,-0.07029748019114566,-0.001958504167661465,stop_intrabar,False,False,False
532,PF_XBTUSD,1,0.0006,2026-07-25T04:51:00+00:00,2026-07-25T04:57:00+00:00,2026-07-25T04:58:00+00:00,64137.0,64144.0,64093.0,64086.0,38.486399999999996,1.074344173519983,35.82315699996128,35.74986801350775,3.8486399999999996,3.8486399999999996,0.10743441735199831,10.0,stop_risk,64093.0,64093.0,0.07326899999999999,0.008955789249990319,-0.0348,0.038469,-1.9986453520785245e-05,2.855207645826464e-06,0.0084,-0.07328898645352079,-0.0020458550443669724,stop_intrabar,False,False,False
533,PF_ETHUSD,-1,0.018,2026-07-25T08:16:00+00:00,2026-07-25T08:21:00+00:00,2026-07-25T08:22:00+00:00,1852.8,1852.4,1854.4,1854.8,33.343199999999996,0.9326803664674114,35.74986801350775,35.67329099873055,3.33432,3.33432,0.09326803664674115,9.999999999999998,stop_risk,1854.4,1854.4,0.07656479999999755,0.008937467003376939,-0.04319999999999754,0.0333648,-1.2214777209598885e-05,2.0357962015998142e-06,0.014399999999995087,-0.07657701477720714,-0.002142022307558541,stop_intrabar,False,False,False
534,PF_XBTUSD,-1,0.0006,2026-07-25T08:56:00+00:00,2026-07-25T08:56:00+00:00,2026-07-25T08:57:00+00:00,63758.0,63751.0,63801.0,63808.0,38.2506,1.072247581569112,35.67329099873055,35.600822790147895,3.82506,3.82506,0.1072247581569112,10.0,stop_risk,63801.0,63801.0,0.0724677,0.008918322749682638,-0.034199999999999994,0.0382677,-5.085826588481202e-07,5.085826588481202e-07,0.0084,-0.07246820858265884,-0.0020314416347299623,stop_intrabar,False,False,False
535,PF_ETHUSD,1,0.016,2026-07-25T09:56:00+00:00,2026-07-25T10:56:00+00:00,2026-07-25T10:56:00+00:00,1856.2,1856.6,1856.3,1855.9,29.7056,0.8344076813927085,35.600822790147895,35.5597789699594,2.9705600000000003,2.9705600000000003,0.08344076813927086,9.999999999999998,stop_risk,1854.0,1854.0,0.0776816,0.008900205697536974,-0.011199999999997089,0.029700000000000004,-0.00014382018856763575,0.0,0.012799999999995634,-0.04104382018856473,-0.001152889651750496,time_exit,False,False,False
536,PF_XBTUSD,1,0.0006,2026-07-25T11:06:00+00:00,2026-07-25T12:06:00+00:00,2026-07-25T12:06:00+00:00,64026.0,64033.0,64014.0,64007.0,38.419799999999995,1.0804285378842404,35.5597789699594,35.5056958062704,3.8419799999999995,3.8419799999999995,0.10804285378842403,10.0,stop_risk,63982.0,63982.0,0.0732024,0.008889944742489851,-0.0156,0.038412,-7.116368910706881e-05,0.0,0.0084,-0.05408316368910707,-0.001520908319896928,time_exit,False,False,False
537,PF_XBTUSD,1,0.0007,2026-07-25T13:06:00+00:00,2026-07-25T14:06:00+00:00,2026-07-25T14:06:00+00:00,64062.0,64069.0,64096.0,64089.0,44.8483,1.2631297312044134,35.5056958062704,35.474574889376036,4.4848300000000005,4.4848300000000005,0.12631297312044135,10.0,stop_risk,64034.0,64034.0,0.0742336,0.008876423951567602,0.014,0.0448553,-0.00026561689436682164,0.0,0.0098,-0.031120916894366822,-0.0008765049152725176,time_exit,False,False,False
538,PF_XBTUSD,-1,0.0006,2026-07-25T16:31:00+00:00,2026-07-25T16:35:00+00:00,2026-07-25T16:36:00+00:00,64086.0,64079.0,64130.0,64137.0,38.447399999999995,1.0838015711222593,35.474574889376036,35.401311277177655,3.84474,3.84474,0.10838015711222594,9.999999999999998,stop_risk,64130.0,64130.0,0.07326479999999999,0.00886864372234401,-0.0348,0.03846479999999999,1.1878016266675215e-06,2.969504066668804e-07,0.0084,-0.07326361219837332,-0.002065242851446104,stop_intrabar,False,False,False
539,PF_XBTUSD,1,0.0007,2026-07-25T17:31:00+00:00,2026-07-25T18:31:00+00:00,2026-07-25T18:31:00+00:00,64196.0,64203.0,64354.0,64347.0,44.942099999999996,1.269503822842095,35.401311277177655,35.456920891026854,4.49421,4.49421,0.1269503822842095,10.0,stop_risk,64165.0,64165.0,0.07642634999999999,0.008850327819294413,0.1008,0.044992500000000005,-0.00019788615069993269,0.0,0.0098,0.05560961384930008,0.0015708348601524886,time_exit,False,False,False
540,PF_XBTUSD,-1,0.0005,2026-07-25T20:46:00+00:00,2026-07-25T21:35:00+00:00,2026-07-25T21:36:00+00:00,64236.0,64229.0,64306.0,64313.0,32.1145,0.905732906100351,35.456920891026854,35.382730468645214,3.21145,3.21145,0.0905732906100351,10.0,stop_risk,64306.0,64306.0,0.07413550000000001,0.008864230222756715,-0.042,0.0321355,-5.4922381532231454e-05,7.110211778987897e-07,0.007,-0.07419042238153224,-0.002092410184447453,stop_intrabar,False,False,False
541,PF_XBTUSD,1,0.0007,2026-07-26T00:31:00+00:00,2026-07-26T00:39:00+00:00,2026-07-26T00:40:00+00:00,64404.0,64411.0,64377.0,64370.0,45.0877,1.2742854890736866,35.382730468645214,35.30891221121001,4.50877,4.50877,0.12742854890736868,10.0,stop_risk,64377.0,64377.0,0.07377335,0.008845682617161304,-0.0287,0.04507335,-4.490743518721913e-05,4.9897150208021255e-06,0.0098,-0.07381825743518722,-0.002086279279678601,stop_intrabar,False,False,False
542,PF_ETHUSD,1,0.015,2026-07-26T04:46:00+00:00,2026-07-26T04:59:00+00:00,2026-07-26T05:00:00+00:00,1886.5,1886.9,1884.0,1883.6,28.3035,0.8015964873314363,35.30891221121001,35.23107291633074,2.83035,2.83035,0.08015964873314364,10.0,stop_risk,1884.0,1884.0,0.07777875000000273,0.008827228052802503,-0.04950000000000273,0.02827875,-6.054487925062282e-05,4.324634232187343e-06,0.012000000000002727,-0.07783929487925335,-0.0022045225979672248,stop_intrabar,False,False,False
543,PF_XBTUSD,-1,0.0006,2026-07-26T06:06:00+00:00,2026-07-26T06:55:00+00:00,2026-07-26T06:56:00+00:00,64337.0,64330.0,64386.0,64393.0,38.598,1.0955669755407471,35.23107291633074,35.15507527698687,3.8598,3.8598,0.10955669755407473,10.0,stop_risk,64386.0,64386.0,0.0764169,0.008807768229082686,-0.03779999999999999,0.038616899999999996,0.0004192606561939247,8.556339922325e-06,0.0084,-0.07599763934380607,-0.002157119640502879,stop_intrabar,False,False,False
544,PF_XBTUSD,1,0.0007,2026-07-26T08:56:00+00:00,2026-07-26T09:56:00+00:00,2026-07-26T09:56:00+00:00,64434.0,64441.0,64485.0,64478.0,45.1087,1.2831347862175948,35.15507527698687,35.13559085071863,4.51087,4.51087,0.12831347862175946,10.0,stop_risk,64403.0,64403.0,0.07659294999999999,0.008788768819246718,0.0259,0.04512165,-0.00026277626828032774,0.0,0.0098,-0.019484426268280328,-0.0005542422001592235,time_exit,False,False,False
545,PF_ETHUSD,1,0.014,2026-07-26T12:11:00+00:00,2026-07-26T12:47:00+00:00,2026-07-26T12:48:00+00:00,1887.2,1887.6,1884.4,1884.0,26.4264,0.7521262446468722,35.13559085071863,35.05871234398342,2.64264,2.64264,0.07521262446468721,10.0,stop_risk,1884.4,1884.4,0.07680119999999872,0.008783897712679657,-0.05039999999999873,0.0264012,-7.730673533563755e-05,2.0893712252875003e-06,0.011199999999999363,-0.07687850673533438,-0.002188052196474219,stop_intrabar,False,False,False
546,PF_XBTUSD,-1,0.0005,2026-07-26T13:11:00+00:00,2026-07-26T13:20:00+00:00,2026-07-26T13:21:00+00:00,64368.0,64361.0,64435.0,64442.0,32.1805,0.9179030788197969,35.05871234398342,34.986063822651154,3.2180500000000003,3.2180500000000003,0.09179030788197969,10.0,stop_risk,64435.0,64435.0,0.07270075,0.008764678085995856,-0.0405,0.03220075,5.222866774530938e-05,5.8031853050343744e-06,0.007,-0.0726485213322547,-0.002072195938614449,stop_intrabar,False,False,False
547,PF_XBTUSD,1,0.0004,2026-07-26T14:11:00+00:00,2026-07-26T15:11:00+00:00,2026-07-26T15:11:00+00:00,64658.0,64665.0,64627.0,64620.0,25.866,0.7393229524509551,34.986063822651154,34.94198573229024,2.5866000000000002,2.5866000000000002,0.07393229524509552,9.999999999999998,stop_risk,64552.0,64552.0,0.073842,0.008746515955662788,-0.018000000000000002,0.025857,-0.00022109036091972964,0.0,0.0056,-0.04407809036091974,-0.0012598756631885552,time_exit,False,False,False
548,PF_ETHUSD,1,0.009,2026-07-26T15:26:00+00:00,2026-07-26T15:36:00+00:00,2026-07-26T15:37:00+00:00,1905.6,1906.0,1927.8,1927.4,17.154,0.4909280237083897,34.94198573229024,35.11731862122413,1.7154,1.7154,0.049092802370838975,10.0,stop_risk,1900.0,1900.0,0.07472520000000081,0.008735496433072561,0.1926000000000008,0.0172503,-1.6811066111676042e-05,1.5282787374250948e-06,0.00719999999999959,0.17533288893388912,0.005017828416427468,target_intrabar,False,False,True
549,PF_XBTUSD,1,0.0006,2026-07-26T15:46:00+00:00,2026-07-26T16:05:00+00:00,2026-07-26T16:06:00+00:00,64718.0,64725.0,64666.0,64659.0,38.834999999999994,1.105864613949454,35.11731862122413,35.03884873188077,3.8834999999999997,3.8834999999999997,0.1105864613949454,9.999999999999998,stop_risk,64666.0,64666.0,0.0784152,0.008779329655306032,-0.039599999999999996,0.038815199999999994,-5.4689343407321586e-05,2.208433763812716e-06,0.0084,-0.07846988934340732,-0.0022345068594155663,stop_intrabar,False,False,False
550,PF_XBTUSD,1,0.0004,2026-07-26T21:26:00+00:00,2026-07-26T22:02:00+00:00,2026-07-26T22:03:00+00:00,64784.0,64791.0,65303.0,65295.0,25.916400000000003,0.7396475894032292,35.03884873188077,35.214433273906174,2.5916400000000004,2.5916400000000004,0.07396475894032292,10.0,stop_risk,64688.0,64688.0,0.0698944,0.008759712182970192,0.2016,0.026017200000000004,1.7420253715149963e-06,1.7194552805483333e-06,0.006,0.1755845420253715,0.005011139017978423,target_intrabar,False,False,True
551,PF_XBTUSD,1,0.0002,2026-07-26T22:11:00+00:00,2026-07-26T23:11:00+00:00,2026-07-26T23:11:00+00:00,65162.0,65170.0,65440.0,65432.0,13.034,0.37013232326127393,35.214433273906174,35.25371062671069,1.3034000000000001,1.3034000000000001,0.037013232326127396,10.0,stop_risk,64963.0,64963.0,0.0558126,0.008803608318476545,0.0524,0.013060200000000001,-6.244719541615912e-05,0.0,0.0032,0.039277352804583845,0.0011153765417456906,time_exit,False,False,False
552,PF_ETHUSD,1,0.012,2026-07-27T04:06:00+00:00,2026-07-27T04:09:00+00:00,2026-07-27T04:10:00+00:00,1953.0,1953.4,1949.6,1949.2,23.440800000000003,0.6649172408603026,35.25371062671069,35.179873316450745,2.3440800000000004,2.3440800000000004,0.06649172408603027,10.0,stop_risk,1949.6,1949.6,0.07381560000000055,0.008813427656677674,-0.05040000000000055,0.0234156,-2.1710259944267185e-05,5.427564986066796e-06,0.009599999999999454,-0.07383731025994482,-0.002094454993455369,stop_intrabar,False,False,False
553,PF_XBTUSD,1,0.0004,2026-07-27T04:26:00+00:00,2026-07-27T04:28:00+00:00,2026-07-27T04:29:00+00:00,65330.0,65338.0,65239.0,65231.0,26.1352,0.7429020498427636,35.179873316450745,35.11094219280378,2.6135200000000003,2.6135200000000003,0.07429020498427637,10.0,stop_risk,65239.0,65239.0,0.06891380000000001,0.008794968329112687,-0.042800000000000005,0.0261138,-1.7323646973039602e-05,5.774548991013201e-06,0.0064,-0.06893112364697304,-0.001959390900215084,stop_intrabar,False,False,False
554,PF_XBTUSD,1,0.0002,2026-07-27T06:11:00+00:00,2026-07-27T06:55:00+00:00,2026-07-27T06:56:00+00:00,65546.0,65554.0,65350.0,65342.0,13.110800000000001,0.3734106572248906,35.11094219280378,35.055373075819745,1.3110800000000002,1.3110800000000002,0.03734106572248906,9.999999999999998,stop_risk,65350.0,65350.0,0.0554896,0.008777735548200946,-0.0424,0.0130896,-7.951698415906569e-05,1.7670440924236838e-06,0.0032,-0.05556911698415907,-0.0015826723384127334,stop_intrabar,False,False,False
555,PF_XBTUSD,-1,0.0004,2026-07-27T07:41:00+00:00,2026-07-27T08:41:00+00:00,2026-07-27T08:41:00+00:00,65200.0,65192.0,65115.0,65123.0,26.076800000000002,0.7438745536554303,35.055373075819745,35.05724570712767,2.60768,2.60768,0.07438745536554303,10.0,stop_risk,65279.0,65279.0,0.06409580000000001,0.008763843268954937,0.027600000000000003,0.026063000000000003,0.00033563130801337124,0.0,0.0064,0.0018726313080133714,5.341923772892499e-05,time_exit,False,False,False
556,PF_ETHUSD,-1,0.012,2026-07-27T09:11:00+00:00,2026-07-27T09:34:00+00:00,2026-07-27T09:35:00+00:00,1957.5,1957.1,1961.1,1961.5,23.4852,0.6699100150707248,35.05724570712767,34.98104271628716,2.34852,2.34852,0.06699100150707249,9.999999999999998,stop_risk,1961.1,1961.1,0.07631160000000109,0.008764311426781917,-0.05280000000000109,0.0235116,0.00010860915953415001,4.7221373710500006e-06,0.009600000000002183,-0.07620299084046694,-0.0021736730682460235,stop_intrabar,False,False,False
557,PF_XBTUSD,1,0.0005,2026-07-27T10:46:00+00:00,2026-07-27T10:51:00+00:00,2026-07-27T10:52:00+00:00,65347.0,65355.0,65286.0,65278.0,32.6775,0.9341488264094931,34.98104271628716,34.90984798570992,3.2677500000000004,3.2677500000000004,0.09341488264094933,10.0,stop_risk,65286.0,65286.0,0.07115825,0.008745260679071791,-0.0385,0.03265825,-3.648057722512392e-05,6.0800962041873195e-06,0.008,-0.07119473057722513,-0.0020352375186368267,stop_intrabar,False,False,False
558,PF_XBTUSD,-1,0.0006,2026-07-27T11:31:00+00:00,2026-07-27T11:37:00+00:00,2026-07-27T11:38:00+00:00,65125.0,65117.0,65160.0,65168.0,39.0702,1.119174165868413,34.90984798570992,34.84022806996944,3.90702,3.90702,0.1119174165868413,10.0,stop_risk,65160.0,65160.0,0.0696855,0.008727461996427481,-0.0306,0.039085499999999995,6.55842594964813e-05,1.0930709916080215e-05,0.0096,-0.06961991574050351,-0.0019942772529116105,stop_intrabar,False,False,False
559,PF_ETHUSD,-1,0.009,2026-07-27T12:21:00+00:00,2026-07-27T12:47:00+00:00,2026-07-27T12:48:00+00:00,1950.7,1950.3,1956.0,1956.4,17.552699999999998,0.5038055423962496,34.84022806996944,34.76786490705815,1.7552699999999999,1.7552699999999999,0.050380554239624974,10.0,stop_risk,1956.0,1956.0,0.07248015000000123,0.00871005701749236,-0.054900000000001226,0.017580149999999996,0.00011698708876074746,4.499503413874902e-06,0.0072000000000016365,-0.07236316291124048,-0.00207700026434712,stop_intrabar,False,False,False
560,PF_XBTUSD,1,0.0003,2026-07-27T13:46:00+00:00,2026-07-27T13:53:00+00:00,2026-07-27T13:54:00+00:00,65572.0,65580.0,65417.0,65406.0,19.674,0.5658673620768132,34.76786490705815,34.695990351127115,1.9674,1.9674,0.05658673620768132,10.0,stop_risk,65417.0,65417.0,0.07094835,0.008691966226764538,-0.052199999999999996,0.0196479,-2.6655931023529205e-05,3.33199137794115e-06,0.005699999999999999,-0.07187455593102351,-0.0020672697654330915,stop_intrabar,False,False,False
561,PF_XBTUSD,-1,0.0001,2026-07-27T14:36:00+00:00,2026-07-27T15:36:00+00:00,2026-07-27T15:36:00+00:00,64643.0,64636.0,64453.0,64460.0,6.4636000000000005,0.18629241980377792,34.695990351127115,34.70723331490938,0.64636,0.64636,0.01862924198037779,10.0,stop_risk,64997.0,64997.0,0.04338205,0.008673997587781779,0.0176,0.0064548,9.776378230510135e-05,0.0,0.0014,0.011242963782305103,0.0003240421636196319,time_exit,False,False,False
562,PF_XBTUSD,1,0.0002,2026-07-27T16:41:00+00:00,2026-07-27T17:41:00+00:00,2026-07-27T17:41:00+00:00,64880.0,64887.0,64975.0,64968.0,12.977400000000001,0.37391052989594614,34.70723331490938,34.71030217091995,1.2977400000000001,1.2977400000000001,0.03739105298959461,10.0,stop_risk,64697.0,64697.0,0.0523577,0.008676808328727345,0.0162,0.0129855,-0.00014564398936569022,0.0,0.0028,0.0030688560106343086,8.842122282665506e-05,time_exit,False,False,False
563,PF_ETHUSD,-1,0.008,2026-07-27T18:41:00+00:00,2026-07-27T18:41:00+00:00,2026-07-27T18:42:00+00:00,1927.2,1926.8,1934.1,1934.5,15.4144,0.444087174006629,34.71030217091995,34.63325666497964,1.5414400000000001,1.5414400000000001,0.0444087174006629,10.0,stop_risk,1934.1,1934.1,0.07704520000000037,0.00867757554272999,-0.06160000000000036,0.015445200000000003,-3.0594031225564187e-07,3.0594031225564187e-07,0.006400000000001456,-0.0770455059403126,-0.0022196725790782886,stop_intrabar,False,False,False
564,PF_ETHUSD,1,0.008,2026-07-27T19:16:00+00:00,2026-07-27T20:16:00+00:00,2026-07-27T20:16:00+00:00,1946.6,1947.0,1942.5,1942.1,15.576,0.4497411303439476,34.63325666497964,34.57851966387317,1.5576,1.5576,0.04497411303439476,10.0,stop_risk,1940.3,1940.3,0.07234759999999928,0.00865831416624491,-0.03920000000000073,0.015556400000000001,1.9398893635730928e-05,0.0,0.006400000000001456,-0.054737001106365,-0.0015804751379824413,time_exit,False,False,False
565,PF_ETHUSD,-1,0.01,2026-07-27T22:31:00+00:00,2026-07-27T22:40:00+00:00,2026-07-27T22:41:00+00:00,1927.2,1926.8,1907.1,1907.5,19.268,0.5572245482830994,34.57851966387317,34.75231412069828,1.9268,1.9268,0.055722454828309946,10.0,stop_risk,1931.9,1931.9,0.0742955,0.008644629915968293,0.19299999999999956,0.0191715,-3.404317490493162e-05,3.404317490493163e-06,0.00800000000000182,0.17379445682509462,0.005026081466601099,target_intrabar,False,False,True
566,PF_XBTUSD,-1,0.0002,2026-07-27T22:51:00+00:00,2026-07-27T23:51:00+00:00,2026-07-27T23:51:00+00:00,64013.0,64006.0,63644.0,63651.0,12.801200000000001,0.36835532608102434,34.75231412069828,34.81048225677334,1.2801200000000001,1.2801200000000001,0.036835532608102434,10.0,stop_risk,64244.0,64244.0,0.06182570000000001,0.008688078530174571,0.07100000000000001,0.012765700000000001,-6.61639248630886e-05,0.0,0.0028,0.05816813607513691,0.001673791732922105,time_exit,False,False,False
567,PF_XBTUSD,-1,0.0002,2026-07-28T01:11:00+00:00,2026-07-28T02:11:00+00:00,2026-07-28T02:11:00+00:00,63105.0,63098.0,63199.0,63206.0,12.6196,0.36252298680936856,34.81048225677334,34.776251402722906,1.2619600000000002,1.2619600000000002,0.036252298680936865,9.999999999999998,stop_risk,63394.0,63394.0,0.0732499,0.008702620564193336,-0.0216,0.0126304,-4.540505032724999e-07,0.0,0.0028,-0.03423085405050327,-0.000983349032570289,time_exit,False,False,False
568,PF_ETHUSD,1,0.014,2026-07-28T03:51:00+00:00,2026-07-28T04:30:00+00:00,2026-07-28T04:31:00+00:00,1879.2,1879.6,1876.5,1876.1,26.3144,0.7566772995533279,34.776251402722906,34.70134506236261,2.63144,2.63144,0.07566772995533279,10.0,stop_risk,1876.5,1876.5,0.0752899,0.008694062850680728,-0.049,0.026289899999999998,0.00038355963975175424,1.087568360083348e-05,0.011199999999999363,-0.07490634036024825,-0.002153950967653266,stop_intrabar,False,False,False
569,PF_XBTUSD,1,0.0004,2026-07-28T05:11:00+00:00,2026-07-28T06:11:00+00:00,2026-07-28T06:11:00+00:00,63408.0,63415.0,63345.0,63338.0,25.366,0.7309803108327403,34.70134506236261,34.64490736477979,2.5366,2.5366,0.07309803108327403,10.0,stop_risk,63323.0,63323.0,0.0649462,0.008675336265590654,-0.0308,0.0253506,-0.00028709758288762466,0.0,0.0056,-0.05643769758288763,-0.0016263835733589605,time_exit,False,False,False
570,PF_ETHUSD,-1,0.013,2026-07-28T10:01:00+00:00,2026-07-28T10:19:00+00:00,2026-07-28T10:20:00+00:00,1874.5,1874.1,1877.4,1877.8,24.3633,0.7032288972077861,34.64490736477979,34.5722468813594,2.43633,2.43633,0.07032288972077862,10.0,stop_risk,1877.4,1877.4,0.07248735000000059,0.008661226841194948,-0.04810000000000059,0.02438735,-0.00017313342038820212,9.112285283589583e-06,0.010399999999999408,-0.07266048342038879,-0.0020972918950349353,stop_intrabar,False,False,False
571,PF_ETHUSD,1,0.012,2026-07-28T12:51:00+00:00,2026-07-28T13:25:00+00:00,2026-07-28T13:26:00+00:00,1887.9,1888.3,1884.6,1884.2,22.6596,0.6554274611586661,34.5722468813594,34.50042200891648,2.26596,2.26596,0.0655427461158666,10.0,stop_risk,1884.6,1884.6,0.07183499999999891,0.008643061720339849,-0.04919999999999891,0.022635000000000002,1.0127557095068678e-05,1.261648148667926e-07,0.009599999999996726,-0.07182487244290385,-0.002077529779576758,stop_intrabar,False,False,False
572,PF_XBTUSD,-1,0.001,2026-07-28T13:36:00+00:00,2026-07-28T13:36:00+00:00,2026-07-28T13:36:00+00:00,63308.0,63301.0,63308.0,63315.0,63.301,1.8347891508005363,34.50042200891648,34.423114008916485,6.330100000000001,6.330100000000001,0.18347891508005365,10.0,stop_risk,63307.0,63307.0,0.0763075,0.00862510550222912,-0.014,0.063308,0.0,0.0,0.014,-0.07730800000000002,-0.002240784184611426,stop_at_open,False,False,False
573,PF_XBTUSD,-1,0.0003,2026-07-28T13:41:00+00:00,2026-07-28T14:00:00+00:00,2026-07-28T14:01:00+00:00,62996.0,62989.0,63114.0,63121.0,18.8967,0.5489538219902261,34.423114008916485,34.36463929544326,1.88967,1.88967,0.05489538219902261,10.0,stop_risk,63114.0,63114.0,0.0585165,0.00860577850222912,-0.039599999999999996,0.0189165,4.178652675898756e-05,3.598631794308021e-06,0.0042,-0.05847471347324101,-0.0016987049300099502,stop_intrabar,False,False,False
574,PF_XBTUSD,-1,0.0003,2026-07-28T17:41:00+00:00,2026-07-28T18:00:00+00:00,2026-07-28T18:01:00+00:00,63528.0,63521.0,63648.0,63655.0,19.056299999999997,0.5545322282060692,34.36463929544326,34.30541148031903,1.9056299999999997,1.9056299999999997,0.055453222820606926,10.0,stop_risk,63648.0,63648.0,0.05927639999999999,0.008591159823860816,-0.0402,0.0190764,4.8584875792753105e-05,3.0347054237730224e-06,0.0042,-0.059227815124207245,-0.001723510455471617,stop_intrabar,False,False,False
575,PF_XBTUSD,1,0.0004,2026-07-28T20:06:00+00:00,2026-07-28T21:06:00+00:00,2026-07-28T21:06:00+00:00,63864.0,63871.0,63909.0,63902.0,25.5484,0.744733815965364,34.30541148031903,34.29178800070895,2.5548400000000004,2.5548400000000004,0.07447338159653642,9.999999999999998,stop_risk,63768.0,63768.0,0.0695264,0.008576352870079759,0.012400000000000001,0.025554600000000004,-0.0004688796101787415,0.0,0.0056,-0.013623479610178742,-0.0003971233406716172,time_exit,False,False,False
576,PF_XBTUSD,-1,0.0005,2026-07-28T22:41:00+00:00,2026-07-28T23:41:00+00:00,2026-07-28T23:41:00+00:00,63822.0,63815.0,63738.0,63745.0,31.907500000000002,0.9304705837835096,34.29178800070895,34.29534140746111,3.1907500000000004,3.1907500000000004,0.09304705837835096,10.0,stop_risk,63884.0,63884.0,0.0699265,0.008572947000177238,0.035,0.03189,0.00044340675213730164,0.0,0.007,0.0035534067521372998,0.00010362267351191593,time_exit,False,False,False
577,PF_XBTUSD,1,0.0003,2026-07-29T00:11:00+00:00,2026-07-29T00:32:00+00:00,2026-07-29T00:33:00+00:00,63947.0,63954.0,63830.0,63823.0,19.1862,0.5594404141381708,34.29534140746111,34.23677633987585,1.91862,1.91862,0.05594404141381708,10.0,stop_risk,63830.0,63830.0,0.05846654999999999,0.008573835351865278,-0.039299999999999995,0.019166549999999997,-9.85175852849443e-05,4.478072058406561e-06,0.0042,-0.05856506758528494,-0.0017076683065923304,stop_intrabar,False,False,False
578,PF_XBTUSD,-1,0.0003,2026-07-29T01:56:00+00:00,2026-07-29T02:26:00+00:00,2026-07-29T02:27:00+00:00,63686.0,63679.0,63820.0,63827.0,19.1037,0.5579876975084761,34.23677633987585,34.17339705521656,1.9103700000000001,1.9103700000000001,0.05579876975084762,10.0,stop_risk,63820.0,63820.0,0.0635259,0.008559194084968963,-0.044399999999999995,0.0191259,0.00014661534075764677,4.869084216758227e-06,0.0042,-0.06337928465924235,-0.0018512047988999472,stop_intrabar,False,False,False
579,PF_ETHUSD,-1,0.007,2026-07-29T03:56:00+00:00,2026-07-29T04:36:00+00:00,2026-07-29T04:37:00+00:00,1889.3,1888.9,1896.9,1897.3,13.2223,0.38691792854645746,34.17339705521656,34.10140764019873,1.3222300000000002,1.3222300000000002,0.038691792854645746,9.999999999999998,stop_risk,1896.9,1896.9,0.07205169999999905,0.008543349263804142,-0.05879999999999905,0.013251700000000002,6.228498224913587e-05,1.6939464751125003e-06,0.00559999999999809,-0.0719894150177499,-0.002106592297553302,stop_intrabar,False,False,False
580,PF_XBTUSD,1,0.0004,2026-07-29T06:21:00+00:00,2026-07-29T07:21:00+00:00,2026-07-29T07:21:00+00:00,64059.0,64066.0,64422.0,64415.0,25.6264,0.7514763106081171,34.10140764019873,34.21497467167249,2.56264,2.56264,0.07514763106081172,10.0,stop_risk,63954.0,63954.0,0.0732026,0.008525351910049682,0.1396,0.025696200000000002,-0.00033676852612407815,0.0,0.0056,0.11356703147387592,0.003330274007223184,time_exit,False,False,False
581,PF_XBTUSD,-1,0.0004,2026-07-29T08:31:00+00:00,2026-07-29T08:43:00+00:00,2026-07-29T08:44:00+00:00,64245.0,64238.0,64326.0,64333.0,25.6952,0.7509928107961966,34.21497467167249,34.15128934032149,2.5695200000000002,2.5695200000000002,0.07509928107961966,9.999999999999998,stop_risk,64326.0,64326.0,0.06371420000000001,0.008553743667918124,-0.038,0.0257142,2.8868649001600012e-05,2.4057207501333338e-06,0.0056,-0.0636853313509984,-0.001861329197584507,stop_intrabar,False,False,False
582,PF_ETHUSD,-1,0.014,2026-07-29T11:01:00+00:00,2026-07-29T11:09:00+00:00,2026-07-29T11:10:00+00:00,1910.7,1910.3,1913.4,1913.8,26.7442,0.7831095257778118,34.15128934032149,34.075506954147826,2.67442,2.67442,0.07831095257778117,10.0,stop_risk,1913.4,1913.4,0.0757687,0.008537822335080372,-0.049,0.0267687,-1.3686173655698664e-05,1.520685961744296e-06,0.011199999999999363,-0.0757823861736557,-0.002219019768726023,stop_intrabar,False,False,False
583,PF_XBTUSD,-1,0.0003,2026-07-29T13:06:00+00:00,2026-07-29T13:32:00+00:00,2026-07-29T13:33:00+00:00,64182.0,64175.0,64311.0,64318.0,19.252499999999998,0.5649952626062543,34.075506954147826,34.013362745868,1.92525,1.92525,0.05649952626062544,10.0,stop_risk,64311.0,64311.0,0.06217394999999999,0.008518876738536957,-0.042899999999999994,0.019273949999999998,2.9741720207845292e-05,1.143912315686357e-06,0.0042,-0.06214420827979215,-0.0018237207259576124,stop_intrabar,False,False,False
584,PF_XBTUSD,-1,0.0003,2026-07-29T16:51:00+00:00,2026-07-29T17:11:00+00:00,2026-07-29T17:12:00+00:00,63634.0,63626.0,63805.0,63813.0,19.087799999999998,0.5611853242096392,34.013362745868,33.938225223427686,1.90878,1.90878,0.05611853242096392,10.0,stop_risk,63805.0,63805.0,0.07521585,0.008503340686467001,-0.0561,0.019115849999999997,7.832755968950207e-05,3.442681091745731e-06,0.0048,-0.07513752244031048,-0.0022090589219802533,stop_intrabar,False,False,False
585,PF_ETHUSD,1,0.006,2026-07-29T17:51:00+00:00,2026-07-29T18:00:00+00:00,2026-07-29T18:01:00+00:00,1902.8,1903.2,1934.0,1933.5,11.4192,0.33647015790670404,33.938225223427686,34.108503459986224,1.14192,1.14192,0.033647015790670406,10.0,stop_risk,1894.1,1894.1,0.0683907,0.008484556305856922,0.18179999999999974,0.011510100000000002,-1.1663441446100503e-05,2.7300817483999357e-06,0.005400000000000546,0.17027823655855362,0.005017299385502631,target_intrabar,False,False,True
586,PF_XBTUSD,1,0.0002,2026-07-29T18:06:00+00:00,2026-07-29T18:19:00+00:00,2026-07-29T18:20:00+00:00,64302.0,64309.0,64116.0,64109.0,12.8618,0.377084852611273,34.108503459986224,34.05562241183323,1.28618,1.28618,0.0377084852611273,10.0,stop_risk,64116.0,64116.0,0.0528418,0.008527125864996555,-0.04,0.0128418,-3.924815304099762e-05,2.803439502928401e-06,0.0028,-0.052881048153041,-0.0015503772604704704,stop_intrabar,False,False,False
587,PF_XBTUSD,-1,0.0002,2026-07-29T19:56:00+00:00,2026-07-29T20:56:00+00:00,2026-07-29T20:56:00+00:00,63591.0,63584.0,63443.0,63450.0,12.716800000000001,0.37341264376895733,34.05562241183323,34.06975743850847,1.2716800000000001,1.2716800000000001,0.037341264376895736,10.0,stop_risk,63885.0,63885.0,0.0743476,0.008513905602958307,0.0268,0.012703400000000002,3.842667514638938e-05,0.0,0.0028,0.01413502667514639,0.00041505706471055206,time_exit,False,False,False
588,PF_ETHUSD,1,0.008,2026-07-29T21:56:00+00:00,2026-07-29T22:56:00+00:00,2026-07-29T22:56:00+00:00,1892.4,1892.8,1904.8,1904.4,15.1424,0.4444528267431926,34.06975743850847,34.14714505208072,1.51424,1.51424,0.044445282674319256,10.0,stop_risk,1886.4,1886.4,0.06951519999999964,0.008517439359627118,0.09280000000000109,0.0151888,-0.00022358642760892847,0.0,0.006399999999997817,0.07738761357239216,0.0022714459799740828,time_exit,False,False,False
589,PF_XBTUSD,-1,0.0004,2026-07-30T00:41:00+00:00,2026-07-30T01:32:00+00:00,2026-07-30T01:33:00+00:00,63737.0,63730.0,63843.0,63850.0,25.492,0.7465338598913608,34.14714505208072,34.07393380819943,2.5492000000000004,2.5492000000000004,0.0746533859891361,9.999999999999998,stop_risk,63843.0,63843.0,0.073516,0.00853678626302018,-0.048,0.025516000000000004,0.0003047561186136222,5.702578454116667e-06,0.0056,-0.07321124388138638,-0.0021439931147897045,stop_intrabar,False,False,False
590,PF_XBTUSD,1,0.0002,2026-07-30T01:56:00+00:00,2026-07-30T02:56:00+00:00,2026-07-30T02:56:00+00:00,64249.0,64256.0,64177.0,64170.0,12.8512,0.3771563351721818,34.07393380819943,34.04369980601339,1.28512,1.28512,0.03771563351721818,10.0,stop_risk,64054.0,64054.0,0.0546303,0.008518483452049858,-0.0172,0.012842600000000001,-0.00019140218599192344,0.0,0.0028,-0.030234002185991926,-0.0008873058906605179,time_exit,False,False,False
591,PF_XBTUSD,-1,0.0005,2026-07-30T05:06:00+00:00,2026-07-30T05:31:00+00:00,2026-07-30T05:32:00+00:00,63937.0,63930.0,63997.0,64004.0,31.965,0.9389402498007512,34.04369980601339,33.97489527214082,3.1965000000000003,3.1965000000000003,0.09389402498007512,9.999999999999998,stop_risk,63997.0,63997.0,0.06898349999999999,0.00851092495150335,-0.037,0.0319835,0.0001789661275112024,7.158645100448094e-06,0.007,-0.0688045338724888,-0.002021065109390236,stop_intrabar,False,False,False
592,PF_XBTUSD,1,0.0003,2026-07-30T08:31:00+00:00,2026-07-30T09:31:00+00:00,2026-07-30T09:31:00+00:00,64209.0,64216.0,64426.0,64419.0,19.264799999999997,0.5670304454417848,33.97489527214082,34.01627014398059,1.9264799999999997,1.9264799999999997,0.05670304454417848,10.0,stop_risk,64059.0,64059.0,0.06844019999999999,0.008493723818035205,0.060899999999999996,0.01929525,-0.00022987816015536964,0.0,0.0042,0.041374871839844625,0.0012178071928825556,time_exit,False,False,False
593,PF_ETHUSD,1,0.013,2026-07-30T09:36:00+00:00,2026-07-30T09:41:00+00:00,2026-07-30T09:42:00+00:00,1918.7,1919.1,1915.8,1915.4,24.948299999999996,0.7334225620387357,34.01627014398059,33.94320360315358,2.49483,2.49483,0.07334225620387357,9.999999999999998,stop_risk,1915.8,1915.8,0.07302424999999764,0.008504067535995148,-0.04809999999999763,0.02492425,-4.2290826991615836e-05,7.0484711652693055e-06,0.010399999999996452,-0.07306654082698924,-0.002147988022135309,stop_intrabar,False,False,False
594,PF_XBTUSD,1,0.0003,2026-07-30T12:16:00+00:00,2026-07-30T12:20:00+00:00,2026-07-30T12:21:00+00:00,64913.0,64920.0,64789.0,64782.0,19.476,0.5737820221008996,33.94320360315358,33.88233736587938,1.9476,1.9476,0.057378202210089956,10.0,stop_risk,64789.0,64789.0,0.060855299999999994,0.008485800900788395,-0.0414,0.019455300000000002,-1.0937274191238039e-05,2.1874548382476077e-06,0.0042,-0.060866237274191236,-0.0017931789228208355,stop_intrabar,False,False,False
595,PF_ETHUSD,1,0.007,2026-07-30T13:51:00+00:00,2026-07-30T14:00:00+00:00,2026-07-30T14:01:00+00:00,1933.7,1934.1,1926.7,1926.3,13.5387,0.39957987118190713,33.88233736587938,33.814191237472095,1.3538700000000001,1.3538700000000001,0.039957987118190715,10.0,stop_risk,1926.7,1926.7,0.06811139999999968,0.008470584341469845,-0.054599999999999684,0.0135114,-3.472840729571657e-05,3.1514999267158976e-06,0.005599999999999682,-0.0681461284072954,-0.0020112581865712954,stop_intrabar,False,False,False
596,PF_XBTUSD,-1,0.0005,2026-07-30T18:56:00+00:00,2026-07-30T19:03:00+00:00,2026-07-30T19:04:00+00:00,64628.0,64621.0,64689.0,64696.0,32.3105,0.9555307643790178,33.814191237472095,33.744337210467044,3.2310499999999998,3.2310499999999998,0.09555307643790178,10.0,stop_risk,64689.0,64689.0,0.06982925000000001,0.008453547809368024,-0.0375,0.032329250000000004,-2.4777005031129163e-05,4.370502903965625e-06,0.007,-0.06985402700503114,-0.0020658198362473487,stop_intrabar,False,False,False
597,PF_ETHUSD,-1,0.015,2026-07-30T21:56:00+00:00,2026-07-30T22:01:00+00:00,2026-07-30T22:02:00+00:00,1917.0,1916.6,1919.3,1919.7,28.749,0.8519651703540481,33.744337210467044,33.66906684248694,2.8749000000000002,2.8749000000000002,0.08519651703540482,9.999999999999998,stop_risk,1919.3,1919.3,0.07527225000000204,0.008436084302616761,-0.04650000000000205,0.02877225,1.882019899854807e-06,1.8819159058125e-06,0.012000000000002727,-0.07527036798010218,-0.0022306073908233207,stop_intrabar,False,False,False
598,PF_ETHUSD,-1,0.011,2026-07-31T00:01:00+00:00,2026-07-31T01:01:00+00:00,2026-07-31T01:01:00+00:00,1918.3,1917.9,1917.7,1918.1,21.0969,0.6265959225628985,33.66906684248694,33.645970678835745,2.10969,2.10969,0.06265959225628985,10.0,stop_risk,1922.4,1922.4,0.07502384999999849,0.008417266710621736,-0.002199999999997999,0.021098,0.00020183634869177022,0.0,0.008799999999996998,-0.023096163651306227,-0.0006859757580854963,time_exit,False,False,False
599,PF_XBTUSD,-1,0.0002,2026-07-31T01:56:00+00:00,2026-07-31T02:56:00+00:00,2026-07-31T02:56:00+00:00,64482.0,64475.0,64197.0,64204.0,12.895000000000001,0.38325540145915055,33.645970678835745,33.68745772857997,1.2895000000000003,1.2895000000000003,0.038325540145915056,9.999999999999998,stop_risk,64761.0,64761.0,0.0715243,0.008411492669708937,0.054200000000000005,0.012867900000000002,0.00015494974405516797,0.0,0.0028,0.04148704974405517,0.0012330465998459566,time_exit,False,False,False
600,PF_XBTUSD,-1,0.0004,2026-07-31T06:56:00+00:00,2026-07-31T07:56:00+00:00,2026-07-31T07:56:00+00:00,64196.0,64189.0,63915.0,63922.0,25.675600000000003,0.7621709007212254,33.68745772857997,33.768758375602765,2.5675600000000003,2.5675600000000003,0.07621709007212255,10.0,stop_risk,64271.0,64271.0,0.0612934,0.008421864432144993,0.1068,0.0256222,0.00012284702296463425,0.0,0.0056,0.08130064702296465,0.0024133803054538694,time_exit,False,False,False
601,PF_XBTUSD,-1,0.0004,2026-07-31T09:26:00+00:00,2026-07-31T10:25:00+00:00,2026-07-31T10:26:00+00:00,63637.0,63630.0,63738.0,63745.0,25.452,0.7537144160558935,33.768758375602765,33.69729309809275,2.5452000000000004,2.5452000000000004,0.07537144160558935,10.0,stop_risk,63738.0,63738.0,0.071475,0.008442189593900692,-0.046,0.025475000000000005,9.722489983480248e-06,1.0290858617151365e-06,0.0056,-0.07146527751001652,-0.00211631344910948,stop_intrabar,False,False,False
602,PF_ETHUSD,-1,0.008,2026-07-31T12:11:00+00:00,2026-07-31T12:57:00+00:00,2026-07-31T12:58:00+00:00,1875.2,1874.8,1881.2,1881.6,14.9984,0.4450921311791926,33.69729309809275,33.627876430463786,1.49984,1.49984,0.044509213117919263,10.0,stop_risk,1881.2,1881.2,0.06942559999999963,0.008424323274523188,-0.054399999999999636,0.0150256,8.932371125233339e-06,1.9418198098333333e-07,0.006399999999999636,-0.0694166676288744,-0.0020600072363914403,stop_intrabar,False,False,False
603,PF_ETHUSD,1,0.012,2026-07-31T13:21:00+00:00,2026-07-31T13:30:00+00:00,2026-07-31T13:31:00+00:00,1885.6,1886.0,1882.4,1882.0,22.632,0.6730130594716197,33.627876430463786,33.55728240527076,2.2632000000000003,2.2632000000000003,0.06730130594716197,10.0,stop_risk,1882.4,1882.4,0.070608,0.008406969107615948,-0.048,0.022608000000000003,1.3974807003301128e-05,1.5527563337001258e-06,0.009600000000002183,-0.0705940251929967,-0.0020992709824830024,stop_intrabar,False,False,False
604,PF_XBTUSD,-1,0.0002,2026-07-31T13:51:00+00:00,2026-07-31T14:06:00+00:00,2026-07-31T14:07:00+00:00,63252.0,63245.0,62336.0,62343.0,12.649000000000001,0.37693755552783537,33.55728240527076,33.72513689467414,1.2649000000000001,1.2649000000000001,0.03769375555278354,10.0,stop_risk,63522.0,63522.0,0.06947740000000001,0.00838932060131769,0.1804,0.0125588,1.328940337667105e-05,1.8211613980679856e-06,0.0028,0.16785448940337666,0.005002028691602636,target_intrabar,False,False,True
605,PF_XBTUSD,-1,0.0001,2026-07-31T14:11:00+00:00,2026-07-31T15:11:00+00:00,2026-07-31T15:11:00+00:00,62524.0,62517.0,62552.0,62559.0,6.2517000000000005,0.18537211633934886,33.72513689467414,33.714739961201076,0.6251700000000001,0.6251700000000001,0.01853721163393489,9.999999999999998,stop_risk,62864.0,62864.0,0.0416694,0.008431284223668534,-0.004200000000000001,0.0062538,5.6866526789664733e-05,0.0,0.0014,-0.010396933473210336,-0.0003082843964631087,time_exit,False,False,False
606,PF_XBTUSD,1,0.0004,2026-07-31T16:16:00+00:00,2026-07-31T17:16:00+00:00,2026-07-31T17:16:00+00:00,62760.0,62767.0,62814.0,62807.0,25.1068,0.7446831869055762,33.714739961201076,33.70530751728506,2.5106800000000002,2.5106800000000002,0.07446831869055763,9.999999999999998,stop_risk,62656.0,62656.0,0.0722832,0.00842868499030027,0.016,0.0251148,-0.00031764391597744943,0.0,0.0056,-0.00943244391597745,-0.0002797721093750777,time_exit,False,False,False
607,PF_ETHUSD,1,0.01,2026-07-31T17:31:00+00:00,2026-07-31T18:31:00+00:00,2026-07-31T18:31:00+00:00,1869.5,1869.9,1868.2,1867.8,18.699,0.5547790949662932,33.70530751728506,33.66545727175103,1.8699000000000003,1.8699000000000003,0.05547790949662932,9.999999999999998,stop_risk,1864.9,1864.9,0.07267200000000092,0.008426326879321265,-0.021000000000001365,0.0186885,-0.00016174553387561134,0.0,0.00800000000000182,-0.03985024553387697,-0.001182313661236902,time_exit,False,False,False
608,PF_ETHUSD,-1,0.014,2026-07-31T21:06:00+00:00,2026-07-31T22:06:00+00:00,2026-07-31T22:06:00+00:00,1860.6,1860.2,1860.5,1860.9,26.0428,0.7735763037400574,33.66545727175103,33.6298066277846,2.60428,2.60428,0.07735763037400574,10.0,stop_risk,1863.3,1863.3,0.0750673,0.008416364317937759,-0.009800000000000636,0.0260477,0.00019705603356022578,0.0,0.011199999999999363,-0.03565064396644041,-0.0010589680597136925,time_exit,False,False,False
609,PF_XBTUSD,-1,0.0005,2026-07-31T23:56:00+00:00,2026-08-01T00:00:00+00:00,2026-08-01T00:00:00+00:00,62809.0,62802.0,62822.0,62829.0,31.401,0.9337252618650745,33.6298066277846,33.58491004985304,3.1401000000000003,3.1401000000000003,0.09337252618650747,9.999999999999998,stop_risk,62859.0,62859.0,0.063417,0.008407451656946152,-0.0135,0.03140775,1.1172068429004858e-05,0.0,0.007,-0.044896577931570994,-0.0013350233746059633,window_end,False,False,False
