number,symbol,direction,quantity_base,entry_utc,exit_earliest_utc,exit_latest_utc,entry_reference,entry_fill,exit_reference,exit_fill,entry_notional_usd,exposure_over_equity_at_entry,equity_at_entry_usd,equity_after_usd,initial_margin_usd,allocated_margin_usd,allocated_margin_fraction_of_equity,nominal_over_allocated_margin,sizing_binding_limit,initial_stop,last_stop,planned_stop_price_loss_and_fees_usd,funding_budget_usd,gross_pnl_after_fill_friction_usd,fees_usd,funding_cashflow_usd,funding_intrabar_bound_width_usd,fill_friction_usd_already_in_gross,net_pnl_usd,net_return_on_entry_equity,exit_reason,same_hour_stop_and_target,actual_loss_exceeds_planned_budget,target_net_achieved
1,PF_ETHUSD,1,0.009,2026-04-01T01:01:00+00:00,2026-04-01T01:06:00+00:00,2026-04-01T01:07:00+00:00,2110.5,2111.9,2103.5,2102.3,19.007099999999998,0.380142,50.0,49.894648764765094,1.90071,1.90071,0.0380142,10.0,stop_risk,2103.5,2103.5,0.10626345000000245,0.0125,-0.08639999999999917,0.0189639,1.2664765102687148e-05,2.5329530205374297e-06,0.02339999999999918,-0.10535123523489649,-0.0021070247046979297,stop_intrabar,False,False,False
2,PF_ETHUSD,-1,0.009,2026-04-01T01:41:00+00:00,2026-04-01T02:41:00+00:00,2026-04-01T02:41:00+00:00,2092.7,2091.5,2087.5,2088.7,18.8235,0.37726490647816513,49.894648764765094,49.90088522540875,1.88235,1.88235,0.03772649064781651,10.0,stop_risk,2100.4,2100.4,0.10976894999999919,0.012473662191191275,0.025200000000001634,0.0188109,-0.00015263935647091056,0.0,0.021599999999996723,0.006236460643530725,0.00012499257531470642,time_exit,False,False,False
3,PF_ETHUSD,1,0.011,2026-04-01T04:31:00+00:00,2026-04-01T05:25:00+00:00,2026-04-01T05:26:00+00:00,2107.9,2109.2,2135.3,2134.0,23.201199999999996,0.4649456596851374,49.90088522540875,50.150535223956176,2.3201199999999997,2.3201199999999997,0.04649456596851374,10.0,stop_risk,2102.8,2102.8,0.107858849999998,0.012475221306352188,0.272800000000002,0.0233376,0.00018759854742498889,3.3998970302153635e-06,0.028599999999998998,0.24964999854742695,0.005002917231221964,target_intrabar,False,False,True
4,PF_ETHUSD,1,0.007,2026-04-01T05:31:00+00:00,2026-04-01T06:31:00+00:00,2026-04-01T06:31:00+00:00,2125.5,2126.8,2141.8,2140.5,14.8876,0.29685824754445317,50.150535223956176,50.231620180349765,1.48876,1.48876,0.029685824754445318,10.0,stop_risk,2115.8,2115.8,0.10094455000000127,0.012537633805989044,0.09589999999999872,0.014935550000000002,0.00012050639355307266,0.0,0.018200000000002547,0.08108495639355179,0.0016168313265541919,time_exit,False,False,False
5,PF_XBTUSD,1,0.0003,2026-04-01T06:41:00+00:00,2026-04-01T07:41:00+00:00,2026-04-01T07:41:00+00:00,68958.0,68993.0,68881.0,68846.0,20.697899999999997,0.4120492216991412,50.231620180349765,50.16683724010866,2.06979,2.06979,0.04120492216991412,10.0,stop_risk,68751.0,68751.0,0.10375635,0.012557905045087442,-0.04409999999999999,0.020675849999999996,-7.090241001790482e-06,0.0,0.020999999999999998,-0.06478294024100179,-0.001289684465848553,time_exit,False,False,False
6,PF_XBTUSD,-1,0.0003,2026-04-01T08:16:00+00:00,2026-04-01T08:26:00+00:00,2026-04-01T08:27:00+00:00,68473.0,68438.0,68698.0,68733.0,20.531399999999998,0.4092623958279959,50.16683724010866,50.05774331185061,2.05314,2.05314,0.040926239582799596,10.0,stop_risk,68698.0,68698.0,0.10907565,0.012541709310027167,-0.0885,0.020575649999999997,-1.827825803681556e-05,1.6616598215286872e-06,0.020999999999999998,-0.1090939282580368,-0.0021746224051536504,stop_intrabar,False,False,False
7,PF_XBTUSD,1,0.0004,2026-04-01T12:01:00+00:00,2026-04-01T12:02:00+00:00,2026-04-01T12:03:00+00:00,68658.0,68693.0,68549.0,68514.0,27.4772,0.5489100822788207,50.05774331185061,49.95870401580534,2.74772,2.74772,0.054891008227882065,10.0,stop_risk,68549.0,68549.0,0.0990414,0.012514435827962654,-0.0716,0.027441399999999998,2.1039547321275744e-06,2.1039547321275744e-06,0.028,-0.09903929604526787,-0.0019785010168810674,stop_intrabar,False,False,False
8,PF_XBTUSD,-1,0.0003,2026-04-01T12:41:00+00:00,2026-04-01T12:44:00+00:00,2026-04-01T12:45:00+00:00,68291.0,68256.0,68451.0,68486.0,20.476799999999997,0.4098745234368328,49.95870401580534,49.86918640394116,2.0476799999999997,2.0476799999999997,0.04098745234368328,10.0,stop_risk,68451.0,68451.0,0.08951129999999999,0.012489676003951336,-0.06899999999999999,0.020511299999999996,-6.311864196382722e-06,1.5779660490956806e-06,0.020999999999999998,-0.08951761186419636,-0.0017918321467241395,stop_intrabar,False,False,False
9,PF_ETHUSD,-1,0.009,2026-04-01T13:11:00+00:00,2026-04-01T13:18:00+00:00,2026-04-01T13:19:00+00:00,2123.4,2122.1,2130.3,2131.6,19.098899999999997,0.38297997976743836,49.86918640394116,49.76452111736489,1.9098899999999999,1.9098899999999999,0.03829799797674384,9.999999999999998,stop_risk,2130.3,2130.3,0.10464165,0.01246729660098529,-0.08549999999999999,0.019141649999999996,-2.3636576266333895e-05,2.9545720332917373e-06,0.02339999999999918,-0.10466528657626632,-0.002098796754542493,stop_intrabar,False,False,False
10,PF_XBTUSD,-1,0.0002,2026-04-01T13:51:00+00:00,2026-04-01T14:21:00+00:00,2026-04-01T14:22:00+00:00,68011.0,67972.0,68337.0,68372.0,13.5944,0.273174536693298,49.76452111736489,49.67086961745886,1.3594400000000002,1.3594400000000002,0.027317453669329805,9.999999999999998,stop_risk,68337.0,68337.0,0.0944348,0.012441130279341225,-0.08,0.013634400000000001,-1.7099906006197772e-05,3.3979917142412456e-07,0.0148,-0.0936514999060062,-0.0018818929189560176,stop_intrabar,False,False,False
11,PF_XBTUSD,1,0.0003,2026-04-01T16:01:00+00:00,2026-04-01T16:07:00+00:00,2026-04-01T16:08:00+00:00,68861.0,68897.0,68682.0,68647.0,20.669099999999997,0.41612116234693414,49.67086961745886,49.57524825111862,2.0669099999999996,2.0669099999999996,0.04161211623469341,10.0,stop_risk,68682.0,68682.0,0.09593144999999999,0.012417717404364717,-0.075,0.020631599999999996,1.023365977863944e-05,1.7056099631065733e-06,0.0213,-0.09562136634022136,-0.0019250995015116731,stop_intrabar,False,False,False
12,PF_ETHUSD,1,0.008,2026-04-01T16:46:00+00:00,2026-04-01T17:34:00+00:00,2026-04-01T17:35:00+00:00,2146.7,2148.0,2138.2,2136.9,17.184,0.34662458799915863,49.57524825111862,49.46941926009876,1.7184000000000001,1.7184000000000001,0.03466245879991586,10.0,stop_risk,2138.2,2138.2,0.10593959999999927,0.012393812062779657,-0.08879999999999927,0.0171396,0.00011060898018960489,2.2213864972443814e-06,0.020799999999999274,-0.10582899101980967,-0.0021347142929823196,stop_intrabar,False,False,False
13,PF_XBTUSD,-1,0.0002,2026-04-01T18:11:00+00:00,2026-04-01T18:41:00+00:00,2026-04-01T18:42:00+00:00,68041.0,68006.0,68289.0,68324.0,13.6012,0.27494157407605774,49.46941926009876,49.39215344692661,1.3601200000000002,1.3601200000000002,0.027494157407605777,9.999999999999998,stop_risk,68289.0,68289.0,0.07723300000000001,0.01236735481502469,-0.0636,0.013633000000000001,-3.28131721045024e-05,1.058489422725884e-06,0.014,-0.07726581317210451,-0.0015618904431818524,stop_intrabar,False,False,False
14,PF_ETHUSD,1,0.011,2026-04-01T19:56:00+00:00,2026-04-01T20:02:00+00:00,2026-04-01T20:03:00+00:00,2142.1,2143.4,2137.0,2135.6,23.5774,0.47735112471527774,49.39215344692661,49.282835405834,2.35774,2.35774,0.04773511247152778,10.0,stop_risk,2137.0,2137.0,0.108235050000003,0.012348038361731654,-0.085800000000002,0.0235345,1.645890739820495e-05,3.1635537802610675e-06,0.029700000000003,-0.10931804109260379,-0.002213267360575185,stop_intrabar,False,False,False
15,PF_ETHUSD,1,0.009,2026-04-01T21:11:00+00:00,2026-04-01T22:11:00+00:00,2026-04-01T22:11:00+00:00,2153.2,2154.5,2149.5,2148.2,19.3905,0.39345341720546767,49.282835405834,49.20701255420408,1.93905,1.93905,0.03934534172054677,10.0,stop_risk,2146.1,2146.1,0.10664684999999836,0.0123207088514585,-0.05670000000000163,0.01936215,0.00023929836993843477,0.0,0.023400000000003272,-0.07582285163006319,-0.001538524539135738,time_exit,False,False,False
16,PF_ETHUSD,-1,0.008,2026-04-01T23:01:00+00:00,2026-04-02T00:01:00+00:00,2026-04-02T00:01:00+00:00,2138.6,2137.3,2137.6,2138.9,17.0984,0.34747892856054263,49.20701255420408,49.176811490317746,1.7098400000000002,1.7098400000000002,0.034747892856054265,10.0,stop_risk,2147.2,2147.2,0.10674319999999855,0.01230175313855102,-0.012799999999999272,0.017104800000000003,-0.00029626388628705,0.0,0.020799999999999274,-0.030201063886286322,-0.0006137552824004157,time_exit,False,False,False
17,PF_XBTUSD,1,0.0003,2026-04-02T00:41:00+00:00,2026-04-02T01:03:00+00:00,2026-04-02T01:04:00+00:00,68424.0,68459.0,68214.0,68179.0,20.537699999999997,0.4176297604012736,49.176811490317746,49.072339256665835,2.0537699999999997,2.0537699999999997,0.04176297604012735,10.0,stop_risk,68214.0,68214.0,0.1044957,0.012294202872579436,-0.08399999999999999,0.0204957,2.3466348124877417e-05,1.4055121614726252e-06,0.020999999999999998,-0.10447223365187511,-0.0021244206463537046,stop_intrabar,False,False,False
18,PF_XBTUSD,-1,0.0001,2026-04-02T01:26:00+00:00,2026-04-02T02:26:00+00:00,2026-04-02T02:26:00+00:00,67437.0,67398.0,66876.0,66910.0,6.739800000000001,0.13734417600816712,49.072339256665835,49.114392655814946,0.6739800000000001,0.6739800000000001,0.013734417600816713,9.999999999999998,stop_risk,67955.0,67955.0,0.06646965,0.01226808481416646,0.0488,0.006715400000000001,-3.120085076176813e-05,0.0,0.0073,0.04205339914923823,0.0008569674848652305,time_exit,False,False,False
19,PF_XBTUSD,-1,0.0003,2026-04-02T03:51:00+00:00,2026-04-02T04:51:00+00:00,2026-04-02T04:51:00+00:00,66551.0,66517.0,66320.0,66354.0,19.955099999999998,0.4062984172448561,49.114392655814946,49.1432737094044,1.99551,1.99551,0.04062984172448562,10.0,stop_risk,66752.0,66752.0,0.10069544999999999,0.012278598163953738,0.0489,0.01993065,-8.829641043539693e-05,0.0,0.020399999999999998,0.028881053589564602,0.00058803645994277,time_exit,False,False,False
20,PF_XBTUSD,1,0.0005,2026-04-02T07:51:00+00:00,2026-04-02T08:16:00+00:00,2026-04-02T08:17:00+00:00,66845.0,66879.0,66771.0,66732.0,33.4395,0.6804491739344746,49.1432737094044,49.0363982900045,3.3439500000000004,3.3439500000000004,0.06804491739344745,10.0,stop_risk,66771.0,66771.0,0.104404,0.012285818427351101,-0.0735,0.03340275,2.7330600065900253e-05,1.3466957520360493e-06,0.0365,-0.1068754193999341,-0.002174772076274635,stop_intrabar,False,False,False
21,PF_XBTUSD,-1,0.0005,2026-04-02T08:51:00+00:00,2026-04-02T09:51:00+00:00,2026-04-02T09:51:00+00:00,66500.0,66466.0,66383.0,66417.0,33.233000000000004,0.677721063514042,49.0363982900045,49.027491651997096,3.3233000000000006,3.3233000000000006,0.06777210635140421,10.0,stop_risk,66572.0,66572.0,0.103268,0.012259099572501125,0.0245,0.03322075000000001,-0.0001858880073007567,0.0,0.034,-0.008906638007300759,-0.0001816332014155345,time_exit,False,False,False
22,PF_XBTUSD,1,0.0003,2026-04-02T14:16:00+00:00,2026-04-02T15:16:00+00:00,2026-04-02T15:16:00+00:00,66316.0,66350.0,66799.0,66765.0,19.904999999999998,0.4059967036716467,49.027491651997096,49.13213499461416,1.9905,1.9905,0.04059967036716467,9.999999999999998,stop_risk,66095.0,66095.0,0.10656165,0.012256872912999275,0.12449999999999999,0.01996725,0.00011059261709799426,0.0,0.020399999999999998,0.10464334261709797,0.0021343809175445633,time_exit,False,False,False
23,PF_XBTUSD,1,0.0002,2026-04-02T16:46:00+00:00,2026-04-02T17:02:00+00:00,2026-04-02T17:03:00+00:00,67164.0,67201.0,66900.0,66865.0,13.4402,0.27355212635219917,49.13213499461416,49.05155584017458,1.3440200000000002,1.3440200000000002,0.027355212635219922,9.999999999999998,stop_risk,66900.0,66900.0,0.0808065,0.01228303374865354,-0.06720000000000001,0.013406600000000001,2.7445560419409686e-05,1.4647705349990495e-06,0.014400000000000001,-0.08057915443958061,-0.0016400499275761912,stop_intrabar,False,False,False
24,PF_XBTUSD,1,0.0003,2026-04-02T17:26:00+00:00,2026-04-02T17:33:00+00:00,2026-04-02T17:34:00+00:00,67300.0,67335.0,67075.0,67040.0,20.200499999999998,0.4118217996146665,49.05155584017458,48.942914970265186,2.02005,2.02005,0.04118217996146665,10.0,stop_risk,67075.0,67075.0,0.10865625,0.012262888960043647,-0.0885,0.02015625,1.5380090617490015e-05,2.1971558024985736e-06,0.020999999999999998,-0.1086408699093825,-0.002214830254587004,stop_intrabar,False,False,False
25,PF_ETHUSD,-1,0.008,2026-04-02T17:56:00+00:00,2026-04-02T18:52:00+00:00,2026-04-02T18:53:00+00:00,2047.9,2046.6,2055.9,2057.1,16.372799999999998,0.3345285014173582,48.942914970265186,48.842249303706836,1.6372799999999998,1.6372799999999998,0.03345285014173582,10.0,stop_risk,2055.9,2055.9,0.10121519999999927,0.012235728742566298,-0.084,0.0164148,-0.00025086655827699525,4.4158147559075284e-06,0.02,-0.100665666558277,-0.002056797528701253,stop_intrabar,False,False,False
26,PF_ETHUSD,1,0.012,2026-04-02T20:01:00+00:00,2026-04-02T21:01:00+00:00,2026-04-02T21:01:00+00:00,2062.7,2063.9,2069.3,2068.1,24.7668,0.5070773838853557,48.842249303706836,48.86828418687032,2.47668,2.47668,0.050707738388535574,10.0,stop_risk,2058.2,2058.2,0.10752540000000109,0.01221056232592671,0.05039999999999782,0.024792,0.00042688316348995863,0.0,0.02880000000000655,0.026034883163487777,0.0005330402169154787,time_exit,False,False,False
27,PF_XBTUSD,-1,0.0004,2026-04-03T00:56:00+00:00,2026-04-03T01:14:00+00:00,2026-04-03T01:15:00+00:00,66699.0,66665.0,66828.0,66862.0,26.666,0.5456708874416443,48.86828418687032,48.76271748509073,2.6666000000000003,2.6666000000000003,0.05456708874416444,9.999999999999998,stop_risk,66828.0,66828.0,0.10550540000000001,0.01221707104671758,-0.07880000000000001,0.026705400000000004,-6.130177958331891e-05,3.40438965915126e-06,0.027200000000000002,-0.10556670177958333,-0.0021602293498969717,stop_intrabar,False,False,False
28,PF_XBTUSD,1,0.0004,2026-04-03T05:41:00+00:00,2026-04-03T05:52:00+00:00,2026-04-03T05:53:00+00:00,66691.0,66725.0,66574.0,66540.0,26.69,0.5473443929403751,48.76271748509073,48.66210083716373,2.6690000000000005,2.6690000000000005,0.05473443929403752,9.999999999999998,stop_risk,66574.0,66574.0,0.100653,0.012190679371272684,-0.07400000000000001,0.026653000000000003,3.6352072959384174e-05,3.3047339053985616e-06,0.027200000000000002,-0.10061664792704063,-0.0020633929591353127,stop_intrabar,False,False,False
29,PF_XBTUSD,1,0.0004,2026-04-03T07:21:00+00:00,2026-04-03T08:21:00+00:00,2026-04-03T08:21:00+00:00,66856.0,66890.0,67133.0,67098.0,26.756,0.5498324063223793,48.66210083716373,48.718558745650554,2.6756,2.6756,0.05498324063223793,10.0,stop_risk,66733.0,66733.0,0.1031178,0.012165525209290933,0.08320000000000001,0.0267976,5.55084868898935e-05,0.0,0.027600000000000003,0.0564579084868899,0.001160202858397195,time_exit,False,False,False
30,PF_ETHUSD,-1,0.01,2026-04-03T10:31:00+00:00,2026-04-03T10:48:00+00:00,2026-04-03T10:49:00+00:00,2053.1,2051.9,2059.2,2060.4,20.519000000000002,0.4211741999003999,48.718558745650554,48.61294494144863,2.0519000000000003,2.0519000000000003,0.04211741999003999,10.0,stop_risk,2059.2,2059.2,0.1055615,0.01217963968641264,-0.085,0.020561500000000003,-5.230420191020901e-05,2.9057889950116117e-06,0.02400000000000091,-0.10561380420191023,-0.002167835151965351,stop_intrabar,False,False,False
31,PF_ETHUSD,1,0.013,2026-04-03T11:41:00+00:00,2026-04-03T12:10:00+00:00,2026-04-03T12:11:00+00:00,2062.9,2064.1,2059.5,2058.2,26.833299999999998,0.5519784911677146,48.61294494144863,48.50955993489276,2.6833299999999998,2.6833299999999998,0.055197849116771454,10.0,stop_risk,2059.5,2059.5,0.10219559999999644,0.012153236235362158,-0.07670000000000118,0.026794949999999998,0.00010994344412330191,3.406133326013938e-06,0.0325,-0.10338500655587787,-0.0021266970491172444,stop_intrabar,False,False,False
32,PF_ETHUSD,-1,0.009,2026-04-03T12:56:00+00:00,2026-04-03T13:56:00+00:00,2026-04-03T13:56:00+00:00,2050.0,2048.8,2047.7,2049.0,18.4392,0.38011476551731704,48.50955993489276,48.489195922834675,1.84392,1.84392,0.038011476551731704,10.0,stop_risk,2057.5,2057.5,0.10758374999999673,0.012127389983723192,-0.0017999999999983628,0.0184401,-0.00012391205803610004,0.0,0.022499999999997952,-0.020364012058034463,-0.0004197937908603186,time_exit,False,False,False
33,PF_XBTUSD,1,0.0005,2026-04-03T16:56:00+00:00,2026-04-03T17:15:00+00:00,2026-04-03T17:16:00+00:00,67012.0,67047.0,66934.0,66900.0,33.5235,0.6913601960599436,48.489195922834675,48.382196816118324,3.35235,3.35235,0.06913601960599436,10.0,stop_risk,66934.0,66934.0,0.10698675,0.01212229898070867,-0.0735,0.033486749999999996,-1.2356716343940148e-05,8.055479543428407e-07,0.0345,-0.10699910671634394,-0.0022066587139663333,stop_intrabar,False,False,False
34,PF_XBTUSD,1,0.0006,2026-04-04T05:11:00+00:00,2026-04-04T05:14:00+00:00,2026-04-04T05:15:00+00:00,66876.0,66910.0,66835.0,66801.0,40.145999999999994,0.8297680271232646,48.382196816118324,48.27667960877663,4.0146,4.0146,0.08297680271232646,10.0,stop_risk,66835.0,66835.0,0.10551329999999999,0.012095549204029582,-0.0654,0.0401133,-3.907341700695039e-06,9.768354251737597e-07,0.040799999999999996,-0.10551720734170068,-0.002180909803304923,stop_intrabar,False,False,False
35,PF_XBTUSD,1,0.0005,2026-04-04T06:21:00+00:00,2026-04-04T07:21:00+00:00,2026-04-04T07:21:00+00:00,66957.0,66991.0,66940.0,66906.0,33.4955,0.6938236074112804,48.27667960877663,48.20069104043328,3.3495500000000002,3.3495500000000002,0.06938236074112804,10.0,stop_risk,66898.0,66898.0,0.09696375,0.012069169902194159,-0.0425,0.03347425,-1.4318343488120607e-05,0.0,0.034,-0.07598856834348813,-0.0015740222600079878,time_exit,False,False,False
36,PF_XBTUSD,1,0.0005,2026-04-04T10:51:00+00:00,2026-04-04T11:51:00+00:00,2026-04-04T11:51:00+00:00,67114.0,67149.0,67104.0,67069.0,33.5745,0.6965564035552092,48.20069104043328,48.127154758336154,3.35745,3.35745,0.06965564035552092,10.0,stop_risk,67064.0,67064.0,0.0935445,0.012050172760108321,-0.04,0.0335545,1.8217902915957254e-05,0.0,0.035,-0.07353628209708404,-0.0015256271333412613,time_exit,False,False,False
37,PF_ETHUSD,1,0.015,2026-04-04T15:11:00+00:00,2026-04-04T15:25:00+00:00,2026-04-04T15:26:00+00:00,2055.7,2056.9,2053.0,2051.7,30.8535,0.6410829843344487,48.127154758336154,48.018362387848875,3.08535,3.08535,0.06410829843344486,10.0,stop_risk,2053.0,2053.0,0.10731524999999864,0.012031788689584039,-0.0780000000000041,0.0308145,2.2129512741143446e-05,1.5806794815102456e-06,0.03750000000000682,-0.10879237048726295,-0.0022605194725004787,stop_intrabar,False,False,False
38,PF_ETHUSD,1,0.011,2026-04-04T19:11:00+00:00,2026-04-04T20:02:00+00:00,2026-04-04T20:03:00+00:00,2066.8,2068.1,2062.4,2061.1,22.7491,0.47375834719754406,48.018362387848875,47.91868281905485,2.2749099999999998,2.2749099999999998,0.04737583471975441,10.0,stop_risk,2062.4,2062.4,0.0997106,0.012004590596962218,-0.077,0.022710599999999997,3.1031205875894154e-05,8.017621738194865e-07,0.028599999999998998,-0.0996795687941241,-0.0020758635621307272,stop_intrabar,False,False,False
39,PF_XBTUSD,1,0.0006,2026-04-04T21:56:00+00:00,2026-04-04T21:59:00+00:00,2026-04-04T22:00:00+00:00,67374.0,67409.0,67339.0,67304.0,40.4454,0.8440423989266437,47.91868281905485,47.81526937923452,4.0445400000000005,4.0445400000000005,0.08440423989266438,9.999999999999998,stop_risk,67339.0,67339.0,0.10341389999999998,0.011979670704763714,-0.063,0.0404139,4.601796652878531e-07,1.533932217626177e-07,0.041999999999999996,-0.10341343982033471,-0.0021581027218722376,stop_intrabar,False,False,False
40,PF_ETHUSD,-1,0.015,2026-04-04T23:26:00+00:00,2026-04-05T00:26:00+00:00,2026-04-05T00:26:00+00:00,2064.9,2063.7,2063.1,2064.4,30.955499999999997,0.6473977957644534,47.81526937923452,47.77370271929413,3.09555,3.09555,0.06473977957644535,10.0,stop_risk,2067.4,2067.4,0.10449225000000135,0.011953817344808632,-0.010500000000004093,0.03096075,-0.00010590994030129717,0.0,0.03750000000000682,-0.04156665994030539,-0.0008693176987173304,time_exit,False,False,False
41,PF_ETHUSD,-1,0.019,2026-04-05T01:11:00+00:00,2026-04-05T01:12:00+00:00,2026-04-05T01:13:00+00:00,2057.9,2056.6,2058.8,2060.1,39.075399999999995,0.8179269718656077,47.77370271929413,47.66808784588109,3.9075399999999996,3.9075399999999996,0.08179269718656078,10.0,stop_risk,2058.8,2058.8,0.10560865,0.011943425679823533,-0.0665,0.039108649999999995,-6.2234130368367464e-06,3.1117065184183732e-06,0.04939999999999827,-0.10561487341303684,-0.0022107324197498863,stop_intrabar,False,False,False
42,PF_XBTUSD,-1,0.0004,2026-04-05T02:11:00+00:00,2026-04-05T02:22:00+00:00,2026-04-05T02:23:00+00:00,66975.0,66941.0,67071.0,67106.0,26.776400000000002,0.5617259095135636,47.66808784588109,47.57527135693602,2.6776400000000002,2.6776400000000002,0.05617259095135636,10.0,stop_risk,67071.0,67071.0,0.09280940000000001,0.011917021961470273,-0.066,0.026809400000000004,-7.088945044188455e-06,5.90745420349038e-07,0.027600000000000003,-0.0928164889450442,-0.0019471410148679646,stop_intrabar,False,False,False
43,PF_ETHUSD,-1,0.017,2026-04-05T04:16:00+00:00,2026-04-05T04:19:00+00:00,2026-04-05T04:20:00+00:00,2053.7,2052.5,2055.3,2056.5,34.892500000000005,0.7334167311042149,47.57527135693602,47.472341238573904,3.4892500000000006,3.4892500000000006,0.0733416731104215,10.0,stop_risk,2055.3,2055.3,0.1029265,0.011893817839234006,-0.068,0.034926500000000006,-3.618362117932557e-06,9.045905294831393e-07,0.04079999999999382,-0.10293011836211793,-0.002163521414095134,stop_intrabar,False,False,False
44,PF_ETHUSD,-1,0.015,2026-04-05T05:31:00+00:00,2026-04-05T06:13:00+00:00,2026-04-05T06:14:00+00:00,2051.5,2050.3,2031.2,2032.4,30.7545,0.6478403886895359,47.472341238573904,47.71014793663643,3.07545,3.07545,0.06478403886895359,10.0,stop_risk,2054.0,2054.0,0.10429124999999453,0.011868085309643478,0.26850000000000135,0.03062025,-7.305193757409513e-05,1.5005044909098358e-06,0.03599999999999795,0.23780669806242724,0.0050093737080992365,target_intrabar,False,False,True
45,PF_XBTUSD,-1,0.0005,2026-04-05T06:16:00+00:00,2026-04-05T06:20:00+00:00,2026-04-05T06:21:00+00:00,66658.0,66624.0,66726.0,66760.0,33.312,0.6982162378586935,47.71014793663643,47.60879852250388,3.3312,3.3312,0.06982162378586936,10.0,stop_risk,66726.0,66726.0,0.101346,0.011927536984159109,-0.068,0.033346,-3.4141325441136536e-06,6.828265088227307e-07,0.034,-0.10134941413254411,-0.0021242737345343317,stop_intrabar,False,False,False
46,PF_XBTUSD,1,0.0005,2026-04-05T09:06:00+00:00,2026-04-05T09:07:00+00:00,2026-04-05T09:08:00+00:00,66943.0,66977.0,66887.0,66853.0,33.4885,0.7034098956345338,47.60879852250388,47.51334384948189,3.3488500000000005,3.3488500000000005,0.07034098956345339,9.999999999999998,stop_risk,66887.0,66887.0,0.09545750000000001,0.01190219963062597,-0.062,0.0334575,2.826978011281882e-06,2.826978011281882e-06,0.034,-0.09545467302198872,-0.0020049796672955084,stop_intrabar,False,False,False
47,PF_ETHUSD,1,0.016,2026-04-05T09:31:00+00:00,2026-04-05T10:31:00+00:00,2026-04-05T10:31:00+00:00,2042.6,2043.9,2043.9,2042.7,32.702400000000004,0.6882782256622128,47.51334384948189,47.46168293987532,3.2702400000000007,3.2702400000000007,0.06882782256622128,10.0,stop_risk,2040.9,2040.9,0.10146800000000292,0.011878335962370474,-0.019200000000000727,0.03269280000000001,0.0002318903934598477,0.0,0.04000000000000364,-0.05166090960654088,-0.001087292651306507,time_exit,False,False,False
48,PF_XBTUSD,-1,0.0006,2026-04-05T12:36:00+00:00,2026-04-05T13:02:00+00:00,2026-04-05T13:03:00+00:00,66769.0,66735.0,66798.0,66834.0,40.041,0.8436489715445642,47.46168293987532,47.36212932785377,4.0041,4.0041,0.08436489715445643,9.999999999999998,stop_risk,66798.0,66798.0,0.0982701,0.01186542073496883,-0.059399999999999994,0.0400707,-8.291202148419174e-05,2.75424668503237e-06,0.041999999999999996,-0.09955361202148419,-0.0020975575633843235,stop_intrabar,False,False,False
49,PF_XBTUSD,1,0.0003,2026-04-05T15:26:00+00:00,2026-04-05T16:26:00+00:00,2026-04-05T16:26:00+00:00,67100.0,67135.0,67331.0,67296.0,20.1405,0.42524481660403995,47.36212932785377,47.39028909867627,2.01405,2.01405,0.042524481660404,10.0,stop_risk,66896.0,66896.0,0.10199955000000001,0.011840532331963444,0.048299999999999996,0.02016465,2.4420822550367394e-05,0.0,0.020999999999999998,0.028159770822550365,0.000594563023710793,time_exit,False,False,False
50,PF_ETHUSD,1,0.014,2026-04-05T17:51:00+00:00,2026-04-05T18:51:00+00:00,2026-04-05T18:51:00+00:00,2058.9,2060.1,2062.3,2061.0,28.8414,0.6085930376990591,47.39028909867627,47.37411585810013,2.8841400000000004,2.8841400000000004,0.06085930376990593,9.999999999999998,stop_risk,2055.9,2055.9,0.10440360000000126,0.011847572274669068,0.012600000000001273,0.0288477,7.445942367730393e-05,0.0,0.035,-0.016173240576321423,-0.00034127752507787893,time_exit,False,False,False
51,PF_ETHUSD,-1,0.008,2026-04-05T22:21:00+00:00,2026-04-05T22:39:00+00:00,2026-04-05T22:40:00+00:00,2052.0,2050.7,2060.2,2061.4,16.4056,0.34629881113010647,47.37411585810013,47.27201834946626,1.64056,1.64056,0.03462988111301065,10.0,stop_risk,2060.2,2060.2,0.10284880000000146,0.011843528964525035,-0.08560000000000219,0.016448400000000002,-4.910863393065245e-05,2.584664943718549e-06,0.02000000000000364,-0.10209750863393284,-0.0021551327509677625,stop_intrabar,False,False,False
52,PF_XBTUSD,1,0.0002,2026-04-05T22:51:00+00:00,2026-04-05T23:51:00+00:00,2026-04-05T23:51:00+00:00,68162.0,68197.0,68982.0,68947.0,13.6394,0.288530096158968,47.27201834946626,47.40832821262885,1.3639400000000002,1.3639400000000002,0.028853009615896805,9.999999999999998,stop_risk,67840.0,67840.0,0.0920002,0.011818004587366565,0.15,0.013714400000000002,2.4263162466339293e-05,0.0,0.014,0.13630986316246632,0.0028835211171812677,time_exit,False,False,False
53,PF_XBTUSD,-1,0.0003,2026-04-06T01:51:00+00:00,2026-04-06T02:10:00+00:00,2026-04-06T02:11:00+00:00,68799.0,68764.0,68973.0,69008.0,20.629199999999997,0.43513873569801803,47.40832821262885,47.31445867393864,2.0629199999999996,2.0629199999999996,0.0435138735698018,10.0,stop_risk,68973.0,68973.0,0.09386579999999999,0.011852082053157215,-0.07319999999999999,0.020665799999999998,-3.7386902111390295e-06,5.536996566075e-07,0.020999999999999998,-0.09386953869021113,-0.0019800221233113578,stop_intrabar,False,False,False
54,PF_ETHUSD,1,0.007,2026-04-06T02:21:00+00:00,2026-04-06T03:21:00+00:00,2026-04-06T03:21:00+00:00,2137.0,2138.3,2136.0,2134.7,14.968100000000002,0.31635361408551016,47.31445867393864,47.27433874291066,1.4968100000000002,1.4968100000000002,0.03163536140855101,10.0,stop_risk,2127.9,2127.9,0.09682715000000192,0.011828614668484661,-0.025200000000002547,0.0149555,3.556897196215246e-05,0.0,0.018200000000002547,-0.040119931028040394,-0.000847942302468715,time_exit,False,False,False
55,PF_XBTUSD,-1,0.0004,2026-04-06T04:31:00+00:00,2026-04-06T04:35:00+00:00,2026-04-06T04:36:00+00:00,68975.0,68940.0,69088.0,69124.0,27.576,0.5833185769126247,47.27433874291066,47.17313031245983,2.7576,2.7576,0.058331857691262465,10.0,stop_risk,69088.0,69088.0,0.10121279999999999,0.011818584685727666,-0.0736,0.0276128,4.369549164665059e-06,1.0923872911662648e-06,0.0284,-0.10120843045083533,-0.002140874587399971,stop_intrabar,False,False,False
56,PF_XBTUSD,-1,0.0004,2026-04-06T06:31:00+00:00,2026-04-06T06:47:00+00:00,2026-04-06T06:48:00+00:00,68855.0,68820.0,68971.0,69006.0,27.528000000000002,0.5835525397119774,47.17313031245983,47.07117100530281,2.7528000000000006,2.7528000000000006,0.05835525397119775,9.999999999999998,stop_risk,68971.0,68971.0,0.1019652,0.011793282578114959,-0.07440000000000001,0.027565200000000005,5.892842934334497e-06,3.683026833959062e-07,0.028,-0.10195930715706567,-0.002161385230993144,stop_intrabar,False,False,False
57,PF_XBTUSD,1,0.0004,2026-04-06T08:46:00+00:00,2026-04-06T09:21:00+00:00,2026-04-06T09:22:00+00:00,69255.0,69291.0,69987.0,69950.0,27.7164,0.588819003395467,47.07117100530281,47.30689436253499,2.77164,2.77164,0.0588819003395467,10.0,stop_risk,69134.0,69134.0,0.10487780000000001,0.011767792751325702,0.2636,0.027848200000000004,-2.8442767730306743e-05,9.919078858801537e-07,0.0292,0.2357233572322697,0.005007807373343533,target_intrabar,False,False,True
58,PF_XBTUSD,1,0.0003,2026-04-06T09:26:00+00:00,2026-04-06T09:39:00+00:00,2026-04-06T09:40:00+00:00,69911.0,69948.0,69771.0,69735.0,20.984399999999997,0.44358016485264634,47.30689436253499,47.22203149750223,2.0984399999999996,2.0984399999999996,0.044358016485264634,10.0,stop_risk,69771.0,69771.0,0.0851523,0.011826723590633748,-0.0639,0.020952449999999997,-1.0415032801741615e-05,7.439309144101151e-07,0.0219,-0.08486286503280174,-0.001793879437158941,stop_intrabar,False,False,False
59,PF_XBTUSD,-1,0.0004,2026-04-06T12:16:00+00:00,2026-04-06T13:16:00+00:00,2026-04-06T13:16:00+00:00,69490.0,69454.0,69390.0,69426.0,27.7816,0.5883186114402869,47.22203149750223,47.205401871689375,2.77816,2.77816,0.058831861144028684,10.0,stop_risk,69606.0,69606.0,0.1030192,0.011805507874375558,0.0112,0.027776000000000002,-5.362581290628315e-05,0.0,0.028800000000000003,-0.016629625812906283,-0.0003521582042438368,time_exit,False,False,False
60,PF_XBTUSD,1,0.0003,2026-04-06T16:01:00+00:00,2026-04-06T17:01:00+00:00,2026-04-06T17:01:00+00:00,69918.0,69954.0,69757.0,69721.0,20.986199999999997,0.44457200167564104,47.205401871689375,47.11470112342138,2.09862,2.09862,0.04445720016756411,9.999999999999998,stop_risk,69716.0,69716.0,0.10314509999999999,0.011801350467922345,-0.06989999999999999,0.020951249999999998,0.00015050173221606847,0.0,0.021599999999999998,-0.09070074826778393,-0.001921406124543135,time_exit,False,False,False
61,PF_ETHUSD,-1,0.007,2026-04-06T17:06:00+00:00,2026-04-06T18:06:00+00:00,2026-04-06T18:06:00+00:00,2133.2,2131.9,2133.4,2134.8,14.923300000000001,0.31674402350355607,47.11470112342138,47.079459072867294,1.4923300000000002,1.4923300000000002,0.0316744023503556,10.0,stop_risk,2142.3,2142.3,0.09686424999999874,0.011778675280855347,-0.020300000000000637,0.014933450000000001,-8.600554170188167e-06,0.0,0.018899999999998727,-0.035242050554170824,-0.0007480053935150934,time_exit,False,False,False
62,PF_ETHUSD,1,0.007,2026-04-06T20:26:00+00:00,2026-04-06T21:26:00+00:00,2026-04-06T21:26:00+00:00,2153.4,2154.7,2145.6,2144.3,15.082899999999999,0.3203711405574015,47.079459072867294,46.99164424100334,1.50829,1.50829,0.03203711405574015,10.0,stop_risk,2143.8,2143.8,0.10044019999999873,0.011769864768216825,-0.07279999999999745,0.0150465,3.166813598849727e-05,0.0,0.01819999999999618,-0.08781483186400896,-0.0018652472563054183,time_exit,False,False,False
63,PF_XBTUSD,-1,0.0004,2026-04-06T21:46:00+00:00,2026-04-06T21:48:00+00:00,2026-04-06T21:49:00+00:00,69461.0,69425.0,69541.0,69577.0,27.77,0.5909561252544728,46.99164424100334,46.90303374838657,2.777,2.777,0.05909561252544729,10.0,stop_risk,69541.0,69541.0,0.08860040000000001,0.011747911060250837,-0.0608,0.0278004,-1.0092616777101146e-05,3.3642055923670485e-06,0.028800000000000003,-0.0886104926167771,-0.0018856648676161567,stop_intrabar,False,False,False
64,PF_XBTUSD,-1,0.0003,2026-04-06T22:56:00+00:00,2026-04-06T23:56:00+00:00,2026-04-06T23:56:00+00:00,68936.0,68900.0,68872.0,68907.0,20.669999999999998,0.44069644004021447,46.90303374838657,46.880139906763546,2.0669999999999997,2.0669999999999997,0.04406964400402145,10.0,stop_risk,69112.0,69112.0,0.09540734999999999,0.011725758437096643,-0.0021,0.020671049999999996,-0.0001227916229529393,0.0,0.0213,-0.022893841622952937,-0.0004881100388040564,time_exit,False,False,False
65,PF_XBTUSD,-1,0.0003,2026-04-07T02:01:00+00:00,2026-04-07T02:31:00+00:00,2026-04-07T02:32:00+00:00,68391.0,68356.0,68591.0,68626.0,20.5068,0.4374304351647512,46.880139906763546,46.77858525604756,2.05068,2.05068,0.04374304351647512,10.0,stop_risk,68591.0,68591.0,0.1015473,0.011720034976690887,-0.08099999999999999,0.020547299999999998,-7.350715923654996e-06,2.3711986850499998e-07,0.020999999999999998,-0.10155465071592364,-0.00216626168176755,stop_intrabar,False,False,False
66,PF_XBTUSD,1,0.0003,2026-04-07T03:31:00+00:00,2026-04-07T04:12:00+00:00,2026-04-07T04:13:00+00:00,68768.0,68803.0,68641.0,68606.0,20.6409,0.4412467774948694,46.77858525604756,46.698825861794134,2.0640899999999998,2.0640899999999998,0.04412467774948694,10.0,stop_risk,68641.0,68641.0,0.07971134999999999,0.011694646314011892,-0.05909999999999999,0.02061135,-4.804425342251389e-05,1.7373484691664511e-06,0.020999999999999998,-0.0797593942534225,-0.0017050407535168276,stop_intrabar,False,False,False
67,PF_ETHUSD,1,0.012,2026-04-07T04:41:00+00:00,2026-04-07T05:26:00+00:00,2026-04-07T05:27:00+00:00,2112.5,2113.8,2108.5,2107.3,25.365600000000004,0.5431742561380424,46.698825861794134,46.595485357560975,2.5365600000000006,2.5365600000000006,0.05431742561380424,10.0,stop_risk,2108.5,2108.5,0.1033266,0.011674706465448534,-0.078,0.025326600000000005,-1.3904233124834064e-05,8.649479675027309e-07,0.03,-0.10334050423312484,-0.002212914400438302,stop_intrabar,False,False,False
68,PF_XBTUSD,-1,0.0004,2026-04-07T06:16:00+00:00,2026-04-07T07:16:00+00:00,2026-04-07T07:16:00+00:00,68533.0,68498.0,68562.0,68597.0,27.3992,0.5880226333033352,46.595485357560975,46.528535017302374,2.73992,2.73992,0.05880226333033352,10.0,stop_risk,68635.0,68635.0,0.0962336,0.011648871339390243,-0.0396,0.027419000000000002,6.865974146205684e-05,0.0,0.028,-0.06695034025853795,-0.0014368417829491293,time_exit,False,False,False
69,PF_ETHUSD,1,0.009,2026-04-07T09:11:00+00:00,2026-04-07T09:28:00+00:00,2026-04-07T09:29:00+00:00,2130.1,2131.4,2123.9,2122.6,19.1826,0.41227603647668354,46.528535017302374,46.43018938187936,1.91826,1.91826,0.04122760364766835,10.0,stop_risk,2123.9,2123.9,0.09834300000000164,0.011632133754325594,-0.07920000000000163,0.019143,-2.635422971062499e-06,1.4641238728124999e-07,0.023400000000003272,-0.09834563542297269,-0.0021136628390814646,stop_intrabar,False,False,False
70,PF_ETHUSD,-1,0.008,2026-04-07T10:36:00+00:00,2026-04-07T11:36:00+00:00,2026-04-07T11:36:00+00:00,2106.2,2104.9,2088.5,2089.7,16.8392,0.362677822860054,46.43018938187936,46.53499570614007,1.6839200000000003,1.6839200000000003,0.036267782286005405,10.0,stop_risk,2113.1,2113.1,0.09287720000000001,0.011607547345469841,0.12160000000000218,0.0167784,-1.5275739347138934e-05,0.0,0.01999999999999636,0.10480632426065505,0.002257288321584115,time_exit,False,False,False
71,PF_XBTUSD,-1,0.0002,2026-04-07T14:11:00+00:00,2026-04-07T14:22:00+00:00,2026-04-07T14:23:00+00:00,67863.0,67828.0,68098.0,68133.0,13.5656,0.2915139411565495,46.53499570614007,46.46040317610411,1.35656,1.35656,0.029151394115654948,10.0,stop_risk,68098.0,68098.0,0.0745961,0.01163374892653502,-0.061000000000000006,0.0135961,3.569964041667315e-06,3.2454218560611963e-07,0.014,-0.07459253003595834,-0.0016029340693828882,stop_intrabar,False,False,False
72,PF_XBTUSD,1,0.0003,2026-04-07T17:41:00+00:00,2026-04-07T18:40:00+00:00,2026-04-07T18:41:00+00:00,68707.0,68742.0,68510.0,68475.0,20.6226,0.4438747533427945,46.46040317610411,46.3596798361595,2.0622599999999998,2.0622599999999998,0.044387475334279454,10.0,stop_risk,68510.0,68510.0,0.10068255,0.011615100794026029,-0.08009999999999999,0.020582549999999998,-4.078994449531375e-05,4.919617407928229e-07,0.020999999999999998,-0.1007233399444953,-0.0021679394292536004,stop_intrabar,False,False,False
73,PF_ETHUSD,1,0.006,2026-04-07T19:56:00+00:00,2026-04-07T20:56:00+00:00,2026-04-07T20:56:00+00:00,2113.6,2114.9,2112.7,2111.4,12.689400000000001,0.2737162992679375,46.3596798361595,46.32600953356449,1.2689400000000002,1.2689400000000002,0.02737162992679375,10.0,stop_risk,2101.9,2101.9,0.09784680000000165,0.011589919959039876,-0.021,0.0126789,8.59740498579039e-06,0.0,0.015599999999999455,-0.03367030259501422,-0.0007262841916512146,time_exit,False,False,False
74,PF_XBTUSD,1,0.0002,2026-04-07T21:16:00+00:00,2026-04-07T21:25:00+00:00,2026-04-07T21:26:00+00:00,69968.0,70008.0,69716.0,69680.0,14.0016,0.30224058020485123,46.32600953356449,46.24642837581482,1.40016,1.40016,0.030224058020485126,10.0,stop_risk,69716.0,69716.0,0.0803684,0.011581502383391123,-0.0656,0.0139688,-1.2357749671800002e-05,1.2357749671800002e-06,0.0152,-0.07958115774967181,-0.001717850480776097,stop_intrabar,False,False,False
75,PF_ETHUSD,1,0.004,2026-04-07T22:41:00+00:00,2026-04-07T23:20:00+00:00,2026-04-07T23:21:00+00:00,2184.6,2186.1,2247.7,2246.2,8.7444,0.18908270988928952,46.24642837581482,46.47793070940806,0.8744400000000001,0.8744400000000001,0.018908270988928954,10.0,stop_risk,2166.7,2166.7,0.09230260000000037,0.011561607093953707,0.24039999999999964,0.0088646,-3.3066406717929224e-05,9.866078696221729e-07,0.012,0.2315023335932817,0.005005842434187824,target_intrabar,False,False,True
76,PF_XBTUSD,1,0.0002,2026-04-07T23:31:00+00:00,2026-04-07T23:39:00+00:00,2026-04-07T23:40:00+00:00,72475.0,72512.0,72113.0,72076.0,14.502400000000002,0.3120276608412867,46.47793070940806,46.376252694857854,1.4502400000000002,1.4502400000000002,0.031202766084128673,10.0,stop_risk,72113.0,72113.0,0.10165880000000001,0.011619482677352015,-0.0872,0.0144588,-1.9214550212785715e-05,2.1349500236428573e-06,0.0148,-0.10167801455021278,-0.002187662251702422,stop_intrabar,False,False,False
77,PF_XBTUSD,-1,0.0003,2026-04-08T02:41:00+00:00,2026-04-08T03:29:00+00:00,2026-04-08T03:30:00+00:00,71285.0,71248.0,71484.0,71521.0,21.374399999999998,0.46089105432121225,46.376252694857854,46.27296298659263,2.13744,2.13744,0.046089105432121226,10.0,stop_risk,71484.0,71484.0,0.10331534999999999,0.011594063173714465,-0.08189999999999999,0.02141535,2.5641734792454117e-05,8.696707887910706e-08,0.022199999999999998,-0.10328970826520752,-0.0022272111751853586,stop_intrabar,False,False,False
78,PF_XBTUSD,1,0.0003,2026-04-08T04:46:00+00:00,2026-04-08T05:46:00+00:00,2026-04-08T05:46:00+00:00,71614.0,71651.0,71658.0,71621.0,21.495299999999997,0.4645326041954166,46.27296298659263,46.24241813903238,2.14953,2.14953,0.04645326041954166,9.999999999999998,stop_risk,71488.0,71488.0,0.08146529999999999,0.011568240746648159,-0.009,0.021490799999999997,-5.404756012765252e-05,0.0,0.022199999999999998,-0.030544847560127653,-0.0006601013980664665,time_exit,False,False,False
79,PF_XBTUSD,1,0.0003,2026-04-08T12:46:00+00:00,2026-04-08T13:18:00+00:00,2026-04-08T13:19:00+00:00,71918.0,71955.0,72836.0,72799.0,21.586499999999997,0.46681166056450724,46.24241813903238,46.473916350855056,2.1586499999999997,2.1586499999999997,0.04668116605645073,10.0,stop_risk,71760.0,71760.0,0.09115169999999999,0.011560604534758096,0.2532,0.0217131,1.1311822745531843e-05,4.427826725435898e-07,0.022199999999999998,0.2314982118227455,0.005006187417075018,target_intrabar,False,False,True
80,PF_ETHUSD,-1,0.006,2026-04-08T13:46:00+00:00,2026-04-08T14:46:00+00:00,2026-04-08T14:46:00+00:00,2236.0,2234.7,2208.1,2209.4,13.408199999999999,0.2885102236440486,46.473916350855056,46.61241120584842,1.34082,1.34082,0.02885102236440486,10.0,stop_risk,2246.5,2246.5,0.09204750000000218,0.011618479087713764,0.15179999999999835,0.0133323,2.715499343614125e-05,0.0,0.015600000000002183,0.1384948549934345,0.002980055606845503,time_exit,False,False,False
81,PF_ETHUSD,-1,0.004,2026-04-08T15:01:00+00:00,2026-04-08T15:35:00+00:00,2026-04-08T15:36:00+00:00,2194.6,2193.3,2211.2,2212.5,8.773200000000001,0.18821596594211876,46.61241120584842,46.52681951942763,0.8773200000000001,0.8773200000000001,0.018821596594211877,10.0,stop_risk,2211.2,2211.2,0.08561159999999927,0.011653102801462105,-0.07679999999999927,0.008811600000000001,1.9913579248261858e-05,5.856935073018193e-07,0.010399999999999637,-0.08559168642075102,-0.0018362424128364316,stop_intrabar,False,False,False
82,PF_ETHUSD,1,0.009,2026-04-08T16:26:00+00:00,2026-04-08T16:30:00+00:00,2026-04-08T16:31:00+00:00,2220.0,2221.4,2213.9,2212.5,19.9926,0.4297005513487105,46.52681951942763,46.426762509891034,1.99926,1.99926,0.04297005513487105,10.0,stop_risk,2213.9,2213.9,0.10005255000000082,0.01163170487985691,-0.08010000000000081,0.01995255,-4.4595366008325945e-06,8.919073201665188e-07,0.025200000000001634,-0.10005700953660164,-0.002150523301830723,stop_intrabar,False,False,False
83,PF_XBTUSD,1,0.0002,2026-04-08T17:46:00+00:00,2026-04-08T18:18:00+00:00,2026-04-08T18:19:00+00:00,71827.0,71864.0,71608.0,71571.0,14.372800000000002,0.3095800616495267,46.426762509891034,46.35389417465493,1.4372800000000003,1.4372800000000003,0.030958006164952673,9.999999999999998,stop_risk,71608.0,71608.0,0.0729435,0.011606690627472759,-0.058600000000000006,0.014343500000000002,7.51647639507749e-05,2.431817655800529e-06,0.0148,-0.07286833523604923,-0.0015695329869388356,stop_intrabar,False,False,False
84,PF_ETHUSD,-1,0.007,2026-04-08T18:51:00+00:00,2026-04-08T19:51:00+00:00,2026-04-08T19:51:00+00:00,2207.1,2205.8,2207.2,2208.6,15.440600000000002,0.33310254240608134,46.35389417465493,46.31878712243107,1.5440600000000002,1.5440600000000002,0.033310254240608135,10.0,stop_risk,2215.8,2215.8,0.09458014999999809,0.011588473543663734,-0.01959999999999809,0.015450400000000001,-5.665222378768046e-05,0.0,0.018899999999998727,-0.035107052223785774,-0.0007573700731918522,time_exit,False,False,False
85,PF_XBTUSD,1,0.0003,2026-04-08T21:21:00+00:00,2026-04-08T22:04:00+00:00,2026-04-08T22:05:00+00:00,71565.0,71603.0,71428.0,71391.0,21.4809,0.46376214349527556,46.31878712243107,46.23385466172729,2.14809,2.14809,0.04637621434952755,10.0,stop_risk,71428.0,71428.0,0.08534894999999998,0.011579696780607768,-0.06359999999999999,0.0214491,0.00011663929626425828,1.942924125562976e-06,0.0225,-0.08493246070373572,-0.0018336503604733853,stop_intrabar,False,False,False
86,PF_ETHUSD,-1,0.005,2026-04-08T22:31:00+00:00,2026-04-08T22:35:00+00:00,2026-04-08T22:36:00+00:00,2187.6,2186.3,2200.5,2201.8,10.931500000000002,0.2364392949707733,46.23385466172729,46.14538146053849,1.0931500000000003,1.0931500000000003,0.02364392949707733,9.999999999999998,stop_risk,2200.5,2200.5,0.08847025,0.011558463665431824,-0.0775,0.01097025,-2.9511887925458863e-06,5.902377585091773e-07,0.012999999999999545,-0.08847320118879255,-0.0019136020960422166,stop_intrabar,False,False,False
87,PF_XBTUSD,-1,0.0003,2026-04-08T23:06:00+00:00,2026-04-08T23:11:00+00:00,2026-04-08T23:12:00+00:00,71003.0,70966.0,71144.0,71181.0,21.2898,0.4613636148659017,46.14538146053849,46.05954995096471,2.12898,2.12898,0.04613636148659017,10.0,stop_risk,71144.0,71144.0,0.08582204999999998,0.011536345365134622,-0.06449999999999999,0.021322050000000002,-9.459573776720887e-06,1.5765956294534815e-06,0.022199999999999998,-0.08583150957377671,-0.0018600238389442302,stop_intrabar,False,False,False
88,PF_XBTUSD,-1,0.0004,2026-04-09T00:41:00+00:00,2026-04-09T01:41:00+00:00,2026-04-09T01:41:00+00:00,70805.0,70768.0,70762.0,70798.0,28.3072,0.6145783020054696,46.05954995096471,46.01908983590608,2.8307200000000003,2.8307200000000003,0.061457830200546966,10.0,stop_risk,70912.0,70912.0,0.1007434,0.011514887487741177,-0.012,0.028313200000000004,-0.0001469150585458355,0.0,0.0292,-0.04046011505854583,-0.0008784305339852415,time_exit,False,False,False
89,PF_XBTUSD,1,0.0003,2026-04-09T02:56:00+00:00,2026-04-09T03:07:00+00:00,2026-04-09T03:08:00+00:00,71135.0,71172.0,70977.0,70941.0,21.351599999999998,0.46397267038820394,46.01908983590608,45.92848851734294,2.13516,2.13516,0.0463972670388204,10.0,stop_risk,70977.0,70977.0,0.09061695,0.01150477245897652,-0.0693,0.02131695,1.563143686455321e-05,1.4383455471174998e-06,0.0219,-0.09060131856313546,-0.0019687768464391573,stop_intrabar,False,False,False
90,PF_XBTUSD,1,0.0003,2026-04-09T08:46:00+00:00,2026-04-09T08:51:00+00:00,2026-04-09T08:52:00+00:00,71347.0,71384.0,71215.0,71178.0,21.4152,0.46627269242517,45.92848851734294,45.8453111790902,2.14152,2.14152,0.046627269242517005,10.0,stop_risk,71215.0,71215.0,0.08318429999999999,0.011482122129335736,-0.061799999999999994,0.0213843,6.961747259737546e-06,1.3923494519475092e-06,0.022199999999999998,-0.08317733825274025,-0.0018110184100948992,stop_intrabar,False,False,False
91,PF_ETHUSD,-1,0.009,2026-04-09T11:26:00+00:00,2026-04-09T12:26:00+00:00,2026-04-09T12:26:00+00:00,2179.9,2178.6,2177.5,2178.8,19.6074,0.4276860489266965,45.8453111790902,45.823864101651736,1.96074,1.96074,0.04276860489266965,10.0,stop_risk,2185.8,2185.8,0.09614565,0.011461327794772552,-0.0018000000000024555,0.019608300000000002,-3.877743848355489e-05,0.0,0.023400000000003272,-0.02144707743848601,-0.0004678139789411639,time_exit,False,False,False
92,PF_XBTUSD,-1,0.0002,2026-04-09T13:41:00+00:00,2026-04-09T14:41:00+00:00,2026-04-09T14:41:00+00:00,70866.0,70830.0,70829.0,70865.0,14.166,0.3091402324469049,45.823864101651736,45.802643414945734,1.4166,1.4166,0.030914023244690496,10.0,stop_risk,71130.0,71130.0,0.08159970000000001,0.011455966025412934,-0.007,0.014169500000000002,-5.118670597290064e-05,0.0,0.014400000000000001,-0.0212206867059729,-0.00046309247642011914,time_exit,False,False,False
93,PF_XBTUSD,1,0.0001,2026-04-09T15:21:00+00:00,2026-04-09T16:21:00+00:00,2026-04-09T16:21:00+00:00,71461.0,71498.0,72320.0,72283.0,7.1498,0.1561001607533195,45.802643414945734,45.87397882466462,0.7149800000000001,0.7149800000000001,0.015610016075331952,9.999999999999998,stop_risk,71087.0,71087.0,0.051927400000000005,0.011450660853736435,0.0785,0.007189050000000001,2.445971892525506e-05,0.0,0.0074,0.07133540971892526,0.0015574518062782376,time_exit,False,False,False
94,PF_ETHUSD,-1,0.005,2026-04-09T23:01:00+00:00,2026-04-10T00:01:00+00:00,2026-04-10T00:01:00+00:00,2196.7,2195.4,2188.7,2190.0,10.977,0.23928598044558766,45.87397882466462,45.889983870360254,1.0977000000000001,1.0977000000000001,0.02392859804455877,10.0,stop_risk,2209.4,2209.4,0.08751524999999864,0.011468494706166156,0.027000000000000454,0.010963500000000001,-3.1454304377314695e-05,0.0,0.012999999999999545,0.016005045695623138,0.00034889159618781227,time_exit,False,False,False
95,PF_XBTUSD,1,0.0002,2026-04-10T01:41:00+00:00,2026-04-10T02:41:00+00:00,2026-04-10T02:41:00+00:00,72356.0,72393.0,72173.0,72136.0,14.4786,0.31550675722402116,45.889983870360254,45.824170757958974,1.4478600000000001,1.4478600000000001,0.03155067572240212,9.999999999999998,stop_risk,72061.0,72061.0,0.0882417,0.011472495967590065,-0.0514,0.014452900000000001,3.9787598778739364e-05,0.0,0.0148,-0.06581311240122127,-0.0014341498264009874,time_exit,False,False,False
96,PF_ETHUSD,-1,0.011,2026-04-10T03:31:00+00:00,2026-04-10T03:39:00+00:00,2026-04-10T03:40:00+00:00,2183.6,2182.3,2187.5,2188.8,24.005300000000002,0.523856724583077,45.824170757958974,45.728611602298834,2.4005300000000003,2.4005300000000003,0.05238567245830769,10.0,stop_risk,2187.5,2187.5,0.09554104999999999,0.011456042689489744,-0.0715,0.02404105,-1.8105660146062503e-05,2.0117400162291665e-06,0.028599999999998998,-0.09555915566014607,-0.0020853439152207433,stop_intrabar,False,False,False
97,PF_XBTUSD,1,0.0003,2026-04-10T05:01:00+00:00,2026-04-10T06:01:00+00:00,2026-04-10T06:01:00+00:00,72122.0,72159.0,72130.0,72093.0,21.647699999999997,0.47339508551603915,45.728611602298834,45.68726174345432,2.16477,2.16477,0.04733950855160392,10.0,stop_risk,71992.0,71992.0,0.08281709999999999,0.01143215290057471,-0.019799999999999998,0.0216378,8.794115557488821e-05,0.0,0.022199999999999998,-0.04134985884442511,-0.0009042447910740068,time_exit,False,False,False
98,PF_ETHUSD,-1,0.011,2026-04-10T06:56:00+00:00,2026-04-10T07:56:00+00:00,2026-04-10T07:56:00+00:00,2184.5,2183.2,2178.7,2180.0,24.015199999999997,0.5256432336621857,45.68726174345432,45.69836692411341,2.4015199999999997,2.4015199999999997,0.052564323366218565,10.0,stop_risk,2188.7,2188.7,0.098852600000002,0.011421815435863581,0.035199999999998,0.023997599999999997,-9.721934109042987e-05,0.0,0.028600000000004,0.011105180658907568,0.0002430695173036634,time_exit,False,False,False
99,PF_XBTUSD,1,0.0004,2026-04-10T11:01:00+00:00,2026-04-10T12:01:00+00:00,2026-04-10T12:01:00+00:00,71923.0,71960.0,72123.0,72086.0,28.784000000000002,0.6298693353265477,45.69836692411341,45.71999832761516,2.8784000000000005,2.8784000000000005,0.06298693353265478,9.999999999999998,stop_risk,71814.0,71814.0,0.1019474,0.011424591731028354,0.0504,0.028809200000000004,4.0603501664245746e-05,0.0,0.0296,0.021631403501664242,0.00047335178383037837,time_exit,False,False,False
100,PF_ETHUSD,1,0.007,2026-04-10T12:51:00+00:00,2026-04-10T13:00:00+00:00,2026-04-10T13:01:00+00:00,2226.5,2227.8,2217.8,2216.4,15.594600000000002,0.34108925132179563,45.71999832761516,45.624639063891,1.5594600000000003,1.5594600000000003,0.034108925132179564,10.0,stop_risk,2217.8,2217.8,0.09465505000000127,0.01142999958190379,-0.07980000000000063,0.015554700000000001,-4.563724146480202e-06,6.5145357948125e-07,0.018900000000001912,-0.09535926372414712,-0.002085723254861747,stop_intrabar,False,False,False
101,PF_XBTUSD,1,0.0001,2026-04-10T14:21:00+00:00,2026-04-10T15:21:00+00:00,2026-04-10T15:21:00+00:00,72910.0,72949.0,72995.0,72957.0,7.2949,0.15988948405234507,45.624639063891,45.61819671571914,0.7294900000000001,0.7294900000000001,0.01598894840523451,9.999999999999998,stop_risk,72471.0,72471.0,0.05896905000000001,0.011406159765972751,0.0008,0.0072953,5.2951828108804614e-05,0.0,0.0077,-0.006442348171891196,-0.00014120326876163508,time_exit,False,False,False
102,PF_XBTUSD,1,0.0002,2026-04-10T18:01:00+00:00,2026-04-10T18:04:00+00:00,2026-04-10T18:05:00+00:00,73136.0,73174.0,72938.0,72901.0,14.6348,0.3208105767792688,45.61819671571914,45.54899570956038,1.4634800000000001,1.4634800000000001,0.03208105767792688,10.0,stop_risk,72938.0,72938.0,0.0692075,0.011404549178929786,-0.0546,0.0146075,6.49384124147773e-06,2.1646137471592435e-06,0.015000000000000001,-0.06920100615875853,-0.0015169605802263818,stop_intrabar,False,False,False
103,PF_XBTUSD,-1,0.0003,2026-04-10T22:46:00+00:00,2026-04-10T23:46:00+00:00,2026-04-10T23:46:00+00:00,72881.0,72844.0,72923.0,72960.0,21.853199999999998,0.47977347600252757,45.54899570956038,45.49205810297704,2.18532,2.18532,0.04797734760025276,10.0,stop_risk,73025.0,73025.0,0.08758605,0.011387248927390096,-0.0348,0.021870599999999997,-0.0002670065834357629,0.0,0.022199999999999998,-0.05693760658343575,-0.0012500299006918607,time_exit,False,False,False
104,PF_XBTUSD,-1,0.0004,2026-04-11T01:26:00+00:00,2026-04-11T01:29:00+00:00,2026-04-11T01:30:00+00:00,72743.0,72706.0,72837.0,72874.0,29.0824,0.6392852118092416,45.49205810297704,45.39572456588923,2.90824,2.90824,0.06392852118092415,10.0,stop_risk,72837.0,72837.0,0.09631600000000001,0.011373014525744261,-0.06720000000000001,0.029116000000000003,-1.7537087819032867e-05,4.384271954758217e-06,0.0296,-0.09633353708781904,-0.002117590214752559,stop_intrabar,False,False,False
105,PF_XBTUSD,-1,0.0003,2026-04-11T04:01:00+00:00,2026-04-11T04:07:00+00:00,2026-04-11T04:08:00+00:00,72842.0,72805.0,72961.0,72998.0,21.841499999999996,0.4811356181417116,45.39572456588923,45.31592037687737,2.18415,2.18415,0.04811356181417116,10.0,stop_risk,72961.0,72961.0,0.07977044999999999,0.01134893114147231,-0.05789999999999999,0.021870449999999996,-3.3739011845736174e-05,4.819858835105168e-06,0.022199999999999998,-0.07980418901184572,-0.0017579670723399208,stop_intrabar,False,False,False
106,PF_XBTUSD,-1,0.0003,2026-04-11T04:26:00+00:00,2026-04-11T05:26:00+00:00,2026-04-11T05:26:00+00:00,72714.0,72677.0,72797.0,72834.0,21.803099999999997,0.4811355439472684,45.31592037687737,45.24671316967835,2.18031,2.18031,0.048113554394726844,9.999999999999998,stop_risk,72845.0,72845.0,0.08333384999999999,0.011328980094219343,-0.047099999999999996,0.021826649999999996,-0.00028055719902492774,0.0,0.022199999999999998,-0.06920720719902491,-0.0015272161885591573,time_exit,False,False,False
107,PF_ETHUSD,1,0.01,2026-04-11T09:26:00+00:00,2026-04-11T09:34:00+00:00,2026-04-11T09:35:00+00:00,2248.1,2249.5,2243.0,2241.6,22.495,0.4971631843321342,45.24671316967835,45.14523299262927,2.2495000000000003,2.2495000000000003,0.04971631843321342,10.0,stop_risk,2243.0,2243.0,0.1014555000000009,0.011311678292419589,-0.07900000000000092,0.022455500000000003,-2.4677049059042413e-05,2.7418943398936014e-06,0.02800000000000182,-0.10148017704905997,-0.002242818758315155,stop_intrabar,False,False,False
108,PF_XBTUSD,1,0.0004,2026-04-11T12:01:00+00:00,2026-04-11T12:22:00+00:00,2026-04-11T12:23:00+00:00,72940.0,72977.0,72882.0,72845.0,29.190800000000003,0.6465976154063907,45.14523299262927,45.06332287627554,2.9190800000000006,2.9190800000000006,0.06465976154063909,9.999999999999998,stop_risk,72882.0,72882.0,0.0819644,0.011286308248157318,-0.0528,0.0291644,5.4283646313482315e-05,2.5849355387372532e-06,0.0296,-0.08191011635368652,-0.0018143691132806812,stop_intrabar,False,False,False
109,PF_XBTUSD,-1,0.0002,2026-04-11T13:11:00+00:00,2026-04-11T14:11:00+00:00,2026-04-11T14:11:00+00:00,72593.0,72556.0,72732.0,72769.0,14.5112,0.32201797545736915,45.06332287627554,45.006105549656226,1.4511200000000002,1.4511200000000002,0.03220179754573692,9.999999999999998,stop_risk,72866.0,72866.0,0.0839459,0.011265830719068885,-0.0426,0.0145325,-8.48266193555163e-05,0.0,0.0148,-0.05721732661935552,-0.0012697094436743964,time_exit,False,False,False
110,PF_XBTUSD,1,0.0003,2026-04-11T16:51:00+00:00,2026-04-11T16:59:00+00:00,2026-04-11T17:00:00+00:00,73206.0,73244.0,73053.0,73015.0,21.9732,0.48822709122779984,45.006105549656226,44.91548049079283,2.19732,2.19732,0.048822709122779986,10.0,stop_risk,73053.0,73053.0,0.09063884999999999,0.011251526387414057,-0.0687,0.02193885,1.3791136599889212e-05,1.7238920749861515e-06,0.022799999999999997,-0.09062505886340011,-0.002013616991663753,stop_intrabar,False,False,False
111,PF_XBTUSD,1,0.0003,2026-04-11T18:41:00+00:00,2026-04-11T18:47:00+00:00,2026-04-11T18:48:00+00:00,73582.0,73620.0,73466.0,73427.0,22.086,0.49172356075601553,44.91548049079283,44.835530452367514,2.2086,2.2086,0.04917235607560156,9.999999999999998,stop_risk,73466.0,73466.0,0.0796572,0.011228870122698208,-0.05789999999999999,0.022057049999999998,7.011574689635973e-06,1.1685957816059957e-06,0.0231,-0.07995003842531036,-0.0017800107569081716,stop_intrabar,False,False,False
112,PF_ETHUSD,1,0.015,2026-04-11T22:26:00+00:00,2026-04-11T22:31:00+00:00,2026-04-11T22:32:00+00:00,2304.1,2305.5,2302.6,2301.1,34.582499999999996,0.7713190777733708,44.835530452367514,44.73493640646736,3.4582499999999996,3.4582499999999996,0.07713190777733708,10.0,stop_risk,2302.6,2302.6,0.09905025000000273,0.01120888261309188,-0.06600000000000136,0.0345495,-4.454590013854244e-05,7.424316689757072e-06,0.043500000000001364,-0.1005940459001399,-0.0022436234139575815,stop_intrabar,False,False,False
113,PF_XBTUSD,-1,0.0002,2026-04-11T23:11:00+00:00,2026-04-11T23:22:00+00:00,2026-04-11T23:23:00+00:00,72983.0,72946.0,73184.0,73222.0,14.5892,0.3261254216936995,44.73493640646736,44.66511229011491,1.45892,1.45892,0.03261254216936995,10.0,stop_risk,73184.0,73184.0,0.0698168,0.01118373410161684,-0.055200000000000006,0.014616800000000001,-7.316352421508564e-06,6.096960351257136e-07,0.015000000000000001,-0.06982411635242151,-0.0015608408541814087,stop_intrabar,False,False,False
114,PF_XBTUSD,-1,0.0002,2026-04-12T01:41:00+00:00,2026-04-12T02:41:00+00:00,2026-04-12T02:41:00+00:00,72215.0,72178.0,71882.0,71919.0,14.4356,0.3231963216891951,44.66511229011491,44.70245205548909,1.4435600000000002,1.4435600000000002,0.03231963216891951,10.0,stop_risk,72449.0,72449.0,0.0760664,0.011166278072528728,0.051800000000000006,0.014409700000000001,-5.053462579560064e-05,0.0,0.0148,0.0373397653742044,0.0008359939885893508,time_exit,False,False,False
115,PF_XBTUSD,-1,0.0003,2026-04-12T05:01:00+00:00,2026-04-12T05:08:00+00:00,2026-04-12T05:09:00+00:00,71470.0,71433.0,71602.0,71640.0,21.429899999999996,0.47938981005782616,44.70245205548909,44.61888247348602,2.1429899999999997,2.1429899999999997,0.04793898100578262,10.0,stop_risk,71602.0,71602.0,0.0832608,0.011175613013872272,-0.062099999999999995,0.02146095,-8.632003084528728e-06,1.079000385566091e-06,0.0225,-0.08356958200308452,-0.0018694630419680272,stop_intrabar,False,False,False
116,PF_ETHUSD,1,0.012,2026-04-12T06:16:00+00:00,2026-04-12T06:25:00+00:00,2026-04-12T06:26:00+00:00,2220.9,2222.2,2217.7,2216.4,26.6664,0.5976483166257254,44.61888247348602,44.522627927283075,2.66664,2.66664,0.05976483166257254,10.0,stop_risk,2217.7,2217.7,0.09623159999999674,0.011154720618371507,-0.06959999999999673,0.026631600000000002,-2.2946202952081363e-05,2.294620295208136e-06,0.03119999999999345,-0.09625454620294882,-0.0021572603540697456,stop_intrabar,False,False,False
117,PF_XBTUSD,-1,0.0004,2026-04-12T10:56:00+00:00,2026-04-12T11:02:00+00:00,2026-04-12T11:03:00+00:00,71383.0,71346.0,71487.0,71524.0,28.538400000000003,0.6409864226031439,44.522627927283075,44.42282481538251,2.8538400000000004,2.8538400000000004,0.06409864226031438,10.0,stop_risk,71487.0,71487.0,0.099774,0.01113065698182077,-0.0712,0.028574000000000002,-2.9111900577013994e-05,4.238535256631507e-06,0.0296,-0.09980311190057702,-0.00224162670863861,stop_intrabar,False,False,False
118,PF_XBTUSD,-1,0.0002,2026-04-12T13:01:00+00:00,2026-04-12T14:01:00+00:00,2026-04-12T14:01:00+00:00,70974.0,70938.0,70909.0,70945.0,14.187600000000002,0.3193763579637824,44.42282481538251,44.40710605124266,1.4187600000000002,1.4187600000000002,0.03193763579637824,10.0,stop_risk,71229.0,71229.0,0.0798204,0.011105706203845628,-0.0014,0.014188300000000001,-0.0001304641399246925,0.0,0.014400000000000001,-0.015718764139924693,-0.0003538443177634593,time_exit,False,False,False
119,PF_XBTUSD,-1,0.0003,2026-04-12T14:51:00+00:00,2026-04-12T15:51:00+00:00,2026-04-12T15:51:00+00:00,70802.0,70766.0,70906.0,70942.0,21.229799999999997,0.47807213502051477,44.40710605124266,44.33299397295896,2.1229799999999996,2.1229799999999996,0.04780721350205147,10.0,stop_risk,70932.0,70932.0,0.0818601,0.011101776512810664,-0.05279999999999999,0.021256199999999996,-5.587828375560831e-05,0.0,0.021599999999999998,-0.0741120782837556,-0.0016689238474183728,time_exit,False,False,False
120,PF_ETHUSD,1,0.009,2026-04-12T17:31:00+00:00,2026-04-12T18:31:00+00:00,2026-04-12T18:31:00+00:00,2195.6,2196.9,2203.1,2201.8,19.7721,0.4459906319898008,44.33299397295896,44.357371384565226,1.97721,1.97721,0.044599063198980084,10.0,stop_risk,2190.2,2190.2,0.09173609999999999,0.011083248493239741,0.04410000000000081,0.019794149999999996,7.156160626483138e-05,0.0,0.02339999999999918,0.024377411606265643,0.0005498706363286611,time_exit,False,False,False
121,PF_XBTUSD,1,0.0003,2026-04-13T00:36:00+00:00,2026-04-13T01:36:00+00:00,2026-04-13T01:36:00+00:00,71050.0,71087.0,71202.0,71165.0,21.326099999999997,0.4807791655440772,44.357371384565226,44.35950176740325,2.1326099999999997,2.1326099999999997,0.04807791655440772,10.0,stop_risk,70879.0,70879.0,0.0944895,0.011089342846141307,0.023399999999999997,0.021337799999999997,6.818283793076143e-05,0.0,0.022199999999999998,0.00213038283793076,4.802770704018897e-05,time_exit,False,False,False
122,PF_ETHUSD,1,0.011,2026-04-13T04:41:00+00:00,2026-04-13T04:45:00+00:00,2026-04-13T04:46:00+00:00,2199.4,2200.8,2195.9,2194.6,24.2088,0.5457410258333736,44.35950176740325,44.26711829272069,2.4208800000000004,2.4208800000000004,0.05457410258333737,9.999999999999998,stop_risk,2195.9,2195.9,0.09347415000000199,0.011089875441850814,-0.068200000000003,0.0241747,-8.774682556850955e-06,1.7549365113701912e-06,0.029700000000003,-0.09238347468255985,-0.0020826084830025326,stop_intrabar,False,False,False
123,PF_ETHUSD,-1,0.01,2026-04-13T05:01:00+00:00,2026-04-13T06:01:00+00:00,2026-04-13T06:01:00+00:00,2189.3,2188.0,2192.4,2193.7,21.88,0.49427206567448867,44.26711829272069,44.18832102420135,2.188,2.188,0.049427206567448874,9.999999999999998,stop_risk,2194.4,2194.4,0.09891849999999819,0.011066779573180174,-0.056999999999998184,0.021908499999999997,0.00011123148083253238,0.0,0.02599999999999909,-0.07879726851916566,-0.0017800406161094775,time_exit,False,False,False
124,PF_ETHUSD,1,0.011,2026-04-13T11:51:00+00:00,2026-04-13T12:00:00+00:00,2026-04-13T12:01:00+00:00,2189.8,2191.1,2185.6,2184.3,24.102099999999997,0.5454405019552474,44.18832102420135,44.08942748999969,2.4102099999999997,2.4102099999999997,0.05454405019552474,10.0,stop_risk,2185.6,2185.6,0.09886469999999699,0.011047080256050338,-0.074799999999997,0.0240647,-2.8834201640918727e-05,3.300229925330422e-06,0.028599999999993995,-0.0988935342016379,-0.002238001623720332,stop_intrabar,False,False,False
125,PF_XBTUSD,1,0.0001,2026-04-13T14:41:00+00:00,2026-04-13T15:41:00+00:00,2026-04-13T15:41:00+00:00,71762.0,71799.0,71772.0,71735.0,7.1799,0.16284856503588158,44.08942748999969,44.07592142636595,0.71799,0.71799,0.016284856503588158,10.0,stop_risk,71401.0,71401.0,0.050658150000000006,0.011022356872499924,-0.0064,0.007176700000000001,7.063636613229545e-05,0.0,0.0074,-0.013506063633867705,-0.000306333386545587,time_exit,False,False,False
126,PF_ETHUSD,-1,0.009,2026-04-13T18:31:00+00:00,2026-04-13T18:34:00+00:00,2026-04-13T18:35:00+00:00,2225.4,2224.0,2230.4,2231.8,20.016,0.4541255032736887,44.07592142636595,43.985673045759725,2.0016,2.0016,0.04541255032736887,10.0,stop_risk,2230.4,2230.4,0.09025110000000162,0.01101898035659149,-0.07020000000000164,0.020051100000000002,2.71939376655e-06,9.0646458885e-07,0.025200000000001634,-0.09024838060623509,-0.002047566509914165,stop_intrabar,False,False,False
127,PF_XBTUSD,1,0.0002,2026-04-13T19:26:00+00:00,2026-04-13T20:26:00+00:00,2026-04-13T20:26:00+00:00,72817.0,72854.0,73071.0,73033.0,14.5708,0.33126240866751144,43.985673045759725,44.0071152003997,1.4570800000000002,1.4570800000000002,0.033126240866751144,9.999999999999998,stop_risk,72579.0,72579.0,0.0769396,0.010996418261439933,0.0358,0.0145887,0.0002308546401748059,0.0,0.015000000000000001,0.0214421546401748,0.00048748042613484235,time_exit,False,False,False
128,PF_ETHUSD,1,0.004,2026-04-13T22:16:00+00:00,2026-04-13T22:55:00+00:00,2026-04-13T22:56:00+00:00,2300.5,2301.9,2360.7,2359.3,9.207600000000001,0.2092298020006631,44.0071152003997,44.22739280319964,0.9207600000000001,0.9207600000000001,0.02092298020006631,10.0,stop_risk,2285.0,2285.0,0.08197120000000109,0.011001778800099928,0.22960000000000036,0.009322400000000002,2.800053822875398e-09,7.179625186860002e-11,0.011199999999998909,0.2202776028000542,0.005005499719691999,target_intrabar,False,False,True
129,PF_ETHUSD,1,0.004,2026-04-13T23:31:00+00:00,2026-04-14T00:06:00+00:00,2026-04-14T00:07:00+00:00,2386.1,2387.6,2368.1,2366.7,9.5504,0.2159385709778731,44.22739280319964,44.13425747200363,0.95504,0.95504,0.02159385709778731,10.0,stop_risk,2368.1,2368.1,0.09350839999999999,0.011056848200799912,-0.08360000000000037,0.009508599999999999,-2.6731196057604293e-05,1.3411914088314464e-06,0.011600000000000363,-0.09313533119605798,-0.002105829109359575,stop_intrabar,False,False,False
130,PF_XBTUSD,1,0.0004,2026-04-14T02:16:00+00:00,2026-04-14T02:33:00+00:00,2026-04-14T02:34:00+00:00,74446.0,74484.0,74385.0,74347.0,29.7936,0.6750674352887762,44.13425747200363,44.04970025863083,2.9793600000000002,2.9793600000000002,0.06750674352887763,10.0,stop_risk,74385.0,74385.0,0.08456620000000001,0.01103356436800091,-0.0548,0.029766200000000003,8.986627202689365e-06,5.286251295699625e-07,0.0304,-0.08455721337279731,-0.0019159088249402587,stop_intrabar,False,False,False
131,PF_XBTUSD,-1,0.0004,2026-04-14T05:51:00+00:00,2026-04-14T06:18:00+00:00,2026-04-14T06:19:00+00:00,74290.0,74252.0,74383.0,74421.0,29.7008,0.6742565744061019,44.04970025863083,43.95234327330035,2.9700800000000003,2.9700800000000003,0.06742565744061019,10.0,stop_risk,74383.0,74383.0,0.09733460000000001,0.011012425064657709,-0.06760000000000001,0.0297346,-2.2385330532680334e-05,6.755281361383333e-07,0.0304,-0.09735698533053269,-0.0022101622657797124,stop_intrabar,False,False,False
132,PF_ETHUSD,1,0.008,2026-04-14T06:56:00+00:00,2026-04-14T07:56:00+00:00,2026-04-14T07:56:00+00:00,2376.2,2377.6,2377.6,2376.2,19.0208,0.4327596342640173,43.95234327330035,43.92206513042607,1.9020800000000002,1.9020800000000002,0.043275963426401734,10.0,stop_risk,2369.5,2369.5,0.0949828,0.01098808581832509,-0.011200000000000728,0.0190152,-6.294287430321683e-05,0.0,0.022400000000001457,-0.030278142874303943,-0.0006888857480483174,time_exit,False,False,False
133,PF_XBTUSD,-1,0.0003,2026-04-14T10:46:00+00:00,2026-04-14T11:46:00+00:00,2026-04-14T11:46:00+00:00,74360.0,74322.0,74332.0,74370.0,22.296599999999998,0.5076400650513699,43.92206513042607,43.88527895883398,2.22966,2.22966,0.050764006505137,10.0,stop_risk,74521.0,74521.0,0.09343214999999999,0.010980516282606517,-0.0144,0.0223038,-8.237159203500609e-05,0.0,0.022799999999999997,-0.036786171592035004,-0.0008375328319103141,time_exit,False,False,False
134,PF_XBTUSD,1,0.0003,2026-04-14T13:06:00+00:00,2026-04-14T13:56:00+00:00,2026-04-14T13:57:00+00:00,74615.0,74654.0,75500.0,75461.0,22.396199999999997,0.5103351404239327,43.88527895883398,44.10485986854582,2.23962,2.23962,0.05103351404239327,9.999999999999998,stop_risk,74463.0,74463.0,0.09136169999999999,0.010971319739708496,0.24209999999999998,0.022517249999999996,-1.8402880019642743e-06,3.6084078469887735e-08,0.023399999999999997,0.21958090971199803,0.005003520882662569,target_intrabar,False,False,True
135,PF_ETHUSD,-1,0.004,2026-04-14T14:51:00+00:00,2026-04-14T15:51:00+00:00,2026-04-14T15:51:00+00:00,2365.1,2363.6,2371.9,2373.3,9.4544,0.21436186461489193,44.10485986854582,44.05659867726789,0.9454400000000001,0.9454400000000001,0.021436186461489194,9.999999999999998,stop_risk,2381.3,2381.3,0.0862928000000011,0.011026214967136457,-0.03880000000000109,0.009473800000000001,1.2608722088314029e-05,0.0,0.011600000000000363,-0.04826119127791278,-0.001094237492687991,time_exit,False,False,False
136,PF_XBTUSD,-1,0.0002,2026-04-14T17:06:00+00:00,2026-04-14T18:06:00+00:00,2026-04-14T18:06:00+00:00,74737.0,74699.0,74768.0,74806.0,14.9398,0.33910470732068937,44.05659867726789,44.020074781480226,1.49398,1.49398,0.03391047073206894,10.0,stop_risk,74970.0,74970.0,0.0767707,0.011014149669316974,-0.021400000000000002,0.0149505,-0.0001733957876144244,0.0,0.0152,-0.03652389578761443,-0.0008290221416130304,time_exit,False,False,False
137,PF_XBTUSD,1,0.0003,2026-04-15T00:11:00+00:00,2026-04-15T00:18:00+00:00,2026-04-15T00:19:00+00:00,74568.0,74606.0,74418.0,74380.0,22.3818,0.508445297085599,44.020074781480226,43.9299546516585,2.23818,2.23818,0.050844529708559905,10.0,stop_risk,74418.0,74418.0,0.09014789999999999,0.011005018695370059,-0.0678,0.022347899999999997,2.7770178302108162e-05,3.967168328872595e-06,0.022799999999999997,-0.0901201298216979,-0.002047250720701013,stop_intrabar,False,False,False
138,PF_XBTUSD,1,0.0003,2026-04-15T01:16:00+00:00,2026-04-15T01:36:00+00:00,2026-04-15T01:37:00+00:00,74718.0,74756.0,74556.0,74518.0,22.426799999999997,0.5105127054610632,43.9299546516585,43.836216182092265,2.2426799999999996,2.2426799999999996,0.051051270546106316,10.0,stop_risk,74556.0,74556.0,0.09379109999999999,0.010982488662914625,-0.07139999999999999,0.022391099999999997,5.263043381262334e-05,2.631521690631167e-06,0.022799999999999997,-0.09373846956618737,-0.002133816670412803,stop_intrabar,False,False,False
139,PF_ETHUSD,-1,0.007,2026-04-15T02:31:00+00:00,2026-04-15T03:31:00+00:00,2026-04-15T03:31:00+00:00,2325.2,2323.8,2328.2,2329.6,16.2666,0.37107673555650417,43.836216182092265,43.779377254410065,1.6266600000000002,1.6266600000000002,0.03710767355565042,9.999999999999998,stop_risk,2332.8,2332.8,0.08910299999999746,0.010959054045523067,-0.04059999999999809,0.0162869,4.7972317908779604e-05,0.0,0.01959999999999809,-0.056838927682089306,-0.0012966202978374041,time_exit,False,False,False
140,PF_XBTUSD,-1,0.0003,2026-04-15T05:31:00+00:00,2026-04-15T06:31:00+00:00,2026-04-15T06:31:00+00:00,74038.0,74000.0,73955.0,73993.0,22.2,0.5070880718789509,43.779377254410065,43.75908867350707,2.22,2.22,0.0507088071878951,9.999999999999998,stop_risk,74154.0,74154.0,0.07982879999999999,0.010944844313602518,0.0021,0.02219895,-0.0001896309029898799,0.0,0.022799999999999997,-0.020288580902989878,-0.000463427809516092,time_exit,False,False,False
141,PF_ETHUSD,1,0.011,2026-04-15T08:36:00+00:00,2026-04-15T08:45:00+00:00,2026-04-15T08:46:00+00:00,2330.7,2332.1,2327.4,2326.0,25.6531,0.5862347863640742,43.75908867350707,43.66635317211206,2.56531,2.56531,0.058623478636407426,9.999999999999998,stop_risk,2327.4,2327.4,0.092719549999999,0.01093977216837677,-0.067099999999999,0.025619549999999998,-1.5951395046123106e-05,1.595139504612311e-06,0.030800000000002,-0.0927355013950451,-0.0021192283524677164,stop_intrabar,False,False,False
142,PF_XBTUSD,-1,0.0002,2026-04-15T10:36:00+00:00,2026-04-15T10:44:00+00:00,2026-04-15T10:45:00+00:00,73810.0,73772.0,73989.0,74027.0,14.7544,0.3378894486985243,43.66635317211206,43.60055928122764,1.47544,1.47544,0.03378894486985243,10.0,stop_risk,73989.0,73989.0,0.0657799,0.010916588293028016,-0.051000000000000004,0.014779900000000002,-1.399088443168099e-05,1.5545427146312209e-06,0.0152,-0.06579389088443169,-0.0015067411428910348,stop_intrabar,False,False,False
143,PF_ETHUSD,1,0.008,2026-04-15T11:56:00+00:00,2026-04-15T12:56:00+00:00,2026-04-15T12:56:00+00:00,2336.1,2337.5,2336.1,2334.7,18.7,0.4288935809144848,43.60055928122764,43.55933093575866,1.87,1.87,0.04288935809144849,9.999999999999998,stop_risk,2330.1,2330.1,0.08906480000000146,0.01090013982030691,-0.022400000000001457,0.0186888,-0.00013954546915407448,0.0,0.022400000000001457,-0.04122834546915553,-0.0009455921242484275,time_exit,False,False,False
144,PF_ETHUSD,1,0.009,2026-04-15T17:36:00+00:00,2026-04-15T17:40:00+00:00,2026-04-15T17:41:00+00:00,2352.1,2353.5,2346.4,2344.9,21.1815,0.48626779945813436,43.55933093575866,43.460790978590865,2.11815,2.11815,0.048626779945813436,10.0,stop_risk,2346.4,2346.4,0.09764324999999999,0.010889832733939666,-0.07739999999999918,0.0211428,2.8428322127913546e-06,7.107080531978386e-07,0.026100000000000817,-0.0985399571677864,-0.0022622008890153342,stop_intrabar,False,False,False
145,PF_XBTUSD,1,0.0003,2026-04-15T19:01:00+00:00,2026-04-15T19:36:00+00:00,2026-04-15T19:37:00+00:00,74398.0,74436.0,75275.0,75236.0,22.330799999999996,0.5138148546583132,43.460790978590865,43.678383932009,2.2330799999999997,2.2330799999999997,0.05138148546583133,10.0,stop_risk,74239.0,74239.0,0.09279554999999998,0.010865197744647717,0.24,0.0224508,4.375341808463748e-05,1.2500976595610697e-06,0.0231,0.21759295341808463,0.005006649637952348,target_intrabar,False,False,True
146,PF_XBTUSD,1,0.0003,2026-04-15T19:41:00+00:00,2026-04-15T20:00:00+00:00,2026-04-15T20:01:00+00:00,75077.0,75116.0,74943.0,74905.0,22.534799999999997,0.5159256815700485,43.678383932009,43.59260453386455,2.2534799999999997,2.2534799999999997,0.05159256815700485,10.0,stop_risk,74943.0,74943.0,0.08580314999999998,0.010919595983002251,-0.0633,0.02250315,2.3751855531660337e-05,1.9308963679650416e-06,0.0231,-0.08577939814446833,-0.0019638867197558168,stop_intrabar,False,False,False
147,PF_XBTUSD,1,0.0003,2026-04-15T22:11:00+00:00,2026-04-15T22:19:00+00:00,2026-04-15T22:20:00+00:00,75096.0,75135.0,74953.0,74915.0,22.540499999999998,0.5170716510524073,43.59260453386455,43.504109469012995,2.25405,2.25405,0.051707165105240725,10.0,stop_risk,74953.0,74953.0,0.08850749999999999,0.01089815113346614,-0.06599999999999999,0.0225075,1.2435148466655997e-05,1.5543935583319992e-06,0.0231,-0.08849506485153333,-0.002030047660556429,stop_intrabar,False,False,False
148,PF_XBTUSD,-1,0.0002,2026-04-16T00:21:00+00:00,2026-04-16T00:31:00+00:00,2026-04-16T00:32:00+00:00,74566.0,74528.0,74748.0,74786.0,14.905600000000002,0.3426251032817239,43.504109469012995,43.4375705211789,1.4905600000000003,1.4905600000000003,0.034262510328172395,9.999999999999998,stop_risk,74748.0,74748.0,0.0665314,0.01087602736725325,-0.0516,0.014931400000000001,-7.547834072236329e-06,6.861667338396664e-07,0.0152,-0.06653894783407224,-0.0015294864932579864,stop_intrabar,False,False,False
149,PF_XBTUSD,1,0.0002,2026-04-16T02:36:00+00:00,2026-04-16T03:36:00+00:00,2026-04-16T03:36:00+00:00,75055.0,75094.0,74997.0,74959.0,15.0188,0.34575598542458236,43.4375705211789,43.39562570865474,1.50188,1.50188,0.03457559854245824,10.0,stop_risk,74799.0,74799.0,0.0815855,0.010859392630294725,-0.027,0.015005300000000001,6.048747587282906e-05,0.0,0.0154,-0.04194481252412717,-0.0009656344040621723,time_exit,False,False,False
150,PF_XBTUSD,-1,0.0003,2026-04-16T07:56:00+00:00,2026-04-16T08:56:00+00:00,2026-04-16T08:56:00+00:00,74686.0,74648.0,74716.0,74754.0,22.394399999999997,0.516052012945943,43.39562570865474,43.341329279315005,2.2394399999999997,2.2394399999999997,0.05160520129459431,10.0,stop_risk,74788.0,74788.0,0.07582109999999999,0.010848906427163685,-0.031799999999999995,0.022410299999999998,-8.612933974268402e-05,0.0,0.022799999999999997,-0.05429642933974267,-0.0012511959086446331,time_exit,False,False,False
151,PF_ETHUSD,-1,0.009,2026-04-16T10:11:00+00:00,2026-04-16T11:11:00+00:00,2026-04-16T11:11:00+00:00,2333.0,2331.6,2330.4,2331.9,20.984399999999997,0.4841660454104939,43.341329279315005,43.31753347693757,2.0984399999999996,2.0984399999999996,0.04841660454104939,10.0,stop_risk,2337.7,2337.7,0.08851814999999999,0.010835332319828752,-0.002700000000001637,0.020985749999999997,-0.00011005237740610352,0.0,0.026100000000000817,-0.02379580237740774,-0.0005490325925182105,time_exit,False,False,False
152,PF_XBTUSD,1,0.0004,2026-04-16T12:06:00+00:00,2026-04-16T12:40:00+00:00,2026-04-16T12:41:00+00:00,74701.0,74739.0,74608.0,74570.0,29.8956,0.6901500985949844,43.31753347693757,43.22015562131345,2.9895600000000004,2.9895600000000004,0.06901500985949845,9.999999999999998,stop_risk,74608.0,74608.0,0.0974618,0.010829383369234393,-0.06760000000000001,0.0298618,8.394437597178552e-05,2.468952234464279e-06,0.0304,-0.09737785562402822,-0.002248000931906074,stop_intrabar,False,False,False
153,PF_XBTUSD,1,0.0003,2026-04-16T13:26:00+00:00,2026-04-16T13:31:00+00:00,2026-04-16T13:32:00+00:00,74908.0,74946.0,74796.0,74758.0,22.4838,0.5202156187728396,43.22015562131345,43.14130544250249,2.24838,2.24838,0.05202156187728396,10.0,stop_risk,74796.0,74796.0,0.07885559999999998,0.010805038905328364,-0.05639999999999999,0.0224556,5.42118903292687e-06,1.084237806585374e-06,0.022799999999999997,-0.07885017881096706,-0.0018243844261422125,stop_intrabar,False,False,False
154,PF_XBTUSD,1,0.0002,2026-04-16T18:51:00+00:00,2026-04-16T19:51:00+00:00,2026-04-16T19:51:00+00:00,74743.0,74781.0,75253.0,75213.0,14.9562,0.3466793562826512,43.14130544250249,43.21265471543618,1.4956200000000002,1.4956200000000002,0.034667935628265124,10.0,stop_risk,74456.0,74456.0,0.08751990000000001,0.010785326360625624,0.0864,0.0149994,-5.132706634581271e-05,0.0,0.015600000000000001,0.0713492729336542,0.0016538505778121732,time_exit,False,False,False
155,PF_XBTUSD,1,0.0003,2026-04-16T23:46:00+00:00,2026-04-17T00:05:00+00:00,2026-04-17T00:06:00+00:00,75139.0,75178.0,75018.0,74979.0,22.553399999999996,0.5219165577426003,43.21265471543618,43.13042390461979,2.25534,2.25534,0.052191655774260035,9.999999999999998,stop_risk,75018.0,75018.0,0.08222354999999999,0.010803163678859046,-0.059699999999999996,0.022523549999999996,-7.260816374468084e-06,1.6996533545312498e-07,0.023399999999999997,-0.08223081081637446,-0.0019029335586503652,stop_intrabar,False,False,False
156,PF_XBTUSD,-1,0.0006,2026-04-17T01:56:00+00:00,2026-04-17T01:56:00+00:00,2026-04-17T01:57:00+00:00,74753.0,74715.0,74759.0,74797.0,44.82899999999999,1.0393823185957203,43.13042390461979,43.036370304619794,4.4829,4.4829,0.10393823185957203,9.999999999999998,stop_risk,74759.0,74759.0,0.09405359999999999,0.01078260597615495,-0.049199999999999994,0.044853599999999993,0.0,7.048975796070556e-07,0.045599999999999995,-0.09405359999999999,-0.0021806787757985774,stop_intrabar,False,False,False
157,PF_XBTUSD,1,0.0004,2026-04-17T06:46:00+00:00,2026-04-17T07:46:00+00:00,2026-04-17T07:46:00+00:00,74840.0,74878.0,75032.0,74992.0,29.9512,0.6959508849840167,43.036370304619794,43.051943783734416,2.99512,2.99512,0.06959508849840167,10.0,stop_risk,74773.0,74773.0,0.08712260000000001,0.01075909257615495,0.0456,0.029974,-5.252088548341902e-05,0.0,0.031200000000000002,0.015573479114516581,0.0003618678574490476,time_exit,False,False,False
158,PF_XBTUSD,1,0.0002,2026-04-17T08:56:00+00:00,2026-04-17T09:56:00+00:00,2026-04-17T09:56:00+00:00,75805.0,75844.0,75831.0,75792.0,15.168800000000001,0.35233716916937374,43.051943783734416,43.026364652499424,1.5168800000000002,1.5168800000000002,0.03523371691693738,10.0,stop_risk,75517.0,75517.0,0.0883322,0.010762985945933605,-0.010400000000000001,0.015163600000000001,-1.5531234910964224e-05,0.0,0.015600000000000001,-0.025579131234910967,-0.000594145791962478,time_exit,False,False,False
159,PF_XBTUSD,1,0.0002,2026-04-17T12:21:00+00:00,2026-04-17T13:21:00+00:00,2026-04-17T13:21:00+00:00,75765.0,75804.0,76766.0,76727.0,15.1608,0.35236070075744363,43.026364652499424,43.195725411192754,1.51608,1.51608,0.03523607007574436,10.0,stop_risk,75593.0,75593.0,0.0651358,0.010756591163124857,0.18460000000000001,0.015253100000000002,1.3858693419176744e-05,0.0,0.015600000000000001,0.1693607586934192,0.003936208881722964,time_exit,False,False,False
160,PF_ETHUSD,1,0.004,2026-04-17T13:26:00+00:00,2026-04-17T13:27:00+00:00,2026-04-17T13:28:00+00:00,2422.6,2424.0,2406.8,2405.4,9.696,0.22446665515397501,43.195725411192754,43.111667213028944,0.9696,0.9696,0.022446665515397504,10.0,stop_risk,2406.8,2406.8,0.08405879999999964,0.01079893135279819,-0.07439999999999963,0.0096588,6.018361935287739e-07,6.018361935287739e-07,0.011200000000000728,-0.08405819816380611,-0.0019459841769904663,stop_intrabar,False,False,False
161,PF_XBTUSD,1,0.0001,2026-04-17T13:56:00+00:00,2026-04-17T14:56:00+00:00,2026-04-17T14:56:00+00:00,77268.0,77308.0,77749.0,77709.0,7.7308,0.1793203673103054,43.111667213028944,43.144042357738826,0.7730800000000001,0.7730800000000001,0.01793203673103054,10.0,stop_risk,76723.0,76723.0,0.0700996,0.010777916803257237,0.040100000000000004,0.00775085,2.5994710039716004e-05,0.0,0.008,0.03237514471003972,0.0007509601646826478,time_exit,False,False,False
162,PF_XBTUSD,1,0.0001,2026-04-17T16:31:00+00:00,2026-04-17T16:53:00+00:00,2026-04-17T16:54:00+00:00,78193.0,78233.0,77858.0,77818.0,7.823300000000001,0.18132978674393316,43.144042357738826,43.09478564371181,0.7823300000000001,0.7823300000000001,0.018132978674393316,10.0,stop_risk,77858.0,77858.0,0.04930255000000001,0.010786010589434708,-0.0415,0.00780255,4.5835972923910996e-05,2.0834533147232267e-06,0.008,-0.0492567140270761,-0.0011416805504373614,stop_intrabar,False,False,False
163,PF_XBTUSD,1,0.0004,2026-04-17T20:11:00+00:00,2026-04-17T20:21:00+00:00,2026-04-17T20:22:00+00:00,77461.0,77501.0,77384.0,77344.0,31.000400000000003,0.719353850748842,43.09478564371181,43.00103905322357,3.1000400000000004,3.1000400000000004,0.0719353850748842,10.0,stop_risk,77384.0,77384.0,0.093769,0.010773696410927952,-0.06280000000000001,0.030969000000000003,2.240951178439586e-05,2.2409511784395855e-06,0.032,-0.09374659048821563,-0.00217535808771089,stop_intrabar,False,False,False
164,PF_XBTUSD,-1,0.0003,2026-04-17T23:11:00+00:00,2026-04-18T00:11:00+00:00,2026-04-18T00:11:00+00:00,77200.0,77160.0,77124.0,77164.0,23.148,0.5383125735950027,43.00103905322357,42.97657327656728,2.3148,2.3148,0.05383125735950027,10.0,stop_risk,77363.0,77363.0,0.09608444999999999,0.010750259763305894,-0.0012,0.0231486,-0.00011717665628033314,0.0,0.023999999999999997,-0.02446577665628033,-0.0005689578018335409,time_exit,False,False,False
165,PF_XBTUSD,1,0.0003,2026-04-18T01:21:00+00:00,2026-04-18T01:49:00+00:00,2026-04-18T01:50:00+00:00,77326.0,77366.0,77211.0,77171.0,23.209799999999998,0.5400570178231265,42.97657327656728,42.89497132655272,2.32098,2.32098,0.054005701782312655,9.999999999999998,stop_risk,77211.0,77211.0,0.08168055,0.010744143319141822,-0.058499999999999996,0.02318055,7.859998549992968e-05,2.8071423392832043e-06,0.023999999999999997,-0.08160195001450006,-0.0018987542233618016,stop_intrabar,False,False,False
166,PF_XBTUSD,-1,0.0003,2026-04-18T04:01:00+00:00,2026-04-18T04:51:00+00:00,2026-04-18T04:52:00+00:00,76994.0,76955.0,77128.0,77168.0,23.086499999999997,0.5382099413063148,42.89497132655272,42.80784204421615,2.3086499999999996,2.3086499999999996,0.05382099413063148,10.0,stop_risk,77128.0,77128.0,0.08701845,0.010723742831638182,-0.0639,0.02311845,-0.00011083233660253794,2.1731830706379962e-06,0.0237,-0.08712928233660254,-0.002031223699237398,stop_intrabar,False,False,False
167,PF_ETHUSD,-1,0.011,2026-04-18T07:51:00+00:00,2026-04-18T08:34:00+00:00,2026-04-18T08:35:00+00:00,2404.1,2402.7,2379.4,2380.8,26.429699999999997,0.6174032312280727,42.80784204421615,43.02254558844588,2.64297,2.64297,0.06174032312280728,9.999999999999998,stop_risk,2407.2,2407.2,0.09136215000000099,0.01070196051105404,0.24089999999999598,0.02630925,0.00011279422976577576,2.7127795553529245e-06,0.030800000000002,0.21470354422976176,0.005015518979162622,target_intrabar,False,False,True
168,PF_ETHUSD,-1,0.005,2026-04-18T08:41:00+00:00,2026-04-18T09:41:00+00:00,2026-04-18T09:41:00+00:00,2374.9,2373.5,2379.1,2380.6,11.8675,0.27584374280231183,43.02254558844588,42.975246142709366,1.18675,1.18675,0.02758437428023118,10.0,stop_risk,2386.0,2386.0,0.08140225000000045,0.010755636397111471,-0.035499999999999546,0.01188525,8.580426342396791e-05,0.0,0.014500000000000455,-0.04729944573657558,-0.0010994106715358635,time_exit,False,False,False
169,PF_XBTUSD,-1,0.0002,2026-04-18T10:11:00+00:00,2026-04-18T11:11:00+00:00,2026-04-18T11:11:00+00:00,76294.0,76254.0,76060.0,76099.0,15.2508,0.3548740581812178,42.975246142709366,42.99099014819238,1.52508,1.52508,0.03548740581812178,10.0,stop_risk,76474.0,76474.0,0.06727680000000001,0.010743811535677342,0.031,0.0152353,-2.069451687593469e-05,0.0,0.0158,0.015744005483124063,0.000366350559827916,time_exit,False,False,False
170,PF_XBTUSD,-1,0.0003,2026-04-18T11:16:00+00:00,2026-04-18T11:31:00+00:00,2026-04-18T11:32:00+00:00,76018.0,75979.0,76134.0,76173.0,22.793699999999998,0.5301971394803614,42.99099014819238,42.9099512731657,2.2793699999999997,2.2793699999999997,0.05301971394803614,10.0,stop_risk,76134.0,76134.0,0.0810228,0.010747747537048095,-0.058199999999999995,0.022822799999999997,-1.607502666e-05,1.00468916625e-06,0.023399999999999997,-0.08103887502665999,-0.0018850199715641437,stop_intrabar,False,False,False
171,PF_ETHUSD,1,0.01,2026-04-18T15:01:00+00:00,2026-04-18T15:10:00+00:00,2026-04-18T15:11:00+00:00,2364.6,2366.0,2360.2,2358.8,23.66,0.5513872492974862,42.9099512731657,42.81433195322588,2.366,2.366,0.05513872492974862,10.0,stop_risk,2360.2,2360.2,0.0956239999999982,0.010727487818291427,-0.07199999999999818,0.023624,4.680060195207938e-06,5.200066883564376e-07,0.027999999999997274,-0.09561931993980298,-0.0022283716737660285,stop_intrabar,False,False,False
172,PF_ETHUSD,-1,0.008,2026-04-18T18:41:00+00:00,2026-04-18T18:47:00+00:00,2026-04-18T18:48:00+00:00,2347.5,2346.1,2353.4,2354.8,18.7688,0.43837657026868193,42.81433195322588,42.72590530287357,1.8768799999999999,1.8768799999999999,0.04383765702686819,10.0,stop_risk,2353.4,2353.4,0.08840360000000219,0.010703582988306471,-0.06960000000000219,0.018803600000000004,-2.305035228564518e-05,3.2929074693778827e-06,0.022400000000001457,-0.08842665035228783,-0.00206535163152593,stop_intrabar,False,False,False
173,PF_ETHUSD,-1,0.011,2026-04-19T00:41:00+00:00,2026-04-19T00:48:00+00:00,2026-04-19T00:49:00+00:00,2346.3,2344.9,2349.4,2350.8,25.7939,0.6037063420225577,42.72590530287357,42.63514883696202,2.57939,2.57939,0.06037063420225576,10.0,stop_risk,2349.4,2349.4,0.09072635000000101,0.010681476325718394,-0.064900000000001,0.02582635,-3.011591156796775e-05,3.7644889459959686e-06,0.030800000000002,-0.09075646591156898,-0.002124155480573634,stop_intrabar,False,False,False
174,PF_XBTUSD,-1,0.0003,2026-04-19T01:36:00+00:00,2026-04-19T01:54:00+00:00,2026-04-19T01:55:00+00:00,75538.0,75499.0,75651.0,75690.0,22.6497,0.5312447738041932,42.63514883696202,42.55511337909561,2.26497,2.26497,0.053124477380419324,10.0,stop_risk,75651.0,75651.0,0.07997834999999999,0.010658787209240505,-0.0573,0.02267835,-5.710786641898905e-05,3.005677179946793e-06,0.023399999999999997,-0.080035457866419,-0.0018772177428646208,stop_intrabar,False,False,False
175,PF_XBTUSD,-1,0.0004,2026-04-19T06:21:00+00:00,2026-04-19T06:31:00+00:00,2026-04-19T06:32:00+00:00,75409.0,75370.0,75483.0,75522.0,30.148,0.7084460034551249,42.55511337909561,42.46410732663995,3.0148,3.0148,0.0708446003455125,10.0,stop_risk,75483.0,75483.0,0.0909784,0.010638778344773904,-0.0608,0.0301784,-2.765245563642507e-05,2.5138596033113696e-06,0.031200000000000002,-0.09100605245563642,-0.002138545646557751,stop_intrabar,False,False,False
176,PF_ETHUSD,-1,0.009,2026-04-19T07:16:00+00:00,2026-04-19T08:16:00+00:00,2026-04-19T08:16:00+00:00,2322.5,2321.1,2316.0,2317.4,20.889899999999997,0.49194252075787015,42.46410732663995,42.47624199037883,2.08899,2.08899,0.049194252075787016,10.0,stop_risk,2327.0,2327.0,0.08662275000000164,0.010616026831659988,0.03329999999999836,0.020873249999999996,-0.00029208626123926546,0.0,0.025200000000001634,0.012134663738759096,0.0002857628360209609,time_exit,False,False,False
177,PF_XBTUSD,1,0.0003,2026-04-19T11:56:00+00:00,2026-04-19T12:41:00+00:00,2026-04-19T12:42:00+00:00,75605.0,75644.0,75479.0,75440.0,22.693199999999997,0.5342563027383677,42.47624199037883,42.39237432321662,2.26932,2.26932,0.053425630273836774,9.999999999999998,stop_risk,75479.0,75479.0,0.0838626,0.010619060497594708,-0.0612,0.022662599999999998,-5.067162161507283e-06,1.2358054044049893e-07,0.023399999999999997,-0.08386766716216149,-0.0019744606215671835,stop_intrabar,False,False,False
178,PF_XBTUSD,1,0.0002,2026-04-19T13:26:00+00:00,2026-04-19T14:02:00+00:00,2026-04-19T14:03:00+00:00,76091.0,76130.0,75877.0,75838.0,15.226,0.3591683703278994,42.39237432321662,42.31877673064628,1.5226000000000002,1.5226000000000002,0.035916837032789944,10.0,stop_risk,75877.0,75877.0,0.0735968,0.010598093580804158,-0.0584,0.0151968,-7.925704529019446e-07,7.372188073979489e-08,0.015600000000000001,-0.07359759257045291,-0.0017361045175086226,stop_intrabar,False,False,False
179,PF_ETHUSD,-1,0.007,2026-04-19T15:41:00+00:00,2026-04-19T16:41:00+00:00,2026-04-19T16:41:00+00:00,2325.1,2323.6,2322.6,2324.0,16.2652,0.3843494840015335,42.31877673064628,42.29947181751802,1.6265200000000002,1.6265200000000002,0.03843494840015336,9.999999999999998,stop_risk,2332.6,2332.6,0.08980194999999999,0.01057969418266157,-0.0028000000000006366,0.0162666,-0.00023831312820405537,0.0,0.020300000000000637,-0.019304913128204693,-0.0004561784299928623,time_exit,False,False,False
180,PF_XBTUSD,-1,0.0002,2026-04-19T17:11:00+00:00,2026-04-19T17:22:00+00:00,2026-04-19T17:23:00+00:00,75165.0,75126.0,75396.0,75435.0,15.0252,0.35521010911955225,42.29947181751802,42.222600186672544,1.50252,1.50252,0.035521010911955225,10.0,stop_risk,75396.0,75396.0,0.07685610000000001,0.010574867954379506,-0.0618,0.015056100000000001,-1.5530845442119e-05,1.294237120176583e-06,0.015600000000000001,-0.07687163084544212,-0.0018173189295854586,stop_intrabar,False,False,False
181,PF_XBTUSD,-1,0.0002,2026-04-19T18:01:00+00:00,2026-04-19T19:01:00+00:00,2026-04-19T19:01:00+00:00,74784.0,74746.0,74911.0,74949.0,14.949200000000001,0.3540568305577419,42.222600186672544,42.166953924651615,1.4949200000000002,1.4949200000000002,0.03540568305577419,9.999999999999998,stop_risk,75068.0,75068.0,0.08718530000000001,0.010555650046668136,-0.040600000000000004,0.0149695,-7.676202092406488e-05,0.0,0.0152,-0.05564626202092406,-0.001317925986909936,time_exit,False,False,False
182,PF_XBTUSD,-1,0.0003,2026-04-19T20:51:00+00:00,2026-04-19T20:51:00+00:00,2026-04-19T20:52:00+00:00,74613.0,74574.0,74704.0,74743.0,22.3722,0.5305623934794299,42.166953924651615,42.09385379548541,2.23722,2.23722,0.05305623934794299,9.999999999999998,stop_risk,74704.0,74704.0,0.07309755,0.010541738481162905,-0.050699999999999995,0.02239755,-2.5791662071901946e-06,2.5791662071901946e-06,0.023399999999999997,-0.07310012916620719,-0.0017335880912059773,stop_intrabar,False,False,False
183,PF_XBTUSD,1,0.0003,2026-04-20T01:51:00+00:00,2026-04-20T02:01:00+00:00,2026-04-20T02:02:00+00:00,74676.0,74716.0,74553.0,74514.0,22.4148,0.5324957916398712,42.09385379548541,42.0109302260108,2.24148,2.24148,0.05324957916398713,10.0,stop_risk,74553.0,74553.0,0.08328435,0.010523463448871354,-0.060599999999999994,0.022384499999999998,6.09305254259675e-05,4.185749286122139e-06,0.0237,-0.08292356947457402,-0.0019699685820514638,stop_intrabar,False,False,False
184,PF_XBTUSD,1,0.0004,2026-04-20T04:01:00+00:00,2026-04-20T04:05:00+00:00,2026-04-20T04:06:00+00:00,74611.0,74650.0,74529.0,74489.0,29.860000000000003,0.7107674083710809,42.0109302260108,41.91672604604548,2.9860000000000007,2.9860000000000007,0.07107674083710809,9.999999999999998,stop_risk,74529.0,74529.0,0.09382800000000001,0.0105027325565027,-0.0644,0.0298278,2.362003469085578e-05,5.905008672713945e-06,0.0316,-0.09420417996530915,-0.002242373102868911,stop_intrabar,False,False,False
185,PF_ETHUSD,-1,0.007,2026-04-20T05:16:00+00:00,2026-04-20T06:16:00+00:00,2026-04-20T06:16:00+00:00,2270.4,2269.0,2269.2,2270.6,15.883000000000001,0.3789179522883667,41.91672604604548,41.88951137257011,1.5883000000000003,1.5883000000000003,0.03789179522883668,9.999999999999998,stop_risk,2277.9,2277.9,0.08801905000000128,0.010479181511511372,-0.011199999999999363,0.015888600000000003,-0.00012607347542322763,0.0,0.019600000000001273,-0.027214673475422592,-0.000649255703928959,time_exit,False,False,False
186,PF_ETHUSD,1,0.01,2026-04-20T06:51:00+00:00,2026-04-20T07:21:00+00:00,2026-04-20T07:22:00+00:00,2283.0,2284.3,2309.0,2307.6,22.843000000000004,0.5453155038461,41.88951137257011,42.099621828684505,2.2843000000000004,2.2843000000000004,0.054531550384609995,10.0,stop_risk,2278.9,2278.9,0.08980950000000273,0.01047237784314253,0.23299999999999726,0.0229595,6.995611433999699e-05,2.017048677777651e-06,0.02700000000000273,0.21011045611433726,0.00501582494590569,target_intrabar,False,False,True
187,PF_ETHUSD,1,0.009,2026-04-20T07:26:00+00:00,2026-04-20T07:28:00+00:00,2026-04-20T07:29:00+00:00,2318.9,2320.3,2313.7,2312.3,20.8827,0.4960305839557829,42.099621828684505,42.00677875937212,2.08827,2.08827,0.04960305839557829,10.0,stop_risk,2313.7,2313.7,0.09284669999999999,0.010524905457171128,-0.072,0.020846700000000003,3.630687619999771e-06,1.8153438099998855e-06,0.025199999999997544,-0.09284306931238001,-0.002205318368183572,stop_intrabar,False,False,False
188,PF_ETHUSD,1,0.007,2026-04-20T09:46:00+00:00,2026-04-20T10:46:00+00:00,2026-04-20T10:46:00+00:00,2310.8,2312.2,2308.8,2307.4,16.185399999999998,0.3853044788964895,42.00677875937212,41.95715482427306,1.6185399999999999,1.6185399999999999,0.038530447889648954,10.0,stop_risk,2303.7,2303.7,0.08545074999999745,0.01050169468984303,-0.03359999999999809,0.016168599999999998,0.00014466490088451298,0.0,0.01959999999999809,-0.04962393509911358,-0.0011813315984873513,time_exit,False,False,False
189,PF_XBTUSD,1,0.0001,2026-04-20T12:21:00+00:00,2026-04-20T12:38:00+00:00,2026-04-20T12:39:00+00:00,75615.0,75654.0,75276.0,75237.0,7.5654,0.18031251241142937,41.95715482427306,41.90793611568665,0.7565400000000001,0.7565400000000001,0.01803125124114294,10.0,stop_risk,75276.0,75276.0,0.04924455,0.010489288706068266,-0.0417,0.0075445500000000006,2.5841413590576008e-05,1.520083152386824e-06,0.0078000000000000005,-0.04921870858640942,-0.0011730706906259384,stop_intrabar,False,False,False
190,PF_XBTUSD,1,0.0001,2026-04-20T14:31:00+00:00,2026-04-20T14:41:00+00:00,2026-04-20T14:42:00+00:00,75641.0,75680.0,75215.0,75176.0,7.5680000000000005,0.1805863209084927,41.90793611568665,41.85001313056996,0.7568000000000001,0.7568000000000001,0.01805863209084927,9.999999999999998,stop_risk,75215.0,75215.0,0.0579428,0.010476984028921665,-0.0504,0.0075428000000000005,1.9814883327963523e-05,1.981488332796352e-06,0.0078000000000000005,-0.057922985116672036,-0.0013821483586492047,stop_intrabar,False,False,False
191,PF_ETHUSD,-1,0.004,2026-04-20T15:01:00+00:00,2026-04-20T15:21:00+00:00,2026-04-20T15:22:00+00:00,2292.3,2291.0,2306.7,2308.1,9.164,0.21897245220470482,41.85001313056996,41.77238735446351,0.9164,0.9164,0.02189724522047048,10.0,stop_risk,2306.7,2306.7,0.07759819999999963,0.01046250328264249,-0.06839999999999964,0.0091982,-2.7576106387200005e-05,1.3131479232e-06,0.010800000000001092,-0.07762577610638685,-0.0018548566726657478,stop_intrabar,False,False,False
192,PF_XBTUSD,1,0.0002,2026-04-20T18:11:00+00:00,2026-04-20T18:38:00+00:00,2026-04-20T18:39:00+00:00,76249.0,76289.0,76008.0,75968.0,15.257800000000001,0.3652604259969273,41.77238735446351,41.69306627429087,1.5257800000000001,1.5257800000000001,0.03652604259969273,10.0,stop_risk,76008.0,76008.0,0.07942570000000002,0.010443096838615879,-0.06420000000000001,0.015225700000000002,0.00010461982727636775,3.874808417643251e-06,0.016,-0.07932108017272363,-0.0018988878825535434,stop_intrabar,False,False,False
193,PF_XBTUSD,1,0.0002,2026-04-20T19:01:00+00:00,2026-04-20T19:22:00+00:00,2026-04-20T19:23:00+00:00,76480.0,76520.0,76176.0,76137.0,15.304,0.36706343206608627,41.69306627429087,41.60127553416216,1.5304000000000002,1.5304000000000002,0.036706343206608635,9.999999999999998,stop_risk,76176.0,76176.0,0.0920656,0.010423266568572719,-0.0766,0.0152657,7.495987129892567e-05,3.569517680901222e-06,0.0158,-0.09179074012870109,-0.0022015828609204947,stop_intrabar,False,False,False
194,PF_XBTUSD,-1,0.0003,2026-04-20T21:21:00+00:00,2026-04-20T22:00:00+00:00,2026-04-20T22:01:00+00:00,75967.0,75927.0,76090.0,76129.0,22.7781,0.547533692357463,41.60127553416216,41.5176010016215,2.27781,2.27781,0.05475336923574631,9.999999999999998,stop_risk,76090.0,76090.0,0.08370854999999999,0.010400318883540541,-0.060599999999999994,0.0228084,-0.00026613254072309724,6.18835078016e-06,0.0237,-0.08367453254072309,-0.002011345360601051,stop_intrabar,False,False,False
195,PF_ETHUSD,-1,0.007,2026-04-20T23:11:00+00:00,2026-04-21T00:11:00+00:00,2026-04-21T00:11:00+00:00,2311.5,2310.0,2315.1,2316.5,16.17,0.38947337056802656,41.5176010016215,41.45576449672302,1.6170000000000002,1.6170000000000002,0.03894733705680266,10.0,stop_risk,2318.4,2318.4,0.08550465000000064,0.010379400250405376,-0.0455,0.01619275,-0.00014375489848935107,0.0,0.020300000000000637,-0.06183650489848935,-0.001489404575569631,time_exit,False,False,False
196,PF_ETHUSD,-1,0.008,2026-04-21T02:11:00+00:00,2026-04-21T03:11:00+00:00,2026-04-21T03:11:00+00:00,2310.3,2308.8,2306.2,2307.6,18.4704,0.4455447927262334,41.45576449672302,41.446699240506106,1.8470400000000002,1.8470400000000002,0.044554479272623335,10.0,stop_risk,2315.8,2315.8,0.08650440000000001,0.010363941124180756,0.009600000000002183,0.0184656,-0.00019965621672633383,0.0,0.023200000000000727,-0.009065256216724151,-0.00021867299582524255,time_exit,False,False,False
197,PF_XBTUSD,1,0.0003,2026-04-21T05:11:00+00:00,2026-04-21T05:46:00+00:00,2026-04-21T05:47:00+00:00,75910.0,75949.0,75814.0,75775.0,22.784699999999997,0.5497349708787516,41.446699240506106,41.37184771445574,2.27847,2.27847,0.05497349708787516,9.999999999999998,stop_risk,75814.0,75814.0,0.07495859999999999,0.010361674810126528,-0.052199999999999996,0.022758599999999997,0.00010707394968200001,3.0592557052e-06,0.023399999999999997,-0.07485152605031799,-0.0018059707388511446,stop_intrabar,False,False,False
198,PF_XBTUSD,1,0.0003,2026-04-21T07:31:00+00:00,2026-04-21T08:31:00+00:00,2026-04-21T08:31:00+00:00,76178.0,76217.0,76377.0,76337.0,22.865099999999998,0.5526729228487105,41.37184771445574,41.38515569202274,2.28651,2.28651,0.05526729228487105,10.0,stop_risk,76035.0,76035.0,0.08913194999999999,0.010342961928613935,0.036,0.0228831,0.00019107756700043396,0.0,0.0237,0.013307977567000431,0.00032166746960036037,time_exit,False,False,False
199,PF_XBTUSD,1,0.0002,2026-04-21T08:51:00+00:00,2026-04-21T09:02:00+00:00,2026-04-21T09:03:00+00:00,76633.0,76672.0,76465.0,76425.0,15.3344,0.37052899146047685,41.38515569202274,41.32046325711052,1.5334400000000001,1.5334400000000001,0.03705289914604769,10.0,stop_risk,76465.0,76465.0,0.06450979999999999,0.010346288923005688,-0.0494,0.0153097,1.726508777457048e-05,9.088647210501136e-07,0.0158,-0.06469243491222543,-0.0015631796916181547,stop_intrabar,False,False,False
200,PF_ETHUSD,1,0.009,2026-04-21T10:51:00+00:00,2026-04-21T11:00:00+00:00,2026-04-21T11:01:00+00:00,2336.0,2337.4,2331.1,2329.7,21.0366,0.5091085225522,41.32046325711052,41.230179979202866,2.10366,2.10366,0.05091085225522,10.0,stop_risk,2331.1,2331.1,0.09030195000000245,0.01033011581427763,-0.06930000000000246,0.02100195,1.8672092350049652e-05,1.6446521652501165e-06,0.025200000000001634,-0.09028327790765239,-0.002184953187622267,stop_intrabar,False,False,False
201,PF_XBTUSD,-1,0.0002,2026-04-21T12:46:00+00:00,2026-04-21T13:02:00+00:00,2026-04-21T13:03:00+00:00,75851.0,75811.0,76093.0,76133.0,15.1622,0.3677451810214762,41.230179979202866,41.15056522038552,1.5162200000000001,1.5162200000000001,0.036774518102147616,10.0,stop_risk,76093.0,76093.0,0.0795944,0.010307544994800718,-0.0644,0.0151944,-2.035881731185048e-05,1.1117621194817794e-06,0.016,-0.07961475881731185,-0.0019309825680477444,stop_intrabar,False,False,False
202,PF_XBTUSD,1,0.0001,2026-04-21T14:46:00+00:00,2026-04-21T14:55:00+00:00,2026-04-21T14:56:00+00:00,76473.0,76514.0,76154.0,76112.0,7.651400000000001,0.18593669270451682,41.15056522038552,41.10273874441892,0.7651400000000002,0.7651400000000002,0.018593669270451686,9.999999999999998,stop_risk,76154.0,76154.0,0.04773135,0.010287641305096382,-0.0402,0.007631300000000001,4.8240334227867126e-06,5.360037136429679e-07,0.0083,-0.047826475966577214,-0.0011622313256315741,stop_intrabar,False,False,False
203,PF_ETHUSD,-1,0.004,2026-04-21T15:06:00+00:00,2026-04-21T16:00:00+00:00,2026-04-21T16:01:00+00:00,2295.9,2294.4,2312.8,2314.2,9.1776,0.22328439126811636,41.10273874441892,41.014315318638836,0.91776,0.91776,0.022328439126811636,10.0,stop_risk,2312.8,2312.8,0.08881740000000037,0.01027568468610473,-0.07919999999999891,0.009217200000000002,-6.225780232651849e-06,6.918534967185527e-07,0.011599999999998546,-0.08842342578023157,-0.0021512781990041486,stop_intrabar,False,False,False
204,PF_XBTUSD,-1,0.0002,2026-04-21T19:46:00+00:00,2026-04-21T20:04:00+00:00,2026-04-21T20:05:00+00:00,74947.0,74905.0,75187.0,75226.0,14.981,0.3652627109245422,41.014315318638836,40.93508610747899,1.4981,1.4981,0.03652627109245422,10.0,stop_risk,75187.0,75187.0,0.0800135,0.01025357882965971,-0.06420000000000001,0.015013100000000001,-1.6111159852464672e-05,8.974883122563982e-07,0.0162,-0.07922921115985247,-0.0019317453075669653,stop_intrabar,False,False,False
205,PF_ETHUSD,-1,0.009,2026-04-21T22:26:00+00:00,2026-04-21T23:01:00+00:00,2026-04-21T23:02:00+00:00,2308.4,2307.0,2312.9,2314.3,20.762999999999998,0.5072176945099066,40.93508610747899,40.84856317361582,2.0763,2.0763,0.05072176945099066,10.0,stop_risk,2312.9,2312.9,0.08649585000000164,0.010233771526869748,-0.06570000000000163,0.02079585,-2.708386325077871e-05,2.9843166919988445e-07,0.025200000000001634,-0.08652293386325241,-0.0021136619484829755,stop_intrabar,False,False,False
206,PF_XBTUSD,1,0.0003,2026-04-21T23:11:00+00:00,2026-04-22T00:11:00+00:00,2026-04-22T00:11:00+00:00,75797.0,75836.0,76366.0,76327.0,22.750799999999998,0.5569547184145461,40.84856317361582,40.97315540001371,2.27508,2.27508,0.05569547184145462,10.0,stop_risk,75688.0,75688.0,0.07882275,0.010212140793403957,0.1473,0.02282445,0.00011667639789333978,0.0,0.023399999999999997,0.12459222639789332,0.0030501005841588012,time_exit,False,False,False
207,PF_ETHUSD,-1,0.007,2026-04-22T01:26:00+00:00,2026-04-22T01:52:00+00:00,2026-04-22T01:53:00+00:00,2317.1,2315.7,2323.8,2325.2,16.209899999999998,0.3956224469837774,40.97315540001371,40.89041633552643,1.62099,1.62099,0.03956224469837775,9.999999999999998,stop_risk,2323.8,2323.8,0.08274315,0.010243288850003428,-0.0665,0.016243149999999998,4.085512678467094e-06,1.571351030179651e-07,0.01959999999999809,-0.08273906448732153,-0.002019348123900993,stop_intrabar,False,False,False
208,PF_XBTUSD,1,0.0002,2026-04-22T02:21:00+00:00,2026-04-22T03:21:00+00:00,2026-04-22T03:21:00+00:00,76939.0,76978.0,77449.0,77409.0,15.3956,0.37650876121366333,40.89041633552643,40.96120451686817,1.53956,1.53956,0.03765087612136633,10.0,stop_risk,76787.0,76787.0,0.061372600000000006,0.010222604083881608,0.0862,0.015438700000000001,2.6881341785749146e-05,0.0,0.0158,0.07078818134178574,0.0017311680262908824,time_exit,False,False,False
209,PF_XBTUSD,1,0.0001,2026-04-22T05:26:00+00:00,2026-04-22T06:01:00+00:00,2026-04-22T06:02:00+00:00,78359.0,78399.0,77925.0,77885.0,7.8399,0.19139818011873802,40.96120451686817,40.90200811571817,0.7839900000000001,0.7839900000000001,0.019139818011873803,10.0,stop_risk,77925.0,77925.0,0.05921420000000001,0.010240301129217044,-0.0514,0.0078142,1.7798849940187913e-05,4.727848482584867e-07,0.008,-0.059196401150059814,-0.001445182138764553,stop_intrabar,False,False,False
210,PF_ETHUSD,1,0.009,2026-04-22T12:01:00+00:00,2026-04-22T13:01:00+00:00,2026-04-22T13:01:00+00:00,2399.1,2400.5,2405.5,2404.1,21.604499999999998,0.528201450131189,40.90200811571817,40.91253750508318,2.16045,2.16045,0.05282014501311891,10.0,stop_risk,2394.3,2394.3,0.08997029999999917,0.010225502028929544,0.03239999999999918,0.0216207,-0.0002499106347952354,0.0,0.025200000000001634,0.010529389365203945,0.00025742964343986876,time_exit,False,False,False
211,PF_XBTUSD,1,0.0003,2026-04-22T14:06:00+00:00,2026-04-22T14:32:00+00:00,2026-04-22T14:33:00+00:00,78750.0,78790.0,78634.0,78594.0,23.636999999999997,0.5777446582740857,40.91253750508318,40.83016778843225,2.3636999999999997,2.3636999999999997,0.05777446582740857,10.0,stop_risk,78634.0,78634.0,0.0824076,0.010228134376270796,-0.0588,0.0236076,3.78833491006581e-05,1.4570518884868493e-06,0.023999999999999997,-0.08236971665089934,-0.0020133123407626652,stop_intrabar,False,False,False
212,PF_XBTUSD,-1,0.0003,2026-04-22T20:26:00+00:00,2026-04-22T21:26:00+00:00,2026-04-22T21:26:00+00:00,78602.0,78562.0,78588.0,78628.0,23.568599999999996,0.5772349533835937,40.83016778843225,40.78656409381843,2.3568599999999997,2.3568599999999997,0.05772349533835937,10.0,stop_risk,78739.0,78739.0,0.08870114999999999,0.010207541947108063,-0.019799999999999998,0.023578499999999995,-0.00022519461369820308,0.0,0.023999999999999997,-0.043603694613698195,-0.0010679283719733262,time_exit,False,False,False
213,PF_ETHUSD,1,0.012,2026-04-22T21:46:00+00:00,2026-04-22T22:03:00+00:00,2026-04-22T22:04:00+00:00,2403.5,2405.0,2401.8,2400.3,28.86,0.7075859573171056,40.78656409381843,40.70136901434359,2.886,2.886,0.07075859573171057,10.0,stop_risk,2401.8,2401.8,0.08523179999999782,0.010196641023454607,-0.05639999999999782,0.0288318,3.672052513456428e-05,1.296282601611058e-06,0.036000000000000004,-0.08519507947486327,-0.0020888025595609157,stop_intrabar,False,False,False
214,PF_ETHUSD,-1,0.004,2026-04-23T00:16:00+00:00,2026-04-23T00:19:00+00:00,2026-04-23T00:20:00+00:00,2353.9,2352.3,2370.8,2372.4,9.4092,0.2311764991660133,40.70136901434359,40.61151573669105,0.9409200000000001,0.9409200000000001,0.02311764991660133,10.0,stop_risk,2370.8,2370.8,0.08984939999999964,0.0101753422535859,-0.08039999999999964,0.0094494,-3.8776525570666665e-06,9.694131392666666e-07,0.012799999999999272,-0.0898532776525567,-0.002207622982433133,stop_intrabar,False,False,False
215,PF_ETHUSD,-1,0.005,2026-04-23T02:26:00+00:00,2026-04-23T03:26:00+00:00,2026-04-23T03:26:00+00:00,2354.3,2352.9,2338.6,2340.0,11.7645,0.28968384426418237,40.61151573669105,40.664269884529915,1.17645,1.17645,0.028968384426418234,10.0,stop_risk,2366.4,2366.4,0.08630175000000045,0.010152878934172762,0.06450000000000046,0.011732250000000001,-1.3602161084716163e-05,0.0,0.01400000000000091,0.052754147838915744,0.0012989948018919733,time_exit,False,False,False
216,PF_XBTUSD,1,0.0002,2026-04-23T06:11:00+00:00,2026-04-23T07:11:00+00:00,2026-04-23T07:11:00+00:00,78261.0,78301.0,78234.0,78194.0,15.660200000000001,0.3851095825516759,40.664269884529915,40.627288672487516,1.5660200000000002,1.5660200000000002,0.03851095825516759,10.0,stop_risk,78087.0,78087.0,0.0664348,0.01016606747113248,-0.021400000000000002,0.015649500000000004,6.828795775048099e-05,0.0,0.016,-0.036981212042249516,-0.0009094276657926284,time_exit,False,False,False
217,PF_XBTUSD,-1,0.0002,2026-04-23T08:41:00+00:00,2026-04-23T09:41:00+00:00,2026-04-23T09:41:00+00:00,77781.0,77741.0,77760.0,77800.0,15.548200000000001,0.38270336288843027,40.627288672487516,40.59986084492875,1.5548200000000003,1.5548200000000003,0.03827033628884303,9.999999999999998,stop_risk,78003.0,78003.0,0.0759784,0.01015682216812188,-0.0118,0.015554100000000001,-7.372755863809437e-05,0.0,0.016,-0.027427827558638092,-0.0006751084912346612,time_exit,False,False,False
218,PF_XBTUSD,-1,0.0003,2026-04-23T10:16:00+00:00,2026-04-23T10:31:00+00:00,2026-04-23T10:32:00+00:00,77306.0,77266.0,77443.0,77484.0,23.179799999999997,0.5709329913354947,40.59986084492875,40.51124366103945,2.31798,2.31798,0.05709329913354948,9.999999999999998,stop_risk,77443.0,77443.0,0.08831235,0.010149965211232188,-0.0654,0.023212499999999997,-4.683889324610571e-06,2.927430827881607e-07,0.0243,-0.0886171838893246,-0.0021826967394740124,stop_intrabar,False,False,False
219,PF_ETHUSD,1,0.008,2026-04-23T11:46:00+00:00,2026-04-23T12:46:00+00:00,2026-04-23T12:46:00+00:00,2326.4,2327.8,2327.3,2325.9,18.622400000000003,0.45968472742567446,40.51124366103945,40.47745202297477,1.8622400000000003,1.8622400000000003,0.04596847274256745,10.0,stop_risk,2320.5,2320.5,0.08818760000000218,0.010127810915259864,-0.015200000000000729,0.018614800000000004,2.316193545175027e-05,0.0,0.022400000000001457,-0.03379163806454898,-0.000834129861509217,time_exit,False,False,False
220,PF_XBTUSD,1,0.0002,2026-04-23T15:01:00+00:00,2026-04-23T16:01:00+00:00,2026-04-23T16:01:00+00:00,78180.0,78220.0,78404.0,78363.0,15.644,0.3864867776539036,40.47745202297477,40.49042316087235,1.5644,1.5644,0.03864867776539036,10.0,stop_risk,77909.0,77909.0,0.0858089,0.010119363005743693,0.0286,0.0156583,2.94378974389056e-05,0.0,0.0162,0.012971137897438903,0.00032045341910544566,time_exit,False,False,False
221,PF_XBTUSD,-1,0.0002,2026-04-23T17:11:00+00:00,2026-04-23T18:01:00+00:00,2026-04-23T18:02:00+00:00,77797.0,77757.0,77992.0,78032.0,15.551400000000001,0.3840760057807445,40.49042316087235,40.419726348941786,1.5551400000000002,1.5551400000000002,0.03840760057807445,10.0,stop_risk,77992.0,77992.0,0.0705789,0.010122605790218089,-0.055,0.015578900000000001,-0.00011791193048504381,3.0428373305569157e-06,0.016,-0.07069681193048505,-0.0017460131658688723,stop_intrabar,False,False,False
222,PF_ETHUSD,1,0.007,2026-04-23T20:11:00+00:00,2026-04-23T21:11:00+00:00,2026-04-23T21:11:00+00:00,2323.7,2325.2,2324.0,2322.6,16.2764,0.40268456692374727,40.419726348941786,40.385367325084104,1.62764,1.62764,0.04026845669237473,10.0,stop_risk,2317.6,2317.6,0.07994454999999936,0.010104931587235447,-0.018199999999999363,0.0162673,0.00010827614222518288,0.0,0.020300000000000637,-0.03435902385777418,-0.0008500558257409805,time_exit,False,False,False
223,PF_ETHUSD,-1,0.008,2026-04-24T01:26:00+00:00,2026-04-24T01:47:00+00:00,2026-04-24T01:48:00+00:00,2322.7,2321.3,2327.9,2329.3,18.570400000000003,0.45982991439737586,40.385367325084104,40.30272365679984,1.8570400000000005,1.8570400000000005,0.04598299143973759,9.999999999999998,stop_risk,2327.9,2327.9,0.0826024,0.010096341831271026,-0.064,0.018602400000000005,-4.1268284332e-05,1.875831106e-06,0.022399999999997817,-0.082643668284332,-0.0020463765407675387,stop_intrabar,False,False,False
224,PF_ETHUSD,1,0.009,2026-04-24T08:26:00+00:00,2026-04-24T08:35:00+00:00,2026-04-24T08:36:00+00:00,2318.3,2319.8,2314.4,2313.0,20.8782,0.5180344677890634,40.30272365679984,40.22068105968729,2.0878200000000002,2.0878200000000002,0.051803446778906345,9.999999999999998,stop_risk,2314.4,2314.4,0.08294715000000082,0.010075680914199962,-0.061200000000001635,0.0208476,5.002887472950347e-06,5.558763858833719e-07,0.026100000000000817,-0.08204259711252869,-0.0020356588753446822,stop_intrabar,False,False,False
225,PF_XBTUSD,1,0.0002,2026-04-24T11:11:00+00:00,2026-04-24T12:11:00+00:00,2026-04-24T12:11:00+00:00,78202.0,78242.0,78284.0,78244.0,15.6484,0.3890635262187096,40.22068105968729,40.20544359782498,1.5648400000000002,1.5648400000000002,0.03890635262187096,9.999999999999998,stop_risk,77967.0,77967.0,0.0786169,0.010055170264921823,0.0004,0.0156486,1.1138137546198619e-05,0.0,0.016,-0.015237461862453802,-0.00037884644071147096,time_exit,False,False,False
226,PF_ETHUSD,-1,0.006,2026-04-24T13:56:00+00:00,2026-04-24T14:56:00+00:00,2026-04-24T14:56:00+00:00,2311.9,2310.5,2314.9,2316.3,13.863,0.34480405535806485,40.20544359782498,40.15665892185644,1.3863,1.3863,0.03448040553580649,9.999999999999998,stop_risk,2320.2,2320.2,0.08049629999999947,0.010051360899456246,-0.034800000000001094,0.013880400000000001,-0.00010427596841175381,0.0,0.016800000000001092,-0.04878467596841285,-0.001213384845505149,time_exit,False,False,False
227,PF_XBTUSD,1,0.0003,2026-04-24T21:06:00+00:00,2026-04-24T21:14:00+00:00,2026-04-24T21:15:00+00:00,77739.0,77779.0,77647.0,77607.0,23.333699999999997,0.5810667676662699,40.15665892185644,40.081761138134404,2.33337,2.33337,0.05810667676662699,9.999999999999998,stop_risk,77647.0,77647.0,0.07490789999999999,0.01003916473046411,-0.05159999999999999,0.0233079,1.0116277963349999e-05,1.2645347454187499e-06,0.023999999999999997,-0.07489778372203663,-0.0018651398232055435,stop_intrabar,False,False,False
228,PF_XBTUSD,-1,0.0003,2026-04-24T22:41:00+00:00,2026-04-24T23:27:00+00:00,2026-04-24T23:28:00+00:00,77347.0,77306.0,77425.0,77465.0,23.191799999999997,0.5786122999953454,40.081761138134404,40.01072964839753,2.31918,2.31918,0.05786122999953453,10.0,stop_risk,77425.0,77425.0,0.0712158,0.010020440284533602,-0.04769999999999999,0.023215649999999997,-0.0001158397368135004,2.8408310299977876e-06,0.0243,-0.0710314897368135,-0.0017721648879652908,stop_intrabar,False,False,False
229,PF_XBTUSD,1,0.0004,2026-04-25T01:21:00+00:00,2026-04-25T02:21:00+00:00,2026-04-25T02:21:00+00:00,77527.0,77567.0,77571.0,77531.0,31.0268,0.7754619891377726,40.01072964839753,39.96545402008513,3.1026800000000003,3.1026800000000003,0.07754619891377727,10.0,stop_risk,77469.0,77469.0,0.0861992,0.010002682412099383,-0.014400000000000001,0.0310196,0.00014397168778875662,0.0,0.032,-0.04527562831221125,-0.0011315871694937856,time_exit,False,False,False
230,PF_XBTUSD,1,0.0003,2026-04-25T08:41:00+00:00,2026-04-25T09:41:00+00:00,2026-04-25T09:41:00+00:00,77672.0,77712.0,77717.0,77677.0,23.313599999999997,0.5833438045839154,39.96545402008513,39.93174995091033,2.3313599999999997,2.3313599999999997,0.05833438045839154,10.0,stop_risk,77594.0,77594.0,0.07068989999999999,0.009991363505021285,-0.010499999999999999,0.02330835,0.00010428082517249595,0.0,0.023999999999999997,-0.033704069174827496,-0.0008433300709630146,time_exit,False,False,False
231,PF_XBTUSD,1,0.0003,2026-04-25T09:46:00+00:00,2026-04-25T10:46:00+00:00,2026-04-25T10:46:00+00:00,77757.0,77797.0,77845.0,77805.0,23.3391,0.584474760777869,39.93174995091033,39.91091446085017,2.33391,2.33391,0.05844747607778691,10.0,stop_risk,77682.0,77682.0,0.06981584999999998,0.009982937487727585,0.0024,0.023340299999999998,0.00010480993968649053,0.0,0.023999999999999997,-0.02083549006031351,-0.0005217775350673937,time_exit,False,False,False
232,PF_XBTUSD,-1,0.0003,2026-04-25T11:31:00+00:00,2026-04-25T12:31:00+00:00,2026-04-25T12:31:00+00:00,77693.0,77653.0,77589.0,77629.0,23.2959,0.583697475106757,39.91091446085017,39.89473151538327,2.32959,2.32959,0.058369747510675696,10.0,stop_risk,77761.0,77761.0,0.06771809999999999,0.009977728615212544,0.0072,0.023292300000000002,-9.064546687189535e-05,0.0,0.023999999999999997,-0.016182945466871896,-0.0004054766894090146,time_exit,False,False,False
233,PF_XBTUSD,-1,0.0004,2026-04-25T12:51:00+00:00,2026-04-25T13:07:00+00:00,2026-04-25T13:08:00+00:00,77578.0,77538.0,77627.0,77667.0,31.0152,0.7774259613212499,39.89473151538327,39.81205594176535,3.1015200000000003,3.1015200000000003,0.07774259613212499,10.0,stop_risk,77627.0,77627.0,0.082641,0.009973682878845818,-0.0516,0.031041,-3.457361793245984e-05,1.8112242942850447e-06,0.032,-0.08267557361793247,-0.0020723431510261715,stop_intrabar,False,False,False
234,PF_XBTUSD,-1,0.0003,2026-04-25T15:56:00+00:00,2026-04-25T16:02:00+00:00,2026-04-25T16:03:00+00:00,77353.0,77313.0,77430.0,77470.0,23.1939,0.5825848339489581,39.81205594176535,39.74173252938704,2.31939,2.31939,0.05825848339489581,10.0,stop_risk,77430.0,77430.0,0.07031744999999999,0.009953013985441338,-0.047099999999999996,0.02321745,-5.962378315401515e-06,1.3056830418745666e-06,0.023999999999999997,-0.07032341237831541,-0.0017663848478757342,stop_intrabar,False,False,False
235,PF_XBTUSD,1,0.0003,2026-04-25T20:31:00+00:00,2026-04-25T21:31:00+00:00,2026-04-25T21:31:00+00:00,77443.0,77483.0,77520.0,77480.0,23.244899999999998,0.5848990096949483,39.74173252938704,39.71758902427333,2.32449,2.32449,0.05848990096949484,10.0,stop_risk,77366.0,77366.0,0.07032134999999999,0.00993543313234676,-0.0009,0.02324445,9.448862393873602e-07,0.0,0.023999999999999997,-0.02414350511376061,-0.0006075101304631771,time_exit,False,False,False
236,PF_XBTUSD,-1,0.0004,2026-04-26T00:26:00+00:00,2026-04-26T00:40:00+00:00,2026-04-26T00:41:00+00:00,77504.0,77464.0,77561.0,77601.0,30.9856,0.7801480593664235,39.71758902427333,39.631765167005824,3.0985600000000004,3.0985600000000004,0.07801480593664235,10.0,stop_risk,77561.0,77561.0,0.085813,0.009929397256068333,-0.0548,0.031013000000000002,-1.0857267532997935e-05,7.238178355331959e-07,0.032,-0.085823857267533,-0.0021608526442801427,stop_intrabar,False,False,False
237,PF_XBTUSD,-1,0.0003,2026-04-26T03:36:00+00:00,2026-04-26T04:08:00+00:00,2026-04-26T04:09:00+00:00,77376.0,77336.0,77452.0,77492.0,23.200799999999997,0.585409201488585,39.631765167005824,39.5617288410735,2.32008,2.32008,0.058540920148858505,10.0,stop_risk,77452.0,77452.0,0.0700242,0.009907941291751456,-0.046799999999999994,0.0232242,-1.2125932259854691e-05,4.7601136075445425e-07,0.023999999999999997,-0.07003632593225985,-0.0017671765473258906,stop_intrabar,False,False,False
238,PF_XBTUSD,1,0.0003,2026-04-26T04:56:00+00:00,2026-04-26T05:56:00+00:00,2026-04-26T05:56:00+00:00,77774.0,77814.0,78020.0,77980.0,23.344199999999997,0.5900702695217845,39.5617288410735,39.58819199059503,2.3344199999999997,2.3344199999999997,0.05900702695217845,10.0,stop_risk,77704.0,77704.0,0.0683217,0.009890432210268377,0.0498,0.023369099999999997,3.224952172417722e-05,0.0,0.023999999999999997,0.026463149521724176,0.0006689078131047141,time_exit,False,False,False
239,PF_XBTUSD,1,0.0003,2026-04-26T08:01:00+00:00,2026-04-26T08:23:00+00:00,2026-04-26T08:24:00+00:00,78111.0,78151.0,78040.0,78000.0,23.4453,0.5922296225493173,39.58819199059503,39.51947309952202,2.3445300000000002,2.3445300000000002,0.05922296225493173,9.999999999999998,stop_risk,78040.0,78040.0,0.06872265,0.009897047997648758,-0.04529999999999999,0.02342265,3.7589270125395327e-06,1.7086031875179688e-07,0.023999999999999997,-0.06871889107298745,-0.0017358431294188178,stop_intrabar,False,False,False
240,PF_XBTUSD,-1,0.0003,2026-04-26T09:41:00+00:00,2026-04-26T10:06:00+00:00,2026-04-26T10:07:00+00:00,77959.0,77919.0,78037.0,78077.0,23.3757,0.5914982707672467,39.51947309952202,39.44865911450678,2.33757,2.33757,0.05914982707672468,10.0,stop_risk,78037.0,78037.0,0.07079939999999998,0.009879868274880505,-0.0474,0.0233994,-1.4585015286497086e-05,7.350043543974827e-07,0.023999999999999997,-0.07081398501528649,-0.0017918757377396051,stop_intrabar,False,False,False
241,PF_XBTUSD,1,0.0003,2026-04-26T11:31:00+00:00,2026-04-26T11:32:00+00:00,2026-04-26T11:33:00+00:00,78155.0,78196.0,78090.0,78049.0,23.458799999999997,0.5946666002488611,39.44865911450678,39.381123392051336,2.3458799999999997,2.3458799999999997,0.05946666002488612,10.0,stop_risk,78090.0,78090.0,0.06753674999999999,0.009862164778626697,-0.04409999999999999,0.02343675,1.0275445557833855e-06,1.0275445557833855e-06,0.024599999999999997,-0.0675357224554442,-0.0017119903178308216,stop_intrabar,False,False,False
242,PF_XBTUSD,-1,0.0003,2026-04-26T12:56:00+00:00,2026-04-26T13:10:00+00:00,2026-04-26T13:11:00+00:00,77831.0,77791.0,77930.0,77970.0,23.3373,0.592601175128244,39.381123392051336,39.30404829379839,2.33373,2.33373,0.0592601175128244,10.0,stop_risk,77930.0,77930.0,0.07706414999999998,0.009845280848012835,-0.0537,0.02336415,-1.0948252966505879e-05,7.309978561761282e-07,0.023999999999999997,-0.0770750982529665,-0.0019571584458284727,stop_intrabar,False,False,False
243,PF_XBTUSD,1,0.0003,2026-04-26T14:26:00+00:00,2026-04-26T15:26:00+00:00,2026-04-26T15:26:00+00:00,78079.0,78121.0,78048.0,78008.0,23.4363,0.5962820884203399,39.30404829379839,39.246753410020375,2.34363,2.34363,0.05962820884203399,10.0,stop_risk,77961.0,77961.0,0.08370614999999998,0.009826012073449597,-0.0339,0.02341935,2.4466221980922704e-05,0.0,0.024599999999999997,-0.05729488377801907,-0.0014577349221062141,time_exit,False,False,False
244,PF_ETHUSD,1,0.006,2026-04-26T18:16:00+00:00,2026-04-26T19:16:00+00:00,2026-04-26T19:16:00+00:00,2365.1,2366.6,2374.0,2372.5,14.1996,0.36180317519906235,39.246753410020375,39.267999933225475,1.41996,1.41996,0.03618031751990624,10.0,stop_risk,2356.9,2356.9,0.08136599999999891,0.009811688352505094,0.03540000000000055,0.014217299999999999,6.382320506249617e-05,0.0,0.018000000000000002,0.021246523205063046,0.0005413574718676843,time_exit,False,False,False
245,PF_XBTUSD,1,0.0001,2026-04-27T01:01:00+00:00,2026-04-27T01:15:00+00:00,2026-04-27T01:16:00+00:00,79434.0,79475.0,79077.0,79036.0,7.947500000000001,0.20239126040324387,39.267999933225475,39.216164692125396,0.7947500000000001,0.7947500000000001,0.02023912604032439,10.0,stop_risk,79077.0,79077.0,0.05182555,0.00981699998330637,-0.0439,0.00792555,-9.69110011888977e-06,6.46073341259318e-07,0.0082,-0.05183524110011889,-0.00132003771998227,stop_intrabar,False,False,False
246,PF_XBTUSD,-1,0.0002,2026-04-27T05:06:00+00:00,2026-04-27T05:36:00+00:00,2026-04-27T05:37:00+00:00,78743.0,78703.0,77604.0,77644.0,15.7406,0.40138040329988495,39.216164692125396,39.412330934159044,1.5740600000000002,1.5740600000000002,0.0401380403299885,9.999999999999998,stop_risk,78925.0,78925.0,0.0681668,0.00980404117303135,0.21180000000000002,0.0156347,9.420336964562136e-07,3.1401123215207124e-08,0.016,0.19616624203369648,0.005002178147040642,target_intrabar,False,False,True
247,PF_XBTUSD,1,0.0003,2026-04-27T09:01:00+00:00,2026-04-27T10:01:00+00:00,2026-04-27T10:01:00+00:00,77806.0,77846.0,77909.0,77869.0,23.3538,0.5925505913114882,39.412330934159044,39.39573802791377,2.3353800000000002,2.3353800000000002,0.05925505913114883,9.999999999999998,stop_risk,77692.0,77692.0,0.0815247,0.009853082733539763,0.006899999999999999,0.02335725,-0.00013565624516691648,0.0,0.023999999999999997,-0.016592906245166916,-0.0004210079904405168,time_exit,False,False,False
248,PF_XBTUSD,1,0.0002,2026-04-27T14:46:00+00:00,2026-04-27T14:53:00+00:00,2026-04-27T14:54:00+00:00,78172.0,78212.0,77946.0,77906.0,15.6424,0.3970581789562264,39.39573802791377,39.31891797748926,1.56424,1.56424,0.03970581789562264,10.0,stop_risk,77946.0,77946.0,0.0768118,0.009848934506978444,-0.061200000000000004,0.015611800000000002,-8.250424501510423e-06,1.0313030626888026e-06,0.016,-0.0768200504245015,-0.0019499584033702024,stop_intrabar,False,False,False
249,PF_XBTUSD,-1,0.0001,2026-04-27T15:26:00+00:00,2026-04-27T15:31:00+00:00,2026-04-27T15:32:00+00:00,76615.0,76567.0,77023.0,77063.0,7.656700000000001,0.1947332325976923,39.31891797748926,39.261636960394206,0.7656700000000001,0.7656700000000001,0.01947332325976923,10.0,stop_risk,77023.0,77023.0,0.0580819,0.009829729494372316,-0.049600000000000005,0.007681500000000001,4.829049426692851e-07,9.658098853385701e-08,0.0088,-0.057281017095057334,-0.0014568309618248315,stop_intrabar,False,False,False
250,PF_ETHUSD,1,0.006,2026-04-27T17:31:00+00:00,2026-04-27T18:31:00+00:00,2026-04-27T18:31:00+00:00,2289.9,2291.3,2284.3,2283.0,13.747800000000002,0.3501586042851018,39.261636960394206,39.19830832755988,1.3747800000000003,1.3747800000000003,0.03501586042851018,9.999999999999998,stop_risk,2281.9,2281.9,0.0785154000000011,0.009815409240098553,-0.04980000000000109,0.013722900000000001,0.00019426716572737407,0.0,0.016200000000001637,-0.06332863283427372,-0.0016129901282047273,time_exit,False,False,False
251,PF_XBTUSD,-1,0.0002,2026-04-27T19:36:00+00:00,2026-04-27T19:42:00+00:00,2026-04-27T19:43:00+00:00,76576.0,76537.0,76727.0,76766.0,15.307400000000001,0.3905117504583111,39.19830832755988,39.13718131515096,1.5307400000000002,1.5307400000000002,0.03905117504583111,10.0,stop_risk,76727.0,76727.0,0.061130300000000005,0.00979957708188997,-0.0458,0.015330300000000002,3.2875910649390595e-06,5.4793184415651e-07,0.015600000000000001,-0.06112701240893506,-0.001559429858506352,stop_intrabar,False,False,False
252,PF_ETHUSD,1,0.008,2026-04-27T20:11:00+00:00,2026-04-27T21:04:00+00:00,2026-04-27T21:05:00+00:00,2294.0,2295.4,2288.3,2286.9,18.363200000000003,0.4692008822028059,39.13718131515096,39.050950897974445,1.8363200000000004,1.8363200000000004,0.04692008822028059,10.0,stop_risk,2288.3,2288.3,0.08552960000000073,0.00978429532878774,-0.068,0.018329200000000004,9.878282337384795e-05,5.552619493055894e-07,0.022400000000001457,-0.08623041717662616,-0.002203286345080867,stop_intrabar,False,False,False
253,PF_XBTUSD,1,0.0003,2026-04-27T22:56:00+00:00,2026-04-27T23:56:00+00:00,2026-04-27T23:56:00+00:00,77064.0,77104.0,77388.0,77348.0,23.131199999999996,0.5923338476554179,39.050950897974445,39.10112835457241,2.3131199999999996,2.3131199999999996,0.05923338476554178,10.0,stop_risk,76952.0,76952.0,0.08040255,0.009762737724493611,0.07319999999999999,0.0231678,0.0001452565979467462,0.0,0.023999999999999997,0.050177456597946736,0.0012849227853386131,time_exit,False,False,False
254,PF_XBTUSD,-1,0.0002,2026-04-28T02:36:00+00:00,2026-04-28T03:36:00+00:00,2026-04-28T03:36:00+00:00,76925.0,76886.0,76803.0,76843.0,15.3772,0.3932674233990954,39.10112835457241,39.09428460529925,1.5377200000000002,1.5377200000000002,0.039326742339909536,9.999999999999998,stop_risk,77106.0,77106.0,0.06740320000000001,0.009775282088643103,0.0086,0.015372900000000002,-7.084927318890065e-05,0.0,0.0158,-0.006843749273188902,-0.00017502689976435441,time_exit,False,False,False
255,PF_XBTUSD,1,0.0003,2026-04-28T05:11:00+00:00,2026-04-28T05:41:00+00:00,2026-04-28T05:42:00+00:00,76972.0,77011.0,76846.0,76807.0,23.103299999999997,0.5909636212365511,39.09428460529925,39.010067238989095,2.31033,2.31033,0.05909636212365512,9.999999999999998,stop_risk,76846.0,76846.0,0.08427269999999999,0.009773571151324814,-0.0612,0.023072699999999998,5.533368979284377e-05,1.8444563264281246e-06,0.023399999999999997,-0.08421736631020717,-0.0021542117258437172,stop_intrabar,False,False,False
256,PF_XBTUSD,-1,0.0003,2026-04-28T06:46:00+00:00,2026-04-28T07:36:00+00:00,2026-04-28T07:37:00+00:00,76633.0,76587.0,76740.0,76779.0,22.9761,0.588978733598189,39.010067238989095,38.92932754272927,2.29761,2.29761,0.05889787335981891,9.999999999999998,stop_risk,76740.0,76740.0,0.08270595,0.009752516809747274,-0.0576,0.023004900000000002,-0.000134796259924172,2.93090468793767e-06,0.0255,-0.08073969625992417,-0.0020697143577139976,stop_intrabar,False,False,False
257,PF_XBTUSD,-1,0.0003,2026-04-28T11:21:00+00:00,2026-04-28T12:21:00+00:00,2026-04-28T12:21:00+00:00,76391.0,76351.0,76258.0,76297.0,22.905299999999997,0.5883815993188909,38.92932754272927,38.922504850226325,2.29053,2.29053,0.0588381599318891,9.999999999999998,stop_risk,76463.0,76463.0,0.0685281,0.009732331885682318,0.0162,0.0228972,-0.00012549250279271127,0.0,0.0237,-0.00682269250279271,-0.00017525842169516148,time_exit,False,False,False
258,PF_XBTUSD,-1,0.0002,2026-04-28T14:31:00+00:00,2026-04-28T15:31:00+00:00,2026-04-28T15:31:00+00:00,75863.0,75824.0,75950.0,75989.0,15.164800000000001,0.3896152125448787,38.922504850226325,38.8742861342514,1.5164800000000003,1.5164800000000003,0.038961521254487874,10.0,stop_risk,76066.0,76066.0,0.0713929,0.009730626212556583,-0.033,0.015181300000000002,-3.741597490500213e-05,0.0,0.015600000000000001,-0.048218715974905006,-0.0012388389740190277,time_exit,False,False,False
259,PF_ETHUSD,1,0.008,2026-04-28T17:41:00+00:00,2026-04-28T18:41:00+00:00,2026-04-28T18:41:00+00:00,2289.7,2291.1,2292.8,2291.4,18.3288,0.4714890438554148,38.8742861342514,38.85827320072896,1.8328800000000003,1.8328800000000003,0.047148904385541486,9.999999999999998,stop_risk,2285.0,2285.0,0.0782988,0.00971857153356285,0.0024000000000014552,0.018330000000000003,-8.293352225042043e-05,0.0,0.022400000000001457,-0.01601293352224897,-0.00041191582186097755,time_exit,False,False,False
260,PF_XBTUSD,1,0.0003,2026-04-28T20:56:00+00:00,2026-04-28T21:13:00+00:00,2026-04-28T21:14:00+00:00,76450.0,76489.0,76345.0,76306.0,22.946699999999996,0.59052289538099,38.85827320072896,38.78044936101487,2.2946699999999995,2.2946699999999995,0.059052289538099004,10.0,stop_risk,76345.0,76345.0,0.07781925,0.00971456830018224,-0.0549,0.022919249999999995,-4.589714044429047e-06,4.340189650084955e-09,0.023399999999999997,-0.07782383971404443,-0.0020027611446353333,stop_intrabar,False,False,False
261,PF_ETHUSD,-1,0.01,2026-04-28T21:21:00+00:00,2026-04-28T22:21:00+00:00,2026-04-28T22:21:00+00:00,2291.0,2289.6,2289.3,2290.7,22.896,0.5904005852757561,38.78044936101487,38.74667263732831,2.2896,2.2896,0.059040058527575615,10.0,stop_risk,2294.4,2294.4,0.08492700000000274,0.009695112340253718,-0.01099999999999909,0.022901499999999998,0.00012477631363139494,0.0,0.027999999999997274,-0.0337767236863677,-0.0008709729836272268,time_exit,False,False,False
262,PF_XBTUSD,1,0.0003,2026-04-29T00:51:00+00:00,2026-04-29T01:08:00+00:00,2026-04-29T01:09:00+00:00,76412.0,76451.0,76316.0,76277.0,22.935299999999998,0.5919295371418363,38.74667263732831,38.671585751130905,2.29353,2.29353,0.059192953714183635,9.999999999999998,stop_risk,76316.0,76316.0,0.0751092,0.009686668159332078,-0.052199999999999996,0.022909199999999998,2.2313802576793318e-05,1.615457258959151e-06,0.023399999999999997,-0.0750868861974232,-0.0019378924972536854,stop_intrabar,False,False,False
263,PF_XBTUSD,-1,0.0002,2026-04-29T01:31:00+00:00,2026-04-29T01:41:00+00:00,2026-04-29T01:42:00+00:00,76172.0,76132.0,76343.0,76382.0,15.2264,0.393736116692725,38.671585751130905,38.60632250444432,1.52264,1.52264,0.0393736116692725,10.0,stop_risk,76343.0,76343.0,0.0654515,0.009667896437782727,-0.05,0.015251400000000002,-1.184668656570044e-05,1.0769715059727675e-06,0.0158,-0.0652632466865657,-0.0016876278905800276,stop_intrabar,False,False,False
264,PF_XBTUSD,1,0.0003,2026-04-29T03:26:00+00:00,2026-04-29T04:26:00+00:00,2026-04-29T04:26:00+00:00,76826.0,76865.0,76998.0,76959.0,23.059499999999996,0.597298538272984,38.60632250444432,38.611561738122795,2.3059499999999997,2.3059499999999997,0.059729853827298396,10.0,stop_risk,76721.0,76721.0,0.07793205,0.009651580626111081,0.028199999999999996,0.0230736,0.00011283367833400338,0.0,0.023399999999999997,0.005239233678334001,0.00013570921389186618,time_exit,False,False,False
265,PF_XBTUSD,1,0.0002,2026-04-29T04:41:00+00:00,2026-04-29T05:41:00+00:00,2026-04-29T05:41:00+00:00,77374.0,77414.0,77234.0,77194.0,15.482800000000001,0.40098870138974957,38.611561738122795,38.552196117133576,1.54828,1.54828,0.04009887013897496,10.0,stop_risk,77116.0,77116.0,0.08304900000000001,0.0096528904345307,-0.044000000000000004,0.0154608,9.51790108586938e-05,0.0,0.016,-0.05936562098914131,-0.001537508930402242,time_exit,False,False,False
266,PF_XBTUSD,-1,0.0003,2026-04-29T06:31:00+00:00,2026-04-29T07:31:00+00:00,2026-04-29T07:31:00+00:00,77082.0,77042.0,77083.0,77123.0,23.112599999999997,0.599514484979707,38.552196117133576,38.504634412111535,2.31126,2.31126,0.05995144849797071,10.0,stop_risk,77160.0,77160.0,0.07053629999999998,0.009638049029283394,-0.0243,0.02312475,-0.00013695502203622042,0.0,0.023999999999999997,-0.047561705022036216,-0.0012336963859990997,time_exit,False,False,False
267,PF_XBTUSD,1,0.0003,2026-04-29T09:41:00+00:00,2026-04-29T10:41:00+00:00,2026-04-29T10:41:00+00:00,77207.0,77247.0,77623.0,77583.0,23.1741,0.6018522277596445,38.504634412111535,38.582331652040445,2.31741,2.31741,0.06018522277596446,9.999999999999998,stop_risk,77119.0,77119.0,0.0735489,0.009626158603027886,0.10079999999999999,0.0232245,0.00012173992897644053,0.0,0.023999999999999997,0.07769723992897644,0.0020178672285883843,time_exit,False,False,False
268,PF_XBTUSD,-1,0.0003,2026-04-29T12:11:00+00:00,2026-04-29T13:11:00+00:00,2026-04-29T13:11:00+00:00,77472.0,77432.0,77095.0,77135.0,23.229599999999998,0.6020786978220766,38.582331652040445,38.64820808974818,2.3229599999999997,2.3229599999999997,0.06020786978220765,10.0,stop_risk,77590.0,77590.0,0.08265929999999999,0.009645582913010112,0.0891,0.02318505,-3.851229223882438e-05,0.0,0.023999999999999997,0.06587643770776118,0.001707425002249113,time_exit,False,False,False
269,PF_ETHUSD,-1,0.007,2026-04-29T13:41:00+00:00,2026-04-29T13:56:00+00:00,2026-04-29T13:57:00+00:00,2296.1,2294.6,2303.2,2304.7,16.0622,0.415600122072947,38.64820808974818,38.56142820115951,1.6062200000000002,1.6062200000000002,0.0415600122072947,10.0,stop_risk,2303.2,2303.2,0.08679754999999936,0.009662052022437046,-0.07069999999999936,0.016097550000000002,1.7661411334487914e-05,1.1774274222991942e-06,0.021,-0.08677988858866488,-0.0022453793559366626,stop_intrabar,False,False,False
270,PF_XBTUSD,-1,0.0002,2026-04-29T15:16:00+00:00,2026-04-29T16:16:00+00:00,2026-04-29T16:16:00+00:00,76271.0,76232.0,76045.0,76084.0,15.246400000000001,0.3953795466408984,38.56142820115951,38.57584405189496,1.5246400000000002,1.5246400000000002,0.039537954664089846,10.0,stop_risk,76460.0,76460.0,0.0686731,0.009640357050289879,0.0296,0.015231600000000001,4.745073538614385e-05,0.0,0.015600000000000001,0.014415850735386143,0.0003738412037070938,time_exit,False,False,False
271,PF_XBTUSD,1,0.0002,2026-04-29T20:46:00+00:00,2026-04-29T21:46:00+00:00,2026-04-29T21:46:00+00:00,75762.0,75801.0,75923.0,75884.0,15.160200000000001,0.3929972336990326,38.57584405189496,38.577273271166455,1.5160200000000001,1.5160200000000001,0.03929972336990326,10.0,stop_risk,75570.0,75570.0,0.0691332,0.009643961012973741,0.0166,0.015168500000000001,-2.2807283727678883e-06,0.0,0.015600000000000001,0.001429219271627231,3.7049591700561205e-05,time_exit,False,False,False
272,PF_XBTUSD,1,0.0003,2026-04-29T21:51:00+00:00,2026-04-29T22:00:00+00:00,2026-04-29T22:01:00+00:00,75964.0,76003.0,75831.0,75792.0,22.8009,0.5910448838550214,38.577273271166455,38.49120412515131,2.28009,2.28009,0.05910448838550214,10.0,stop_risk,75831.0,75831.0,0.08606925,0.009644318317791615,-0.0633,0.022769249999999998,1.0398488355848695e-07,8.137937277281398e-07,0.023399999999999997,-0.08606914601511644,-0.002231084229570121,stop_intrabar,False,False,False
273,PF_XBTUSD,1,0.0002,2026-04-30T00:56:00+00:00,2026-04-30T01:56:00+00:00,2026-04-30T01:56:00+00:00,76270.0,76309.0,76314.0,76275.0,15.261800000000001,0.39650097592108013,38.49120412515131,38.46916706412829,1.52618,1.52618,0.03965009759210801,10.0,stop_risk,76110.0,76110.0,0.062838,0.009622801031287829,-0.0068000000000000005,0.015258400000000002,2.1338977172839056e-05,0.0,0.015600000000000001,-0.02203706102282716,-0.0005725219962247812,time_exit,False,False,False
274,PF_ETHUSD,-1,0.006,2026-04-30T02:36:00+00:00,2026-04-30T03:36:00+00:00,2026-04-30T03:36:00+00:00,2245.4,2243.9,2249.1,2250.4,13.4634,0.3499789838848459,38.46916706412829,38.416657121969784,1.34634,1.34634,0.03499789838848459,10.0,stop_risk,2254.0,2254.0,0.08309819999999946,0.009617291766032075,-0.039,0.0134829,-2.7042158453703605e-05,0.0,0.016800000000001092,-0.052509942158453705,-0.0013649877594417205,time_exit,False,False,False
275,PF_XBTUSD,-1,0.0003,2026-04-30T04:41:00+00:00,2026-04-30T05:01:00+00:00,2026-04-30T05:02:00+00:00,75435.0,75396.0,75551.0,75590.0,22.618799999999997,0.5887758512716798,38.416657121969784,38.335767700341755,2.2618799999999997,2.2618799999999997,0.058877585127167974,10.0,stop_risk,75551.0,75551.0,0.08084789999999999,0.009604164280492447,-0.058199999999999995,0.0226479,-4.152162801429635e-05,1.4013874923299996e-06,0.023399999999999997,-0.0808894216280143,-0.00210558199718411,stop_intrabar,False,False,False
276,PF_XBTUSD,1,0.0004,2026-04-30T07:36:00+00:00,2026-04-30T08:36:00+00:00,2026-04-30T08:36:00+00:00,75909.0,75948.0,76064.0,76025.0,30.3792,0.7924505448140322,38.335767700341755,38.33620433086439,3.03792,3.03792,0.07924505448140322,10.0,stop_risk,75851.0,75851.0,0.08475200000000001,0.00958394192508544,0.0308,0.0303946,3.123052267591794e-05,0.0,0.031200000000000002,0.00043663052267591814,1.1389638159562035e-05,time_exit,False,False,False
277,PF_ETHUSD,1,0.006,2026-04-30T09:36:00+00:00,2026-04-30T10:17:00+00:00,2026-04-30T10:18:00+00:00,2266.9,2268.3,2259.0,2257.7,13.609800000000002,0.3550116720617222,38.33620433086439,38.25904490579193,1.3609800000000003,1.3609800000000003,0.03550116720617222,9.999999999999998,stop_risk,2259.0,2259.0,0.07777770000000164,0.0095840510827161,-0.06360000000000218,0.013578,1.857492760699872e-05,9.867349107999246e-07,0.016200000000001637,-0.07715942507239519,-0.0020127038244700276,stop_intrabar,False,False,False
278,PF_XBTUSD,-1,0.0003,2026-04-30T17:06:00+00:00,2026-04-30T18:02:00+00:00,2026-04-30T18:03:00+00:00,76221.0,76182.0,76337.0,76376.0,22.854599999999998,0.5973646246600396,38.25904490579193,38.17795586416305,2.28546,2.28546,0.05973646246600397,9.999999999999998,stop_risk,76337.0,76337.0,0.0810837,0.009564761226447983,-0.058199999999999995,0.0228837,-5.34162894871926e-06,6.965347145580861e-07,0.023399999999999997,-0.0810890416289487,-0.002119473756561886,stop_intrabar,False,False,False
279,PF_ETHUSD,-1,0.013,2026-04-30T21:31:00+00:00,2026-04-30T22:17:00+00:00,2026-04-30T22:18:00+00:00,2258.4,2257.1,2260.1,2261.5,29.342299999999998,0.7685665545950059,38.17795586416305,38.0916350765524,2.93423,2.93423,0.07685665545950059,10.0,stop_risk,2260.1,2260.1,0.08527025000000235,0.009544488966040765,-0.05720000000000118,0.0293709,0.0002501123892425036,5.5248831821203155e-06,0.035100000000003545,-0.08632078761075866,-0.0022610112473776104,stop_intrabar,False,False,False
280,PF_XBTUSD,1,0.0003,2026-05-01T00:11:00+00:00,2026-05-01T00:59:00+00:00,2026-05-01T01:00:00+00:00,76448.0,76487.0,76374.0,76335.0,22.946099999999998,0.6023920987871861,38.0916350765524,38.023148283408474,2.29461,2.29461,0.06023920987871862,9.999999999999998,stop_risk,76374.0,76374.0,0.0685233,0.0095229087691381,-0.045599999999999995,0.022923299999999997,3.650685623049e-05,7.605595048018749e-07,0.023399999999999997,-0.0684867931437695,-0.0017979483686151104,stop_intrabar,False,False,False
281,PF_XBTUSD,1,0.0003,2026-05-01T01:56:00+00:00,2026-05-01T02:02:00+00:00,2026-05-01T02:03:00+00:00,76717.0,76756.0,76619.0,76580.0,23.026799999999998,0.6055995108129386,38.023148283408474,37.94735450887931,2.30268,2.30268,0.06055995108129387,9.999999999999998,stop_risk,76619.0,76619.0,0.07580039999999999,0.00950578707085212,-0.05279999999999999,0.023000399999999997,6.62547083459135e-06,1.215595955118481e-07,0.023399999999999997,-0.0757937745291654,-0.0019933587288519785,stop_intrabar,False,False,False
282,PF_XBTUSD,1,0.0003,2026-05-01T03:26:00+00:00,2026-05-01T03:40:00+00:00,2026-05-01T03:41:00+00:00,77204.0,77244.0,77087.0,77047.0,23.173199999999998,0.6106670754763075,37.94735450887931,37.86510815416371,2.31732,2.31732,0.06106670754763076,9.999999999999998,stop_risk,77087.0,77087.0,0.08224364999999999,0.009486838627219829,-0.05909999999999999,0.023143649999999998,-2.7047156294839713e-06,1.8031437529893142e-07,0.023999999999999997,-0.08224635471562947,-0.0021673804611698198,stop_intrabar,False,False,False
283,PF_ETHUSD,-1,0.011,2026-05-01T06:56:00+00:00,2026-05-01T06:56:00+00:00,2026-05-01T06:57:00+00:00,2277.5,2276.2,2280.0,2281.3,25.038199999999996,0.6612472859726074,37.86510815416371,37.783941904163704,2.5038199999999997,2.5038199999999997,0.06612472859726073,10.0,stop_risk,2280.0,2280.0,0.081166250000004,0.009466277038540928,-0.056100000000004,0.025066249999999998,0.0,4.1122179399075e-06,0.028600000000004,-0.08116625000000399,-0.002143563136530453,stop_intrabar,False,False,False
284,PF_XBTUSD,1,0.0002,2026-05-01T08:21:00+00:00,2026-05-01T09:21:00+00:00,2026-05-01T09:21:00+00:00,77363.0,77403.0,77327.0,77287.0,15.4806,0.4097137360433553,37.783941904163704,37.74524544693545,1.5480600000000002,1.5480600000000002,0.04097137360433554,10.0,stop_risk,77215.0,77215.0,0.0610578,0.009445985476040926,-0.023200000000000002,0.015469,-2.745722826800939e-05,0.0,0.016,-0.03869645722826801,-0.0010241508767512622,time_exit,False,False,False
285,PF_XBTUSD,1,0.0002,2026-05-01T12:26:00+00:00,2026-05-01T13:26:00+00:00,2026-05-01T13:26:00+00:00,77729.0,77769.0,78292.0,78252.0,15.5538,0.41207309201013076,37.74524544693545,37.82628367906759,1.5553800000000002,1.5553800000000002,0.04120730920101308,10.0,stop_risk,77570.0,77570.0,0.0633299,0.009436311361733863,0.0966,0.0156021,4.033213228260437e-05,0.0,0.016,0.0810382321322826,0.00214697854452188,time_exit,False,False,False
286,PF_XBTUSD,-1,0.0002,2026-05-01T20:21:00+00:00,2026-05-01T21:21:00+00:00,2026-05-01T21:21:00+00:00,78152.0,78112.0,77943.0,77983.0,15.6224,0.41300382909794453,37.82628367906759,37.83636869084148,1.56224,1.56224,0.04130038290979445,10.0,stop_risk,78292.0,78292.0,0.0596444,0.009456570919766899,0.0258,0.015609500000000002,-0.00010548822615453385,0.0,0.016,0.010085011773845465,0.00026661386720964965,time_exit,False,False,False
287,PF_XBTUSD,1,0.0003,2026-05-01T22:11:00+00:00,2026-05-01T22:49:00+00:00,2026-05-01T22:50:00+00:00,78261.0,78301.0,78155.0,78115.0,23.490299999999998,0.620839177034607,37.83636869084148,37.757193929590116,2.34903,2.34903,0.06208391770346071,10.0,stop_risk,78155.0,78155.0,0.07926239999999998,0.00945909217271037,-0.055799999999999995,0.023462399999999998,8.763874868634455e-05,2.306282860166962e-06,0.023999999999999997,-0.07917476125131365,-0.002092557081739146,stop_intrabar,False,False,False
288,PF_XBTUSD,-1,0.0003,2026-05-01T23:26:00+00:00,2026-05-01T23:53:00+00:00,2026-05-01T23:54:00+00:00,78064.0,78024.0,78151.0,78191.0,23.4072,0.619940137597352,37.757193929590116,37.68355536184377,2.34072,2.34072,0.061994013759735206,10.0,stop_risk,78151.0,78151.0,0.07353225,0.00943929848239753,-0.0501,0.023432249999999998,-0.00010631774634409204,3.7970623694318574e-06,0.023999999999999997,-0.07363856774634409,-0.001950318868601989,stop_intrabar,False,False,False
289,PF_XBTUSD,-1,0.0003,2026-05-02T05:21:00+00:00,2026-05-02T05:31:00+00:00,2026-05-02T05:32:00+00:00,78030.0,77990.0,78111.0,78151.0,23.397,0.6208809061495952,37.68355536184377,37.61180229937263,2.3397,2.3397,0.062088090614959526,9.999999999999998,stop_risk,78111.0,78111.0,0.07172114999999998,0.009420888840460944,-0.048299999999999996,0.023421149999999998,-3.191247113274114e-05,2.901133739340104e-06,0.023999999999999997,-0.07175306247113274,-0.0019040948175443608,stop_intrabar,False,False,False
290,PF_XBTUSD,1,0.0003,2026-05-02T06:56:00+00:00,2026-05-02T07:42:00+00:00,2026-05-02T07:43:00+00:00,78295.0,78335.0,78216.0,78176.0,23.5005,0.6248171734219711,37.61180229937263,37.54075762491931,2.35005,2.35005,0.06248171734219712,10.0,stop_risk,78216.0,78216.0,0.07117665,0.009402950574843158,-0.04769999999999999,0.023476649999999998,0.0001319755468190174,2.830948037745937e-06,0.023999999999999997,-0.07104467445318098,-0.001888893116253725,stop_intrabar,False,False,False
291,PF_ETHUSD,1,0.012,2026-05-02T09:26:00+00:00,2026-05-02T09:30:00+00:00,2026-05-02T09:31:00+00:00,2305.9,2307.3,2304.4,2303.0,27.687600000000003,0.7375343959926146,37.54075762491931,37.4614912409233,2.7687600000000003,2.7687600000000003,0.07375343959926146,10.0,stop_risk,2304.4,2304.4,0.07926180000000219,0.009385189406229828,-0.051600000000002186,0.0276618,-4.583996014860088e-06,9.167992029720177e-07,0.033600000000002184,-0.07926638399601704,-0.0021114753406947903,stop_intrabar,False,False,False
292,PF_XBTUSD,-1,0.0003,2026-05-02T11:11:00+00:00,2026-05-02T12:11:00+00:00,2026-05-02T12:11:00+00:00,78180.0,78140.0,78096.0,78136.0,23.441999999999997,0.6257625957610499,37.4614912409233,37.43921407775295,2.3442,2.3442,0.06257625957610499,10.0,stop_risk,78241.0,78241.0,0.06576314999999999,0.009365372810230825,0.0012,0.0234414,-3.576317034653003e-05,0.0,0.023999999999999997,-0.02227716317034653,-0.0005946683496147302,time_exit,False,False,False
293,PF_XBTUSD,1,0.0003,2026-05-02T13:11:00+00:00,2026-05-02T14:11:00+00:00,2026-05-02T14:11:00+00:00,78340.0,78380.0,78310.0,78270.0,23.514,0.628058055683718,37.43921407775295,37.382721679452544,2.3514,2.3514,0.0628058055683718,10.0,stop_risk,78231.0,78231.0,0.08018565,0.009359803519438239,-0.032999999999999995,0.023497499999999998,5.10169950561189e-06,0.0,0.023999999999999997,-0.05649239830049438,-0.001508909834035837,time_exit,False,False,False
294,PF_XBTUSD,1,0.0003,2026-05-02T16:16:00+00:00,2026-05-02T16:34:00+00:00,2026-05-02T16:35:00+00:00,78518.0,78558.0,78466.0,78426.0,23.5674,0.6304356382096664,37.382721679452544,37.3195731987605,2.35674,2.35674,0.06304356382096664,10.0,stop_risk,78466.0,78466.0,0.0631476,0.009345680419863138,-0.039599999999999996,0.0235476,-8.806920559760264e-07,4.635221347242246e-08,0.023999999999999997,-0.06314848069205597,-0.0016892424589503767,stop_intrabar,False,False,False
295,PF_ETHUSD,-1,0.011,2026-05-02T17:51:00+00:00,2026-05-02T18:18:00+00:00,2026-05-02T18:19:00+00:00,2305.8,2304.4,2307.7,2309.1,25.348399999999998,0.67922534550427,37.3195731987605,37.24254189398938,2.53484,2.53484,0.06792253455042702,10.0,stop_risk,2307.7,2307.7,0.077074249999998,0.009329893299690126,-0.051699999999998,0.02537425,4.29452288563375e-05,1.501184695638379e-06,0.030800000000002,-0.07703130477114166,-0.0020640992961221782,stop_intrabar,False,False,False
296,PF_ETHUSD,1,0.012,2026-05-02T21:31:00+00:00,2026-05-02T21:37:00+00:00,2026-05-02T21:38:00+00:00,2313.0,2314.4,2333.7,2332.3,27.7728,0.7457278313347963,37.24254189398938,37.42944247499431,2.77728,2.77728,0.07457278313347963,10.0,stop_risk,2311.5,2311.5,0.0793470000000022,0.009310635473497347,0.2148000000000011,0.0278802,-1.9218995097243007e-05,2.7455707281775726e-06,0.03359999999999673,0.18690058100490387,0.005018470047960608,target_intrabar,False,False,True
297,PF_XBTUSD,1,0.0005,2026-05-02T21:41:00+00:00,2026-05-02T21:41:00+00:00,2026-05-02T21:41:00+00:00,78763.0,78803.0,78763.0,78723.0,39.4015,1.0526873336765081,37.42944247499431,37.350060974994314,3.94015,3.94015,0.1052687333676508,10.0,stop_risk,78766.0,78766.0,0.07788225,0.009357360618748579,-0.04,0.0393815,0.0,0.0,0.04,-0.0793815,-0.0021208304145335006,stop_at_open,False,False,False
298,PF_XBTUSD,-1,0.0003,2026-05-03T01:11:00+00:00,2026-05-03T02:11:00+00:00,2026-05-03T02:11:00+00:00,78359.0,78319.0,78184.0,78224.0,23.4957,0.6290672461212381,37.350060974994314,37.3550734219544,2.34957,2.34957,0.06290672461212381,10.0,stop_risk,78474.0,78474.0,0.08202494999999999,0.00933751524374858,0.028499999999999998,0.02348145,-6.103039861250524e-06,0.0,0.023999999999999997,0.005012446960138747,0.00013420184142388835,time_exit,False,False,False
299,PF_XBTUSD,-1,0.0003,2026-05-03T06:26:00+00:00,2026-05-03T06:33:00+00:00,2026-05-03T06:34:00+00:00,78070.0,78030.0,78147.0,78187.0,23.409,0.6266618655939252,37.3550734219544,37.28453919261273,2.3409,2.3409,0.06266618655939253,10.0,stop_risk,78147.0,78147.0,0.07053254999999999,0.009338768355488601,-0.047099999999999996,0.02343255,-1.67934164125229e-06,2.0991770515653627e-07,0.023999999999999997,-0.07053422934164125,-0.001888210164785454,stop_intrabar,False,False,False
300,PF_XBTUSD,1,0.0003,2026-05-03T07:11:00+00:00,2026-05-03T08:11:00+00:00,2026-05-03T08:11:00+00:00,78401.0,78441.0,78436.0,78396.0,23.5323,0.6311543741611404,37.28453919261273,37.24755321371777,2.35323,2.35323,0.06311543741611404,10.0,stop_risk,78288.0,78288.0,0.08140334999999999,0.009321134798153184,-0.013499999999999998,0.02352555,3.957110504244357e-05,0.0,0.023999999999999997,-0.036985978894957555,-0.00099199238332777,time_exit,False,False,False
301,PF_ETHUSD,1,0.01,2026-05-03T11:41:00+00:00,2026-05-03T12:41:00+00:00,2026-05-03T12:41:00+00:00,2317.8,2319.2,2325.0,2323.6,23.192,0.6226449256124211,37.24755321371777,37.26822584298735,2.3192,2.3192,0.06226449256124211,10.0,stop_risk,2315.0,2315.0,0.0791639999999991,0.009311888303429444,0.04400000000000091,0.023214,-0.00011337073035171133,0.0,0.027999999999997274,0.0206726292696492,0.0005550063691710023,time_exit,False,False,False
302,PF_XBTUSD,-1,0.0003,2026-05-03T21:51:00+00:00,2026-05-03T21:55:00+00:00,2026-05-03T21:56:00+00:00,78689.0,78649.0,78780.0,78820.0,23.5947,0.6331049967177266,37.26822584298735,37.1933101011615,2.35947,2.35947,0.06331049967177266,10.0,stop_risk,78780.0,78780.0,0.07492035,0.009317056460746839,-0.0513,0.02362035,4.608174162402807e-06,1.1520435406007017e-06,0.023999999999999997,-0.0749157418258376,-0.0020101773060370747,stop_intrabar,False,False,False
303,PF_ETHUSD,-1,0.006,2026-05-04T00:11:00+00:00,2026-05-04T01:11:00+00:00,2026-05-04T01:11:00+00:00,2317.5,2316.1,2314.2,2315.6,13.8966,0.3736317085573415,37.1933101011615,37.182399733005084,1.3896600000000001,1.3896600000000001,0.03736317085573415,9.999999999999998,stop_risk,2325.5,2325.5,0.07872900000000109,0.009298327525290376,0.003,0.0138951,-1.526815632859715e-05,0.0,0.016800000000001092,-0.010910368156328596,-0.0002933422200566085,time_exit,False,False,False
304,PF_XBTUSD,1,0.0002,2026-05-04T01:36:00+00:00,2026-05-04T01:55:00+00:00,2026-05-04T01:56:00+00:00,78899.0,78942.0,79992.0,79951.0,15.788400000000001,0.4246202534901311,37.182399733005084,37.368312108958385,1.5788400000000002,1.5788400000000002,0.04246202534901311,10.0,stop_risk,78729.0,78729.0,0.0669628,0.009295599933251271,0.2018,0.015889300000000002,1.675953261663333e-06,8.820806640333334e-08,0.016800000000000002,0.18591237595326168,0.005000010146957673,target_intrabar,False,False,True
305,PF_XBTUSD,1,0.0001,2026-05-04T02:01:00+00:00,2026-05-04T03:01:00+00:00,2026-05-04T03:01:00+00:00,79799.0,79840.0,80147.0,80106.0,7.984,0.21365696092240619,37.368312108958385,37.38691419696929,0.7984,0.7984,0.02136569609224062,10.0,stop_risk,79426.0,79426.0,0.053461249999999995,0.009342078027239596,0.026600000000000002,0.007997299999999999,-6.119890661723254e-07,0.0,0.0082,0.01860208801093383,0.0004978038065164391,time_exit,False,False,False
306,PF_ETHUSD,-1,0.008,2026-05-04T06:11:00+00:00,2026-05-04T07:11:00+00:00,2026-05-04T07:11:00+00:00,2372.8,2371.3,2370.4,2371.9,18.9704,0.5074074822023639,37.38691419696929,37.36324845755225,1.8970400000000003,1.8970400000000003,0.05074074822023639,10.0,stop_risk,2377.6,2377.6,0.08140159999999781,0.009346728549242324,-0.004799999999999273,0.0189728,0.00010706058289199024,0.0,0.024,-0.023665739417107284,-0.0006329952585128223,time_exit,False,False,False
307,PF_ETHUSD,1,0.009,2026-05-04T09:46:00+00:00,2026-05-04T10:02:00+00:00,2026-05-04T10:03:00+00:00,2368.3,2369.7,2364.4,2363.0,21.327299999999997,0.5708095757313387,37.36324845755225,37.2816274441505,2.13273,2.13273,0.05708095757313388,9.999999999999998,stop_risk,2364.4,2364.4,0.08159714999999836,0.009340812114388064,-0.060299999999998355,0.02129715,-2.3863401777600002e-05,1.9836696915e-07,0.025199999999997544,-0.08162101340177595,-0.0021845266878896836,stop_intrabar,False,False,False
308,PF_XBTUSD,-1,0.0001,2026-05-04T10:11:00+00:00,2026-05-04T10:49:00+00:00,2026-05-04T10:50:00+00:00,78696.0,78655.0,79062.0,79103.0,7.8655,0.210975232016973,37.2816274441505,37.22893492767049,0.7865500000000001,0.7865500000000001,0.0210975232016973,9.999999999999998,stop_risk,79062.0,79062.0,0.0526879,0.009320406861037625,-0.0448,0.0078879,-4.6164800067922285e-06,1.1837128222544178e-07,0.0082,-0.052692516480006786,-0.0014133641713721448,stop_intrabar,False,False,False
309,PF_XBTUSD,1,0.0001,2026-05-04T14:46:00+00:00,2026-05-04T15:46:00+00:00,2026-05-04T15:46:00+00:00,79653.0,79694.0,79783.0,79742.0,7.9694,0.21406467887096942,37.22893492767049,37.225796378876595,0.7969400000000001,0.7969400000000001,0.021406467887096943,10.0,stop_risk,79197.0,79197.0,0.0617425,0.009307233731917622,0.0048000000000000004,0.007971800000000001,3.3251206193942384e-05,0.0,0.0082,-0.0031385487938060575,-8.430401782655684e-05,time_exit,False,False,False
310,PF_ETHUSD,1,0.005,2026-05-04T17:26:00+00:00,2026-05-04T18:26:00+00:00,2026-05-04T18:26:00+00:00,2368.6,2370.1,2361.1,2359.7,11.8505,0.3183410740065308,37.225796378876595,37.162028987090025,1.1850500000000002,1.1850500000000002,0.03183410740065308,9.999999999999998,stop_risk,2357.8,2357.8,0.08081599999999864,0.009306449094719149,-0.052000000000000456,0.0118245,5.710821343733654e-05,0.0,0.014500000000000455,-0.06376739178656311,-0.001712989324326377,time_exit,False,False,False
311,PF_ETHUSD,-1,0.009,2026-05-04T20:46:00+00:00,2026-05-04T21:02:00+00:00,2026-05-04T21:03:00+00:00,2349.9,2348.5,2353.7,2355.1,21.136499999999998,0.5687660382414198,37.162028987090025,37.081441935966964,2.11365,2.11365,0.05687660382414198,10.0,stop_risk,2353.7,2353.7,0.08056619999999919,0.009290507246772507,-0.059399999999999176,0.0211662,-2.0851123044760498e-05,1.2095704810873825e-06,0.025200000000001634,-0.08058705112304393,-0.0021685320559606588,stop_intrabar,False,False,False
312,PF_XBTUSD,-1,0.0002,2026-05-04T23:06:00+00:00,2026-05-05T00:06:00+00:00,2026-05-05T00:06:00+00:00,79935.0,79894.0,79977.0,80018.0,15.978800000000001,0.43091096693576636,37.081441935966964,37.0404631195113,1.5978800000000002,1.5978800000000002,0.043091096693576636,10.0,stop_risk,80066.0,80066.0,0.0586001,0.00927036048399174,-0.024800000000000003,0.015991200000000004,-0.0001876164555365287,0.0,0.0164,-0.04097881645553653,-0.0011051031005293603,time_exit,False,False,False
313,PF_XBTUSD,1,0.0003,2026-05-05T01:01:00+00:00,2026-05-05T02:01:00+00:00,2026-05-05T02:01:00+00:00,80108.0,80149.0,80285.0,80244.0,24.0447,0.6491468511724493,37.0404631195113,37.04516658620079,2.40447,2.40447,0.06491468511724492,10.0,stop_risk,79994.0,79994.0,0.0828153,0.009260115779877827,0.028499999999999998,0.024058949999999996,0.00026241668939650274,0.0,0.024599999999999997,0.004703466689396502,0.00012698185425545936,time_exit,False,False,False
314,PF_XBTUSD,1,0.0002,2026-05-05T02:46:00+00:00,2026-05-05T02:47:00+00:00,2026-05-05T02:48:00+00:00,80778.0,80819.0,80612.0,80571.0,16.163800000000002,0.43632682720938193,37.04516658620079,36.979430832647665,1.6163800000000004,1.6163800000000004,0.0436326827209382,9.999999999999998,stop_risk,80612.0,80612.0,0.065739,0.009261291646550198,-0.049600000000000005,0.016139,3.2464468762560485e-06,3.2464468762560485e-06,0.0164,-0.06573575355312375,-0.0017744758523399408,stop_intrabar,False,False,False
315,PF_ETHUSD,1,0.005,2026-05-05T03:41:00+00:00,2026-05-05T04:41:00+00:00,2026-05-05T04:41:00+00:00,2384.9,2386.3,2380.7,2379.3,11.931500000000002,0.322652342974034,36.979430832647665,36.932542719093156,1.1931500000000002,1.1931500000000002,0.0322652342974034,10.0,stop_risk,2374.4,2374.4,0.0783982500000009,0.009244857708161917,-0.035,0.011914000000000001,2.588644540861805e-05,0.0,0.013999999999998637,-0.04688811355459139,-0.0012679511960794092,time_exit,False,False,False
316,PF_ETHUSD,-1,0.007,2026-05-05T06:26:00+00:00,2026-05-05T06:52:00+00:00,2026-05-05T06:53:00+00:00,2371.8,2370.4,2377.1,2378.5,16.5928,0.449273155282156,36.932542719093156,36.85920766434438,1.65928,1.65928,0.044927315528215606,10.0,stop_risk,2377.1,2377.1,0.07332114999999936,0.00923313567977329,-0.05669999999999936,0.01662115,-1.3904748791324994e-05,5.149906959750001e-07,0.019600000000001273,-0.07333505474879069,-0.001985648681342441,stop_intrabar,False,False,False
317,PF_ETHUSD,1,0.008,2026-05-05T07:41:00+00:00,2026-05-05T07:46:00+00:00,2026-05-05T07:47:00+00:00,2387.0,2388.4,2382.2,2380.8,19.107200000000002,0.5183833622794687,36.85920766434438,36.779330386194346,1.9107200000000004,1.9107200000000004,0.051838336227946875,9.999999999999998,stop_risk,2382.2,2382.2,0.07987679999999928,0.009214801916086096,-0.06079999999999927,0.0190768,-4.781500335564008e-07,7.969167225940015e-08,0.022399999999997817,-0.07987727815003282,-0.0021670915684739965,stop_intrabar,False,False,False
318,PF_XBTUSD,-1,0.0003,2026-05-05T08:46:00+00:00,2026-05-05T09:46:00+00:00,2026-05-05T09:46:00+00:00,80762.0,80721.0,80600.0,80641.0,24.216299999999997,0.6584214488333897,36.779330386194346,36.77903537641168,2.42163,2.42163,0.06584214488333898,9.999999999999998,stop_risk,80847.0,80847.0,0.07434135,0.009194832596548587,0.023999999999999997,0.024204299999999998,-9.07097825989745e-05,0.0,0.024599999999999997,-0.0002950097825989755,-8.021075411142115e-06,time_exit,False,False,False
319,PF_XBTUSD,1,0.0003,2026-05-05T11:16:00+00:00,2026-05-05T11:17:00+00:00,2026-05-05T11:18:00+00:00,80905.0,80946.0,80827.0,80786.0,24.2838,0.6602620147991829,36.77903537641168,36.70677602380902,2.42838,2.42838,0.0660262014799183,9.999999999999998,stop_risk,80827.0,80827.0,0.07225979999999999,0.00919475884410292,-0.047999999999999994,0.024259799999999998,4.473973462470426e-07,4.473973462470426e-07,0.024599999999999997,-0.07225935260265375,-0.0019646886293542506,stop_intrabar,False,False,False
320,PF_XBTUSD,1,0.0002,2026-05-05T11:41:00+00:00,2026-05-05T11:51:00+00:00,2026-05-05T11:52:00+00:00,81034.0,81076.0,80876.0,80835.0,16.2152,0.44174950122240036,36.70677602380902,36.642387906458026,1.62152,1.62152,0.04417495012224004,10.0,stop_risk,80876.0,80876.0,0.0643911,0.009176694005952257,-0.0482,0.0161911,2.9826489749802844e-06,2.982648974980284e-07,0.0166,-0.06438811735102502,-0.0017541207462420869,stop_intrabar,False,False,False
321,PF_XBTUSD,1,0.0002,2026-05-05T12:36:00+00:00,2026-05-05T13:36:00+00:00,2026-05-05T13:36:00+00:00,81208.0,81250.0,81449.0,81407.0,16.25,0.44347546457625986,36.642387906458026,36.6575863523812,1.625,1.625,0.04434754645762599,10.0,stop_risk,81089.0,81089.0,0.056829700000000004,0.009160596976614508,0.031400000000000004,0.0162657,6.414592331059679e-05,0.0,0.016800000000000002,0.0151984459233106,0.00041477771487245113,time_exit,False,False,False
322,PF_XBTUSD,-1,0.0001,2026-05-05T14:21:00+00:00,2026-05-05T14:27:00+00:00,2026-05-05T14:28:00+00:00,80937.0,80895.0,81336.0,81378.0,8.089500000000001,0.22067737690740033,36.6575863523812,36.60116542092955,0.8089500000000002,0.8089500000000002,0.022067737690740035,10.0,stop_risk,81336.0,81336.0,0.0565137,0.009164396588095302,-0.0483,0.00811365,-7.281451633809525e-06,1.0402073762585035e-06,0.008400000000000001,-0.056420931451633814,-0.0015391338346521777,stop_intrabar,False,False,False
323,PF_ETHUSD,-1,0.005,2026-05-05T16:41:00+00:00,2026-05-05T17:41:00+00:00,2026-05-05T17:41:00+00:00,2362.1,2360.5,2361.2,2362.6,11.8025,0.3224624097147193,36.60116542092955,36.578826552568934,1.18025,1.18025,0.03224624097147193,10.0,stop_risk,2370.8,2370.8,0.07133225000000046,0.009150291355232388,-0.010499999999999546,0.01180775,-3.111836047885797e-05,0.0,0.015,-0.02233886836047841,-0.0006103321602897495,time_exit,False,False,False
324,PF_XBTUSD,-1,0.0002,2026-05-05T21:36:00+00:00,2026-05-05T21:52:00+00:00,2026-05-05T21:53:00+00:00,81316.0,81274.0,81460.0,81502.0,16.2548,0.4443772950627478,36.578826552568934,36.51690270997194,1.62548,1.62548,0.04443772950627478,10.0,stop_risk,81460.0,81460.0,0.06187760000000001,0.009144706638142234,-0.0456,0.0162776,-4.624259701048748e-05,2.720152765322794e-06,0.016800000000000002,-0.06192384259701049,-0.0016928876192356032,stop_intrabar,False,False,False
325,PF_XBTUSD,-1,0.0002,2026-05-05T22:41:00+00:00,2026-05-05T22:52:00+00:00,2026-05-05T22:53:00+00:00,81016.0,80974.0,81183.0,81226.0,16.1948,0.443487776841971,36.51690270997194,36.45025036006397,1.6194800000000003,1.6194800000000003,0.04434877768419711,9.999999999999998,stop_risk,81183.0,81183.0,0.0664199,0.009129225677492985,-0.0504,0.016220000000000002,-3.234990793727425e-05,2.695825661439521e-06,0.017,-0.06665234990793728,-0.0018252465286366152,stop_intrabar,False,False,False
326,PF_XBTUSD,1,0.0002,2026-05-06T01:26:00+00:00,2026-05-06T02:26:00+00:00,2026-05-06T02:26:00+00:00,81252.0,81294.0,81229.0,81187.0,16.2588,0.44605454940341505,36.45025036006397,36.412757976271614,1.6258800000000002,1.6258800000000002,0.04460545494034151,10.0,stop_risk,81064.0,81064.0,0.0706316,0.009112562590015992,-0.021400000000000002,0.0162481,0.0001557162076406733,0.0,0.016800000000000002,-0.03749238379235933,-0.0010285905699412466,time_exit,False,False,False
327,PF_XBTUSD,-1,0.0002,2026-05-06T05:41:00+00:00,2026-05-06T05:47:00+00:00,2026-05-06T05:48:00+00:00,81075.0,81033.0,81193.0,81235.0,16.2066,0.4450802658387216,36.412757976271614,36.356114490866254,1.6206600000000002,1.6206600000000002,0.044508026583872165,10.0,stop_risk,81193.0,81193.0,0.056626800000000005,0.009103189494067904,-0.040400000000000005,0.0162268,-1.668540537952857e-05,2.383629339932653e-06,0.016800000000000002,-0.056643485405379536,-0.0015555944826341165,stop_intrabar,False,False,False
328,PF_XBTUSD,1,0.0002,2026-05-06T06:46:00+00:00,2026-05-06T07:46:00+00:00,2026-05-06T07:46:00+00:00,81459.0,81501.0,81396.0,81354.0,16.3002,0.4483482415068062,36.356114490866254,36.3105422777031,1.63002,1.63002,0.04483482415068062,10.0,stop_risk,81305.0,81305.0,0.0638764,0.009089028622716563,-0.029400000000000003,0.0162855,0.00011328683666781232,0.0,0.016800000000000002,-0.04557221316333219,-0.0012534951493449965,time_exit,False,False,False
329,PF_ETHUSD,1,0.006,2026-05-06T09:01:00+00:00,2026-05-06T09:22:00+00:00,2026-05-06T09:23:00+00:00,2392.6,2394.2,2386.4,2385.0,14.3652,0.39562064069809044,36.3105422777031,36.24100436680507,1.43652,1.43652,0.03956206406980904,10.0,stop_risk,2386.4,2386.4,0.07073699999999782,0.009077635569425776,-0.05519999999999891,0.0143376,-3.108980997210529e-07,1.4131731805502401e-08,0.018000000000000002,-0.06953791089809863,-0.0019150887465759269,stop_intrabar,False,False,False
330,PF_ETHUSD,1,0.004,2026-05-06T09:41:00+00:00,2026-05-06T10:41:00+00:00,2026-05-06T10:41:00+00:00,2412.5,2413.9,2412.5,2411.1,9.6556,0.26642749473146615,36.24100436680507,36.22016074529738,0.96556,0.96556,0.026642749473146616,10.0,stop_risk,2397.5,2397.5,0.08082000000000074,0.009060251091701268,-0.011200000000000728,0.009649999999999999,6.378492495369036e-06,0.0,0.011200000000000728,-0.02084362150750536,-0.0005751391792716723,time_exit,False,False,False
331,PF_XBTUSD,1,0.0002,2026-05-06T11:26:00+00:00,2026-05-06T11:41:00+00:00,2026-05-06T11:42:00+00:00,82734.0,82776.0,82525.0,82481.0,16.5552,0.45707141159359527,36.22016074529738,36.14464584549044,1.65552,1.65552,0.04570714115935953,9.999999999999998,stop_risk,82525.0,82525.0,0.07512590000000001,0.009055040186324345,-0.059000000000000004,0.0165257,1.0800193098284705e-05,7.200128732189803e-07,0.0172,-0.07551489980690172,-0.002084885827479552,stop_intrabar,False,False,False
332,PF_XBTUSD,-1,0.0002,2026-05-06T13:11:00+00:00,2026-05-06T14:11:00+00:00,2026-05-06T14:11:00+00:00,82087.0,82042.0,81348.0,81390.0,16.4084,0.4539648851490181,36.14464584549044,36.25869252286225,1.64084,1.64084,0.04539648851490181,10.0,stop_risk,82244.0,82244.0,0.0658331,0.00903616146137261,0.13040000000000002,0.016343200000000002,-1.012262804547542e-05,0.0,0.017400000000000002,0.11404667737195454,0.0031552855119808426,time_exit,False,False,False
333,PF_ETHUSD,-1,0.004,2026-05-06T14:16:00+00:00,2026-05-06T14:45:00+00:00,2026-05-06T14:46:00+00:00,2359.7,2358.3,2371.6,2373.1,9.433200000000001,0.26016382124237025,36.25869252286225,36.19004178592218,0.9433200000000002,0.9433200000000002,0.026016382124237028,10.0,stop_risk,2371.6,2371.6,0.06826259999999927,0.009064673130715562,-0.05919999999999891,0.0094628,1.2063059989866844e-05,4.1596758585747756e-07,0.011599999999998546,-0.06865073694000905,-0.0018933594171031565,stop_intrabar,False,False,False
334,PF_XBTUSD,1,0.0002,2026-05-07T00:01:00+00:00,2026-05-07T00:21:00+00:00,2026-05-07T00:22:00+00:00,81441.0,81483.0,81272.0,81230.0,16.2966,0.45030619462670335,36.19004178592218,36.123191367700976,1.6296600000000003,1.6296600000000003,0.04503061946267034,9.999999999999998,stop_risk,81272.0,81272.0,0.0668713,0.009047510446480547,-0.0506,0.016271300000000002,2.0881778737779596e-05,1.0440889368889795e-06,0.016800000000000002,-0.06685041822126223,-0.001847204781268499,stop_intrabar,False,False,False
335,PF_ETHUSD,-1,0.005,2026-05-07T01:06:00+00:00,2026-05-07T01:10:00+00:00,2026-05-07T01:11:00+00:00,2319.3,2317.9,2328.3,2329.8,11.589500000000001,0.3208326717877586,36.123191367700976,36.05207345114498,1.1589500000000001,1.1589500000000001,0.03208326717877586,10.0,stop_risk,2328.3,2328.3,0.07061899999999864,0.009030797841925243,-0.059500000000000455,0.011619250000000001,1.3334439982313954e-06,3.3336099955784884e-07,0.014500000000000455,-0.07111791655600222,-0.001968760617855909,stop_intrabar,False,False,False
336,PF_XBTUSD,-1,0.0002,2026-05-07T04:06:00+00:00,2026-05-07T04:19:00+00:00,2026-05-07T04:20:00+00:00,80781.0,80740.0,80935.0,80976.0,16.148,0.4479076639484422,36.05207345114498,35.98870439705216,1.6148,1.6148,0.04479076639484422,10.0,stop_risk,80935.0,80935.0,0.0633716,0.009013018362786245,-0.0472,0.0161716,2.5459071966599444e-06,1.9583901512768798e-07,0.0164,-0.06336905409280334,-0.0017577090033025773,stop_intrabar,False,False,False
337,PF_XBTUSD,1,0.0003,2026-05-07T05:21:00+00:00,2026-05-07T05:52:00+00:00,2026-05-07T05:53:00+00:00,81100.0,81142.0,81015.0,80973.0,24.342599999999997,0.6763955637701118,35.98870439705216,35.91366771861006,2.43426,2.43426,0.06763955637701119,9.999999999999998,stop_risk,81015.0,81015.0,0.07501725,0.008997176099263041,-0.050699999999999995,0.02431725,-1.942844203652144e-05,6.071388136412951e-07,0.025199999999999997,-0.07503667844203651,-0.002085006384619469,stop_intrabar,False,False,False
338,PF_XBTUSD,1,0.0002,2026-05-07T06:41:00+00:00,2026-05-07T07:41:00+00:00,2026-05-07T07:41:00+00:00,81328.0,81370.0,81593.0,81551.0,16.274,0.45314224454905777,35.91366771861006,35.93359928125978,1.6274000000000002,1.6274000000000002,0.04531422445490578,10.0,stop_risk,81139.0,81139.0,0.0708467,0.008978416929652516,0.0362,0.016292100000000004,2.3662649731260132e-05,0.0,0.016800000000000002,0.019931562649731262,0.0005549854391341643,time_exit,False,False,False
339,PF_XBTUSD,-1,0.0002,2026-05-07T08:51:00+00:00,2026-05-07T09:51:00+00:00,2026-05-07T09:51:00+00:00,81258.0,81216.0,80909.0,80950.0,16.2432,0.45203376018252683,35.93359928125978,35.97054087918521,1.6243200000000002,1.6243200000000002,0.04520337601825268,10.0,stop_risk,81389.0,81389.0,0.0592647,0.008983399820314946,0.053200000000000004,0.016216600000000005,-4.1802074734218546e-05,0.0,0.0166,0.03694159792526578,0.001028051702700756,time_exit,False,False,False
340,PF_ETHUSD,-1,0.008,2026-05-07T10:21:00+00:00,2026-05-07T11:05:00+00:00,2026-05-07T11:06:00+00:00,2326.0,2324.6,2330.7,2332.1,18.596799999999998,0.5170008441758313,35.97054087918521,35.89200787075923,1.85968,1.85968,0.05170008441758313,9.999999999999998,stop_risk,2330.7,2330.7,0.07862680000000001,0.008992635219796303,-0.06,0.0186268,9.379157394019638e-05,2.753881620155418e-06,0.022400000000001457,-0.0785330084260598,-0.002183259036605254,stop_intrabar,False,False,False
341,PF_ETHUSD,1,0.007,2026-05-07T12:11:00+00:00,2026-05-07T13:06:00+00:00,2026-05-07T13:07:00+00:00,2333.9,2335.3,2328.6,2327.2,16.3471,0.45545236864047883,35.89200787075923,35.818864986333274,1.63471,1.63471,0.045545236864047885,10.0,stop_risk,2328.6,2328.6,0.07301875000000255,0.008973001967689808,-0.05670000000000255,0.01631875,-0.0001241344259238965,9.86665856555495e-07,0.019600000000001273,-0.07314288442592644,-0.002037859923838784,stop_intrabar,False,False,False
342,PF_ETHUSD,-1,0.006,2026-05-07T13:41:00+00:00,2026-05-07T14:41:00+00:00,2026-05-07T14:41:00+00:00,2316.8,2315.4,2292.0,2293.3,13.8924,0.3878514856710468,35.818864986333274,35.93765842319396,1.38924,1.38924,0.03878514856710468,10.0,stop_risk,2323.6,2323.6,0.07152119999999945,0.00895471624658332,0.13259999999999947,0.013826100000000001,1.95368607755469e-05,0.0,0.016200000000001637,0.11879343686077501,0.003316504777750517,time_exit,False,False,False
343,PF_XBTUSD,-1,0.0001,2026-05-07T14:46:00+00:00,2026-05-07T15:46:00+00:00,2026-05-07T15:46:00+00:00,80152.0,80111.0,80011.0,80052.0,8.0111,0.222916582534762,35.93765842319396,35.93553222800932,0.8011100000000001,0.8011100000000001,0.0222916582534762,10.0,stop_risk,80429.0,80429.0,0.043929050000000004,0.008984414605798489,0.0059,0.00800815,-1.8045184602675486e-05,0.0,0.0082,-0.002126195184602676,-5.9163431283281436e-05,time_exit,False,False,False
344,PF_XBTUSD,1,0.0001,2026-05-07T18:06:00+00:00,2026-05-07T19:06:00+00:00,2026-05-07T19:06:00+00:00,80168.0,80209.0,80074.0,80032.0,8.020900000000001,0.22320248240954815,35.93553222800932,35.90979940629759,0.8020900000000002,0.8020900000000002,0.022320248240954816,9.999999999999998,stop_risk,79914.0,79914.0,0.041604100000000005,0.00898388305700233,-0.0177,0.00801205,-2.0771711854316953e-05,0.0,0.0083,-0.025732821711854318,-0.0007160829439948386,time_exit,False,False,False
345,PF_XBTUSD,-1,0.0002,2026-05-07T21:06:00+00:00,2026-05-07T22:06:00+00:00,2026-05-07T22:06:00+00:00,79822.0,79781.0,79611.0,79658.0,15.9562,0.4443411064335192,35.90979940629759,35.918452326619665,1.5956200000000003,1.5956200000000003,0.044434110643351926,9.999999999999998,stop_risk,79980.0,79980.0,0.0639802,0.008977449851574398,0.0246,0.0159439,-3.179677747181615e-06,0.0,0.0176,0.00865292032225282,0.00024096264711340426,time_exit,False,False,False
346,PF_XBTUSD,1,0.0002,2026-05-07T23:51:00+00:00,2026-05-08T00:38:00+00:00,2026-05-08T00:39:00+00:00,80059.0,80100.0,79942.0,79901.0,16.02,0.4460103084154145,35.918452326619665,35.86261093504441,1.602,1.602,0.044601030841541454,10.0,stop_risk,79942.0,79942.0,0.0558001,0.008979613081654916,-0.0398,0.0160001,-4.129157539105987e-05,9.188863604253112e-07,0.0164,-0.055841391575391065,-0.0015546714281451997,stop_intrabar,False,False,False
347,PF_ETHUSD,-1,0.01,2026-05-08T00:56:00+00:00,2026-05-08T01:00:00+00:00,2026-05-08T01:01:00+00:00,2285.2,2283.9,2288.2,2289.6,22.839000000000002,0.636847106346127,35.86261093504441,35.782755652767435,2.2839000000000005,2.2839000000000005,0.0636847106346127,9.999999999999998,stop_risk,2288.2,2288.2,0.07886699999999909,0.008965652733761103,-0.056999999999998184,0.0228675,1.2217723024445123e-05,2.939691102108754e-06,0.02699999999999818,-0.07985528227697375,-0.002226700181467835,stop_intrabar,False,False,False
348,PF_ETHUSD,-1,0.007,2026-05-08T02:11:00+00:00,2026-05-08T02:33:00+00:00,2026-05-08T02:34:00+00:00,2276.2,2274.9,2282.3,2283.7,15.9243,0.4450272123960474,35.782755652767435,35.70524086804531,1.5924300000000002,1.5924300000000002,0.04450272123960475,9.999999999999998,stop_risk,2282.3,2282.3,0.07685474999999874,0.00894568891319186,-0.061599999999998094,0.0159551,4.031527791445132e-05,1.8325126324750594e-06,0.018899999999995545,-0.07751478472208365,-0.0021662609071889257,stop_intrabar,False,False,False
349,PF_XBTUSD,1,0.0003,2026-05-08T04:21:00+00:00,2026-05-08T04:35:00+00:00,2026-05-08T04:36:00+00:00,79703.0,79744.0,79618.0,79577.0,23.923199999999998,0.6700192861998099,35.70524086804531,35.631229198772886,2.39232,2.39232,0.06700192861998099,10.0,stop_risk,79618.0,79618.0,0.07399815,0.008926310217011327,-0.0501,0.02389815,-1.351927247025133e-05,9.012848313500883e-07,0.024599999999999997,-0.07401166927247026,-0.0020728517011268112,stop_intrabar,False,False,False
350,PF_ETHUSD,-1,0.007,2026-05-08T06:06:00+00:00,2026-05-08T07:06:00+00:00,2026-05-08T07:06:00+00:00,2272.6,2271.2,2270.0,2271.4,15.898399999999999,0.44619285827353744,35.631229198772886,35.61395339135444,1.58984,1.58984,0.04461928582735374,10.0,stop_risk,2278.6,2278.6,0.07752920000000128,0.008907807299693222,-0.00140000000000191,0.0158991,2.3292581468097006e-05,0.0,0.019600000000001273,-0.017275807418533816,-0.00048485016675003684,time_exit,False,False,False
351,PF_XBTUSD,-1,0.0003,2026-05-08T07:16:00+00:00,2026-05-08T07:31:00+00:00,2026-05-08T07:32:00+00:00,79326.0,79285.0,79427.0,79468.0,23.7855,0.6678702512643292,35.61395339135444,35.535264177133435,2.37855,2.37855,0.06678702512643292,9.999999999999998,stop_risk,79427.0,79427.0,0.07871295,0.008903488347838611,-0.0549,0.02381295,2.373577899679298e-05,1.582385266452866e-06,0.024599999999999997,-0.07868921422100321,-0.0022095051722088683,stop_intrabar,False,False,False
352,PF_ETHUSD,1,0.008,2026-05-08T07:51:00+00:00,2026-05-08T08:51:00+00:00,2026-05-08T08:51:00+00:00,2280.5,2281.9,2286.8,2285.4,18.255200000000002,0.5137206778315448,35.535264177133435,35.54489545998222,1.8255200000000003,1.8255200000000003,0.051372067783154486,10.0,stop_risk,2276.3,2276.3,0.0742272,0.00888381604428336,0.028,0.0182692,-9.951715105626181e-05,0.0,0.022400000000001457,0.009631282848943736,0.00027103450817009446,time_exit,False,False,False
353,PF_XBTUSD,1,0.0003,2026-05-08T08:56:00+00:00,2026-05-08T09:01:00+00:00,2026-05-08T09:02:00+00:00,79937.0,79978.0,79838.0,79797.0,23.993399999999998,0.675016755275386,35.54489545998222,35.46661280553544,2.39934,2.39934,0.06750167552753861,9.999999999999998,stop_risk,79838.0,79838.0,0.07826625,0.008886223864995556,-0.054299999999999994,0.023966249999999998,-1.640444677516663e-05,2.1876190232667994e-06,0.024599999999999997,-0.07828265444677515,-0.0022023599572801866,stop_intrabar,False,False,False
354,PF_XBTUSD,1,0.0002,2026-05-08T11:01:00+00:00,2026-05-08T12:01:00+00:00,2026-05-08T12:01:00+00:00,80264.0,80305.0,80245.0,80204.0,16.061,0.45284843207506087,35.46661280553544,35.43028637232936,1.6061,1.6061,0.04528484320750609,10.0,stop_risk,80051.0,80051.0,0.07503150000000001,0.008866653201383861,-0.020200000000000003,0.0160509,-7.553320601416245e-05,0.0,0.0164,-0.03632643320601416,-0.0010242430932210285,time_exit,False,False,False
355,PF_XBTUSD,-1,0.0002,2026-05-08T13:16:00+00:00,2026-05-08T14:05:00+00:00,2026-05-08T14:06:00+00:00,79768.0,79727.0,79877.0,79918.0,15.945400000000001,0.45004998922202255,35.43028637232936,35.376100293502304,1.5945400000000003,1.5945400000000003,0.045004998922202256,9.999999999999998,stop_risk,79877.0,79877.0,0.0541645,0.00885757159308234,-0.038200000000000005,0.0159645,-2.1578827046553295e-05,4.817429401704503e-07,0.0164,-0.054186078827046555,-0.0015293717430792558,stop_intrabar,False,False,False
356,PF_ETHUSD,1,0.005,2026-05-08T17:36:00+00:00,2026-05-08T17:58:00+00:00,2026-05-08T17:59:00+00:00,2314.6,2316.0,2306.0,2304.6,11.58,0.32733964184647435,35.376100293502304,35.30752031276946,1.1580000000000001,1.1580000000000001,0.03273396418464744,9.999999999999998,stop_risk,2306.0,2306.0,0.06855150000000046,0.008844025073375577,-0.05700000000000045,0.0115515,-2.8480732771739383e-05,1.2382927292060607e-06,0.01400000000000091,-0.0685799807327722,-0.0019385964016324494,stop_intrabar,False,False,False
357,PF_ETHUSD,1,0.005,2026-05-08T18:26:00+00:00,2026-05-08T19:26:00+00:00,2026-05-08T19:26:00+00:00,2320.4,2321.8,2316.2,2314.8,11.609000000000002,0.32879680864479865,35.30752031276946,35.26084945144009,1.1609000000000003,1.1609000000000003,0.032879680864479864,10.0,stop_risk,2309.7,2309.7,0.07907525,0.008826880078192366,-0.035,0.011591500000000001,-7.936132924254463e-05,0.0,0.013999999999998637,-0.04667086132924255,-0.0013218391129088546,time_exit,False,False,False
358,PF_ETHUSD,-1,0.01,2026-05-08T23:41:00+00:00,2026-05-08T23:51:00+00:00,2026-05-08T23:52:00+00:00,2305.1,2303.7,2307.5,2309.0,23.037,0.6533308289048931,35.26084945144009,35.18482467754003,2.3037,2.3037,0.06533308289048932,10.0,stop_risk,2307.5,2307.5,0.07506300000000274,0.008815212362860023,-0.05300000000000182,0.0230635,3.8726099953125e-05,3.8726099953125e-06,0.02900000000000091,-0.07602477390004869,-0.0021560675673666665,stop_intrabar,False,False,False
359,PF_XBTUSD,1,0.0003,2026-05-09T01:16:00+00:00,2026-05-09T01:22:00+00:00,2026-05-09T01:23:00+00:00,80334.0,80375.0,80262.0,80221.0,24.112499999999997,0.6853096532662853,35.18482467754003,35.114531165524795,2.41125,2.41125,0.06853096532662854,10.0,stop_risk,80262.0,80262.0,0.07028939999999999,0.008796206169385007,-0.0462,0.024089399999999997,-4.112015242885313e-06,5.874307489836162e-07,0.024599999999999997,-0.07029351201524289,-0.001997836074485664,stop_intrabar,False,False,False
360,PF_ETHUSD,1,0.008,2026-05-09T01:41:00+00:00,2026-05-09T02:41:00+00:00,2026-05-09T02:41:00+00:00,2315.7,2317.1,2318.8,2317.4,18.5368,0.5278954149386252,35.114531165524795,35.09822434754474,1.85368,1.85368,0.05278954149386252,10.0,stop_risk,2311.6,2311.6,0.07370920000000072,0.0087786327913812,0.0024000000000014552,0.018538,-0.0001688179801160699,0.0,0.022400000000001457,-0.016306817980114616,-0.000464389454703144,time_exit,False,False,False
361,PF_XBTUSD,-1,0.0003,2026-05-09T06:26:00+00:00,2026-05-09T07:26:00+00:00,2026-05-09T07:26:00+00:00,80309.0,80268.0,80273.0,80314.0,24.080399999999997,0.6860859900362599,35.09822434754474,35.060386363691144,2.4080399999999997,2.4080399999999997,0.068608599003626,10.0,stop_risk,80382.0,80382.0,0.07060365,0.008774556086886187,-0.013799999999999998,0.0240873,4.9316146236439706e-05,0.0,0.024599999999999997,-0.03783798385376356,-0.001078059775306282,time_exit,False,False,False
362,PF_XBTUSD,1,0.0004,2026-05-09T12:31:00+00:00,2026-05-09T12:31:00+00:00,2026-05-09T12:32:00+00:00,80369.0,80410.0,80348.0,80307.0,32.164,0.9173886353206117,35.060386363691144,34.987042963691145,3.2164,3.2164,0.09173886353206116,10.0,stop_risk,80348.0,80348.0,0.0733434,0.008765096590922786,-0.0412,0.0321434,0.0,1.3100822423448743e-06,0.0328,-0.0733434,-0.0020919164791622234,stop_intrabar,False,False,False
363,PF_ETHUSD,-1,0.01,2026-05-09T14:31:00+00:00,2026-05-09T14:48:00+00:00,2026-05-09T14:49:00+00:00,2308.6,2307.2,2311.2,2312.6,23.072,0.659444126899883,34.987042963691145,34.91000838286105,2.3072,2.3072,0.0659444126899883,10.0,stop_risk,2311.2,2311.2,0.0770990000000009,0.008746760740922786,-0.05400000000000091,0.023099,6.441916990739654e-05,3.789362935729209e-06,0.02800000000000182,-0.07703458083009353,-0.002201803133521129,stop_intrabar,False,False,False
364,PF_ETHUSD,-1,0.009,2026-05-09T15:16:00+00:00,2026-05-09T15:23:00+00:00,2026-05-09T15:24:00+00:00,2305.4,2304.0,2308.7,2310.1,20.735999999999997,0.5939843890206645,34.91000838286105,34.83436413827741,2.0736,2.0736,0.059398438902066454,10.0,stop_risk,2308.7,2308.7,0.07566344999999917,0.008727502095715264,-0.05489999999999918,0.020763449999999996,1.920541634774529e-05,2.7436309068207563e-06,0.025200000000001634,-0.07564424458365143,-0.002166835474631072,stop_intrabar,False,False,False
365,PF_XBTUSD,1,0.0003,2026-05-09T15:41:00+00:00,2026-05-09T16:41:00+00:00,2026-05-09T16:41:00+00:00,80517.0,80558.0,80606.0,80565.0,24.167399999999997,0.6937804262499478,34.83436413827741,34.812261331422235,2.41674,2.41674,0.06937804262499479,10.0,stop_risk,80428.0,80428.0,0.07544174999999999,0.008708591034569352,0.0021,0.02416845,-3.435685535546708e-05,0.0,0.024599999999999997,-0.022102806855355466,-0.0006345115635702966,time_exit,False,False,False
366,PF_XBTUSD,1,0.0003,2026-05-09T17:41:00+00:00,2026-05-09T17:49:00+00:00,2026-05-09T17:50:00+00:00,80881.0,80922.0,80796.0,80755.0,24.2766,0.6973577432640797,34.812261331422235,34.73790695597881,2.42766,2.42766,0.06973577432640798,10.0,stop_risk,80796.0,80796.0,0.07435155,0.008703065332855559,-0.0501,0.024251549999999997,-2.8254434587537505e-06,3.1393816208375003e-07,0.024599999999999997,-0.07435437544345874,-0.002135867438647113,stop_intrabar,False,False,False
367,PF_ETHUSD,-1,0.01,2026-05-09T23:31:00+00:00,2026-05-10T00:20:00+00:00,2026-05-10T00:21:00+00:00,2326.3,2324.9,2328.4,2329.8,23.249000000000002,0.6692688776402682,34.73790695597881,34.66571937580718,2.3249000000000004,2.3249000000000004,0.06692688776402682,10.0,stop_risk,2328.4,2328.4,0.07227350000000092,0.008684476738994702,-0.04900000000000091,0.023273500000000003,8.591982839376525e-05,1.9576160073265183e-06,0.02800000000000182,-0.07218758017160716,-0.0020780636053601615,stop_intrabar,False,False,False
368,PF_ETHUSD,-1,0.009,2026-05-10T01:31:00+00:00,2026-05-10T01:52:00+00:00,2026-05-10T01:53:00+00:00,2320.6,2319.2,2323.3,2324.7,20.872799999999998,0.602116453252284,34.66571937580718,34.59536242666449,2.08728,2.08728,0.0602116453252284,10.0,stop_risk,2323.3,2323.3,0.07039754999999999,0.008666429843951795,-0.049499999999999995,0.020897549999999997,4.060085734315461e-05,1.933374159197839e-06,0.025199999999997544,-0.07035694914265683,-0.0020295828388825583,stop_intrabar,False,False,False
369,PF_XBTUSD,1,0.0002,2026-05-10T08:31:00+00:00,2026-05-10T08:41:00+00:00,2026-05-10T08:42:00+00:00,80899.0,80941.0,80796.0,80755.0,16.188200000000002,0.46792977048053397,34.59536242666449,34.54198898506688,1.6188200000000004,1.6188200000000004,0.0467929770480534,9.999999999999998,stop_risk,80796.0,80796.0,0.0535695,0.008648840606666123,-0.037200000000000004,0.0161696,-3.841597574943483e-06,3.4923614317668023e-07,0.0166,-0.05337344159757495,-0.0015427918036909247,stop_intrabar,False,False,False
370,PF_XBTUSD,1,0.0003,2026-05-10T11:01:00+00:00,2026-05-10T11:22:00+00:00,2026-05-10T11:23:00+00:00,80874.0,80915.0,80791.0,80749.0,24.274499999999996,0.702753394151515,34.54198898506688,34.46791836177979,2.42745,2.42745,0.07027533941515152,9.999999999999998,stop_risk,80791.0,80791.0,0.07374974999999999,0.00863549724626672,-0.0498,0.024249599999999996,-2.1023287033083637e-05,9.556039560492564e-07,0.0249,-0.07407062328703308,-0.0021443647416787477,stop_intrabar,False,False,False
371,PF_ETHUSD,1,0.009,2026-05-10T13:21:00+00:00,2026-05-10T14:21:00+00:00,2026-05-10T14:21:00+00:00,2330.9,2332.3,2327.6,2326.2,20.9907,0.6089923905377419,34.46791836177979,34.391861361591324,2.09907,2.09907,0.060899239053774194,10.0,stop_risk,2327.5,2327.5,0.07676280000000245,0.008616979590444947,-0.05490000000000327,0.02096325,-0.00019375018848880052,0.0,0.025200000000001634,-0.07605700018849207,-0.002206602655553139,time_exit,False,False,False
372,PF_ETHUSD,1,0.006,2026-05-10T15:46:00+00:00,2026-05-10T16:46:00+00:00,2026-05-10T16:46:00+00:00,2342.3,2343.7,2346.2,2344.8,14.062199999999999,0.4088816203389503,34.391861361591324,34.384254803284904,1.40622,1.40622,0.04088816203389504,9.999999999999998,stop_risk,2336.2,2336.2,0.06743549999999782,0.008597965340397832,0.006600000000002183,0.0140655,-0.0001410583062696011,0.0,0.016799999999995634,-0.007606558306267418,-0.0002211732079951447,time_exit,False,False,False
373,PF_ETHUSD,1,0.009,2026-05-10T20:11:00+00:00,2026-05-10T20:12:00+00:00,2026-05-10T20:13:00+00:00,2368.0,2369.4,2364.6,2363.2,21.3246,0.6201850271875822,34.384254803284904,34.307154611165835,2.13246,2.13246,0.062018502718758216,10.0,stop_risk,2364.6,2364.6,0.07709670000000246,0.008596063700821227,-0.05580000000000245,0.0212967,-3.492119064583017e-06,1.7460595322915086e-06,0.025200000000001634,-0.07710019211906703,-0.002242310981004633,stop_intrabar,False,False,False
374,PF_XBTUSD,-1,0.0002,2026-05-10T20:51:00+00:00,2026-05-10T20:51:00+00:00,2026-05-10T20:52:00+00:00,80453.0,80411.0,80572.0,80614.0,16.0822,0.4687710240698825,34.307154611165835,34.250452111165835,1.6082200000000002,1.6082200000000002,0.04687710240698825,9.999999999999998,stop_risk,80572.0,80572.0,0.0567025,0.00857678865279146,-0.040600000000000004,0.016102500000000002,0.0,7.116480241123599e-08,0.016800000000000002,-0.05670250000000001,-0.0016527893567001104,stop_intrabar,False,False,False
375,PF_XBTUSD,1,0.0001,2026-05-10T22:21:00+00:00,2026-05-10T23:21:00+00:00,2026-05-10T23:21:00+00:00,81301.0,81343.0,82257.0,82215.0,8.1343,0.2374946752118397,34.250452111165835,34.32954169874861,0.81343,0.81343,0.02374946752118397,10.0,stop_risk,81020.0,81020.0,0.044616050000000004,0.008562613027791459,0.0872,0.008177900000000002,6.748758275989165e-05,0.0,0.008400000000000001,0.07908958758275988,0.0023091545573197337,time_exit,False,False,False
376,PF_XBTUSD,-1,0.0002,2026-05-11T03:11:00+00:00,2026-05-11T04:11:00+00:00,2026-05-11T04:11:00+00:00,80974.0,80933.0,80646.0,80687.0,16.186600000000002,0.4715064401978323,34.32954169874861,34.36255886974814,1.6186600000000002,1.6186600000000002,0.04715064401978323,10.0,stop_risk,81185.0,81185.0,0.075016,0.008582385424687155,0.0492,0.016162000000000003,-2.0829000457492256e-05,0.0,0.0164,0.0330171709995425,0.0009617713888894139,time_exit,False,False,False
377,PF_XBTUSD,1,0.0003,2026-05-11T05:31:00+00:00,2026-05-11T05:39:00+00:00,2026-05-11T05:40:00+00:00,80935.0,80976.0,80847.0,80806.0,24.292799999999996,0.7069555003770897,34.36255886974814,34.28727994418491,2.42928,2.42928,0.07069555003770897,9.999999999999998,stop_risk,80847.0,80847.0,0.0752673,0.008590639717437036,-0.051,0.0242673,-1.16255632275e-05,1.2917292475e-06,0.024599999999999997,-0.07527892556322749,-0.002190725255606648,stop_intrabar,False,False,False
378,PF_ETHUSD,1,0.008,2026-05-11T09:16:00+00:00,2026-05-11T10:16:00+00:00,2026-05-11T10:16:00+00:00,2336.0,2337.4,2337.2,2335.8,18.6992,0.5453684290629,34.28727994418491,34.255515870159954,1.8699200000000002,1.8699200000000002,0.05453684290629,10.0,stop_risk,2331.5,2331.5,0.07707000000000146,0.008571819986046229,-0.012799999999999272,0.018692800000000002,-0.0002712740250535102,0.0,0.022399999999997817,-0.03176407402505278,-0.000926409854522156,time_exit,False,False,False
379,PF_ETHUSD,-1,0.006,2026-05-11T13:36:00+00:00,2026-05-11T13:42:00+00:00,2026-05-11T13:43:00+00:00,2319.7,2318.2,2325.9,2327.3,13.909199999999998,0.4060426371250865,34.255515870159954,34.186991994389636,1.39092,1.39092,0.04060426371250865,10.0,stop_risk,2325.9,2325.9,0.06913680000000165,0.008563878967539988,-0.05460000000000218,0.013936500000000001,1.2624229687791046e-05,2.1040382812985075e-06,0.017400000000000547,-0.0685238757703144,-0.0020003749477906906,stop_intrabar,False,False,False
380,PF_XBTUSD,-1,0.0001,2026-05-11T14:36:00+00:00,2026-05-11T14:39:00+00:00,2026-05-11T14:40:00+00:00,80647.0,80606.0,80872.0,80913.0,8.0606,0.23577973754821163,34.186991994389636,34.148217340382224,0.8060600000000001,0.8060600000000001,0.023577973754821166,10.0,stop_risk,80872.0,80872.0,0.038775950000000003,0.00854674799859741,-0.0307,0.008075950000000002,1.2959925852790072e-06,4.3199752842633575e-07,0.0082,-0.03877465400741473,-0.001134193204648656,stop_intrabar,False,False,False
381,PF_XBTUSD,1,0.0002,2026-05-11T16:16:00+00:00,2026-05-11T16:43:00+00:00,2026-05-11T16:44:00+00:00,81724.0,81766.0,81533.0,81491.0,16.3532,0.4788888344300598,34.148217340382224,34.07685778815153,1.63532,1.63532,0.047888883443005986,10.0,stop_risk,81533.0,81533.0,0.0713257,0.008537054335095556,-0.055,0.016325700000000002,-3.385223069848665e-05,1.2090082392316666e-06,0.016800000000000002,-0.0713595522306985,-0.002089700657559999,stop_intrabar,False,False,False
382,PF_XBTUSD,-1,0.0002,2026-05-11T21:16:00+00:00,2026-05-11T21:55:00+00:00,2026-05-11T21:56:00+00:00,81712.0,81670.0,81849.0,81891.0,16.334,0.4793282321258889,34.07685778815153,34.01628622966989,1.6334,1.6334,0.04793282321258888,10.0,stop_risk,81849.0,81849.0,0.06055610000000001,0.008519214447037881,-0.0442,0.0163561,-1.5458481743409202e-05,3.8646204358522987e-07,0.016800000000000002,-0.060571558481743414,-0.0017774983497100502,stop_intrabar,False,False,False
383,PF_XBTUSD,-1,0.0002,2026-05-12T01:11:00+00:00,2026-05-12T02:11:00+00:00,2026-05-12T02:11:00+00:00,81390.0,81348.0,81296.0,81338.0,16.2696,0.47828854361559414,34.01628622966989,34.00200190175663,1.6269600000000002,1.6269600000000002,0.04782885436155942,10.0,stop_risk,81557.0,81557.0,0.0664947,0.008504071557417473,0.002,0.0162686,-1.5727913310877048e-05,0.0,0.016800000000000002,-0.01428432791331088,-0.00041992614410833946,time_exit,False,False,False
384,PF_XBTUSD,-1,0.0003,2026-05-12T06:41:00+00:00,2026-05-12T07:41:00+00:00,2026-05-12T07:41:00+00:00,81129.0,81087.0,80960.0,81001.0,24.326099999999997,0.7154314051945057,34.00200190175663,34.003593604099365,2.43261,2.43261,0.07154314051945057,9.999999999999998,stop_risk,81200.0,81200.0,0.07084934999999999,0.008500500475439158,0.025799999999999997,0.024313199999999997,0.00010490234257263555,0.0,0.0249,0.0015917023425726356,4.6812018515015853e-05,time_exit,False,False,False
385,PF_ETHUSD,-1,0.005,2026-05-12T08:11:00+00:00,2026-05-12T09:11:00+00:00,2026-05-12T09:11:00+00:00,2288.6,2287.3,2285.7,2287.0,11.4365,0.3363320986938643,34.003593604099365,33.993818731464806,1.14365,1.14365,0.03363320986938643,10.0,stop_risk,2297.0,2297.0,0.06696424999999956,0.008500898401024842,0.0015000000000009095,0.011435750000000001,0.00016087736527023702,0.0,0.012999999999999545,-0.009774872634728855,-0.0002874658704764201,time_exit,False,False,False
386,PF_XBTUSD,1,0.0003,2026-05-12T12:21:00+00:00,2026-05-12T12:30:00+00:00,2026-05-12T12:31:00+00:00,80793.0,80834.0,80707.0,80666.0,24.2502,0.7133708687324947,33.993818731464806,33.91918235299985,2.42502,2.42502,0.07133708687324947,10.0,stop_risk,80707.0,80707.0,0.074625,0.008498454682866202,-0.05039999999999999,0.024224999999999997,-1.137846496112365e-05,1.137846496112365e-06,0.024599999999999997,-0.07463637846496111,-0.002195586764010052,stop_intrabar,False,False,False
387,PF_XBTUSD,-1,0.0002,2026-05-12T16:56:00+00:00,2026-05-12T17:12:00+00:00,2026-05-12T17:13:00+00:00,79958.0,79916.0,80144.0,80185.0,15.9832,0.4712141888817208,33.91918235299985,33.84935633467303,1.5983200000000002,1.5983200000000002,0.04712141888817208,9.999999999999998,stop_risk,80144.0,80144.0,0.0702103,0.008479795588249963,-0.0538,0.0160101,-1.5918326810153476e-05,9.353736270208593e-07,0.0166,-0.06982601832681015,-0.0020585996914702946,stop_intrabar,False,False,False
388,PF_ETHUSD,1,0.007,2026-05-12T17:26:00+00:00,2026-05-12T18:26:00+00:00,2026-05-12T18:26:00+00:00,2274.0,2275.4,2276.4,2275.1,15.927800000000001,0.4705495679894102,33.84935633467303,33.83120806672878,1.5927800000000003,1.5927800000000003,0.047054956798941026,9.999999999999998,stop_risk,2268.3,2268.3,0.07539805000000001,0.008462339083668257,-0.002100000000001273,0.015926750000000003,-0.00012151794437031881,0.0,0.018900000000001912,-0.018148267944371594,-0.0005361480958437521,time_exit,False,False,False
389,PF_ETHUSD,1,0.008,2026-05-12T18:46:00+00:00,2026-05-12T19:46:00+00:00,2026-05-12T19:46:00+00:00,2281.0,2282.4,2283.2,2281.9,18.2592,0.539714690766747,33.83120806672878,33.80883074816782,1.82592,1.82592,0.0539714690766747,10.0,stop_risk,2277.4,2277.4,0.06943360000000072,0.008457802016682196,-0.004,0.0182572,-0.0001201185610292737,0.0,0.021599999999998544,-0.022377318561029275,-0.0006614401270239059,time_exit,False,False,False
390,PF_XBTUSD,-1,0.0003,2026-05-12T21:41:00+00:00,2026-05-12T22:00:00+00:00,2026-05-12T22:01:00+00:00,80563.0,80522.0,80642.0,80683.0,24.156599999999997,0.714505632564921,33.80883074816782,33.73630137149443,2.41566,2.41566,0.0714505632564921,10.0,stop_risk,80642.0,80642.0,0.07248075,0.008452207687041956,-0.048299999999999996,0.024180749999999997,-4.862667334463332e-05,3.4455062861003016e-07,0.024599999999999997,-0.07252937667334464,-0.002145279060775421,stop_intrabar,False,False,False
391,PF_ETHUSD,-1,0.008,2026-05-12T23:46:00+00:00,2026-05-13T00:18:00+00:00,2026-05-13T00:19:00+00:00,2276.6,2275.3,2281.1,2282.5,18.2024,0.5395493655205537,33.73630137149443,33.66055360120538,1.82024,1.82024,0.05395493655205536,10.0,stop_risk,2281.1,2281.1,0.07503079999999927,0.008434075342873607,-0.05759999999999855,0.018231200000000003,8.342971102810058e-05,2.647546356261145e-06,0.021599999999998544,-0.07574777028897044,-0.0022452897089950026,stop_intrabar,False,False,False
392,PF_XBTUSD,1,0.0003,2026-05-13T01:16:00+00:00,2026-05-13T02:16:00+00:00,2026-05-13T02:16:00+00:00,80874.0,80915.0,81071.0,81029.0,24.274499999999996,0.7211556971876639,33.66055360120538,33.67056166730791,2.42745,2.42745,0.0721155697187664,9.999999999999998,stop_risk,80785.0,80785.0,0.07554884999999999,0.008415138400301345,0.034199999999999994,0.024291599999999997,9.966610244052121e-05,0.0,0.0249,0.010008066102440517,0.0002973232770028515,time_exit,False,False,False
393,PF_ETHUSD,1,0.01,2026-05-13T03:51:00+00:00,2026-05-13T04:11:00+00:00,2026-05-13T04:12:00+00:00,2302.3,2303.7,2300.0,2298.6,23.037,0.6841881708901679,33.67056166730791,33.596472043112946,2.3037,2.3037,0.0684188170890168,10.0,stop_risk,2300.0,2300.0,0.07401149999999909,0.008417640416826978,-0.050999999999999095,0.023011499999999997,-7.812419499620884e-05,3.7922176263890592e-06,0.027999999999997274,-0.0740896241949953,-0.0022004273325482385,stop_intrabar,False,False,False
394,PF_XBTUSD,-1,0.0003,2026-05-13T05:41:00+00:00,2026-05-13T06:19:00+00:00,2026-05-13T06:20:00+00:00,81054.0,81012.0,81123.0,81165.0,24.3036,0.7233973843685791,33.596472043112946,33.52626916418547,2.4303600000000003,2.4303600000000003,0.07233973843685793,9.999999999999998,stop_risk,81123.0,81123.0,0.07022655,0.008399118010778236,-0.045899999999999996,0.024326550000000002,2.3671072469380334e-05,7.190853814879449e-07,0.025199999999999997,-0.07020287892753062,-0.0020895908010055996,stop_intrabar,False,False,False
395,PF_ETHUSD,1,0.006,2026-05-13T09:11:00+00:00,2026-05-13T10:10:00+00:00,2026-05-13T10:11:00+00:00,2321.5,2322.9,2315.3,2313.9,13.9374,0.41571580576847084,33.52626916418547,33.458198594286515,1.3937400000000002,1.3937400000000002,0.04157158057684709,9.999999999999998,stop_risk,2315.3,2315.3,0.06791040000000001,0.008381567291046369,-0.054,0.0139104,-0.0001601698987966841,3.072701510800026e-06,0.016800000000001092,-0.06807056989879667,-0.0020303651911114896,stop_intrabar,False,False,False
396,PF_XBTUSD,-1,0.0002,2026-05-13T10:36:00+00:00,2026-05-13T11:36:00+00:00,2026-05-13T11:36:00+00:00,80913.0,80872.0,80642.0,80683.0,16.174400000000002,0.4834211248528491,33.458198594286515,33.47990690872437,1.6174400000000002,1.6174400000000002,0.04834211248528491,10.0,stop_risk,81029.0,81029.0,0.055994300000000004,0.00836454964857163,0.0378,0.016155500000000003,6.381443781345287e-05,0.0,0.0164,0.02170831443781345,0.0006488189845797756,time_exit,False,False,False
397,PF_XBTUSD,-1,0.0002,2026-05-13T12:01:00+00:00,2026-05-13T13:01:00+00:00,2026-05-13T13:01:00+00:00,80484.0,80443.0,80229.0,80270.0,16.0886,0.48054494428141764,33.47990690872437,33.49850974120171,1.60886,1.60886,0.04805449442814176,10.0,stop_risk,80606.0,80606.0,0.05690900000000001,0.008369976727181093,0.0346,0.016071300000000004,7.413247723219815e-05,0.0,0.0164,0.018602832477232194,0.0005556417025874279,time_exit,False,False,False
398,PF_XBTUSD,-1,0.0002,2026-05-13T15:21:00+00:00,2026-05-13T16:21:00+00:00,2026-05-13T16:21:00+00:00,79354.0,79313.0,78889.0,78930.0,15.8626,0.4735315129702529,33.49850974120171,33.55935258816332,1.5862600000000002,1.5862600000000002,0.047353151297025296,9.999999999999998,stop_risk,79504.0,79504.0,0.062285799999999995,0.008374627435300428,0.0766,0.0158243,6.714696172608891e-05,0.0,0.0164,0.060842846961726094,0.0018162851849762153,time_exit,False,False,False
399,PF_XBTUSD,1,0.0002,2026-05-13T17:51:00+00:00,2026-05-13T18:51:00+00:00,2026-05-13T18:51:00+00:00,79472.0,79513.0,79591.0,79550.0,15.902600000000001,0.4738649221024898,33.55935258816332,33.55070150704232,1.5902600000000002,1.5902600000000002,0.04738649221024898,10.0,stop_risk,79312.0,79312.0,0.0642784,0.008389838147040831,0.0074,0.0159063,-0.00014478112108359543,0.0,0.0164,-0.008651081121083596,-0.0002577845057754454,time_exit,False,False,False
400,PF_ETHUSD,1,0.009,2026-05-14T00:11:00+00:00,2026-05-14T01:11:00+00:00,2026-05-14T01:11:00+00:00,2264.2,2265.5,2266.6,2265.3,20.389499999999998,0.6077220172496312,33.55070150704232,33.528298101100354,2.03895,2.03895,0.060772201724963115,10.0,stop_risk,2260.7,2260.7,0.07526204999999916,0.00838767537676058,-0.0017999999999983628,0.0203886,-0.0002148059421099376,0.0,0.02339999999999918,-0.022403405942108295,-0.0006677477648986208,time_exit,False,False,False
401,PF_ETHUSD,-1,0.009,2026-05-14T02:56:00+00:00,2026-05-14T03:03:00+00:00,2026-05-14T03:04:00+00:00,2251.1,2249.8,2254.2,2255.5,20.2482,0.603913742920804,33.528298101100354,33.456750047560035,2.02482,2.02482,0.0603913742920804,10.0,stop_risk,2254.2,2254.2,0.07157384999999836,0.008382074525275089,-0.05129999999999836,0.02027385,2.579645967415871e-05,3.836914830008258e-06,0.02339999999999918,-0.0715480535403242,-0.002133960194596817,stop_intrabar,False,False,False
402,PF_XBTUSD,1,0.0002,2026-05-14T05:31:00+00:00,2026-05-14T06:31:00+00:00,2026-05-14T06:31:00+00:00,79590.0,79631.0,79798.0,79757.0,15.926200000000001,0.4760235222297535,33.456750047560035,33.46591719590595,1.5926200000000001,1.5926200000000001,0.047602352222975354,10.0,stop_risk,79459.0,79459.0,0.0585049,0.00836418751189001,0.0252,0.015938800000000003,-9.405165413954567e-05,0.0,0.0164,0.009167148345860453,0.00027399996511403543,time_exit,False,False,False
403,PF_ETHUSD,-1,0.007,2026-05-14T09:36:00+00:00,2026-05-14T10:12:00+00:00,2026-05-14T10:13:00+00:00,2257.9,2256.6,2262.8,2264.2,15.796199999999999,0.4720085783853079,33.46591719590595,33.39698820175233,1.57962,1.57962,0.0472008578385308,10.0,stop_risk,2262.8,2262.8,0.06832244999999999,0.008366479298976489,-0.053199999999999366,0.015822799999999998,9.38058463181781e-05,2.572377657973119e-06,0.018899999999998727,-0.06892899415368117,-0.002059677424950827,stop_intrabar,False,False,False
404,PF_XBTUSD,-1,0.0002,2026-05-14T11:36:00+00:00,2026-05-14T12:25:00+00:00,2026-05-14T12:26:00+00:00,79261.0,79220.0,79427.0,79468.0,15.844000000000001,0.4744140371067554,33.39698820175233,33.33157997980018,1.5844000000000003,1.5844000000000003,0.04744140371067554,10.0,stop_risk,79427.0,79427.0,0.06546880000000001,0.008349247050438083,-0.049600000000000005,0.015868800000000002,6.0578047904573315e-05,1.204348506516877e-06,0.0164,-0.06540822195209543,-0.001958506604157302,stop_intrabar,False,False,False
405,PF_XBTUSD,1,0.0002,2026-05-14T12:51:00+00:00,2026-05-14T13:51:00+00:00,2026-05-14T13:51:00+00:00,79714.0,79755.0,79930.0,79889.0,15.951,0.4785551722920644,33.33157997980018,33.34232240310449,1.5951000000000002,1.5951000000000002,0.047855517229206446,10.0,stop_risk,79574.0,79574.0,0.0603288,0.008332894994950045,0.0268,0.0159644,-9.31766957704049e-05,0.0,0.0164,0.010742423304229596,0.0003222896517578761,time_exit,False,False,False
406,PF_XBTUSD,1,0.0001,2026-05-14T14:46:00+00:00,2026-05-14T15:46:00+00:00,2026-05-14T15:46:00+00:00,80399.0,80440.0,81010.0,80968.0,8.044,0.24125494027527689,33.34232240310449,33.38701602485343,0.8044000000000001,0.8044000000000001,0.024125494027527693,10.0,stop_risk,80034.0,80034.0,0.05272165,0.008335580600776124,0.0528,0.0080704,-3.5978251136992475e-05,0.0,0.0083,0.04469362174886301,0.001340447171271477,time_exit,False,False,False
407,PF_ETHUSD,1,0.006,2026-05-14T15:56:00+00:00,2026-05-14T16:56:00+00:00,2026-05-14T16:56:00+00:00,2296.2,2297.7,2300.1,2298.6,13.7862,0.4129209986821672,33.38701602485343,33.37855259103028,1.37862,1.37862,0.041292099868216726,10.0,stop_risk,2289.0,2289.0,0.07435589999999946,0.00834675400621336,0.005400000000000546,0.0137889,-7.453382331409316e-05,0.0,0.018000000000000002,-0.008463433823313547,-0.0002534947662592348,time_exit,False,False,False
408,PF_XBTUSD,1,0.0001,2026-05-14T17:06:00+00:00,2026-05-14T17:15:00+00:00,2026-05-14T17:16:00+00:00,82020.0,82062.0,81665.0,81620.0,8.2062,0.24585248199783322,33.37855259103028,33.326173658425425,0.8206200000000001,0.8206200000000001,0.024585248199783322,10.0,stop_risk,81665.0,81665.0,0.05208425,0.00834463814775757,-0.0442,0.0081841,5.16739513735806e-06,5.741550152620067e-07,0.008700000000000001,-0.05237893260486264,-0.0015692391832154604,stop_intrabar,False,False,False
409,PF_ETHUSD,-1,0.008,2026-05-14T19:31:00+00:00,2026-05-14T20:31:00+00:00,2026-05-14T20:31:00+00:00,2299.2,2297.8,2290.5,2291.8,18.3824,0.5515904762547685,33.326173658425425,33.35594305540972,1.83824,1.83824,0.05515904762547685,10.0,stop_risk,2303.2,2303.2,0.07280959999999781,0.008331543414606356,0.048,0.018358400000000004,0.00012779698430952476,0.0,0.021599999999998544,0.02976939698430953,0.0008932737760244888,time_exit,False,False,False
410,PF_XBTUSD,-1,0.0002,2026-05-14T23:56:00+00:00,2026-05-15T00:06:00+00:00,2026-05-15T00:07:00+00:00,81063.0,81021.0,81173.0,81215.0,16.2042,0.4857964882924207,33.35594305540972,33.300913042313226,1.6204200000000002,1.6204200000000002,0.04857964882924208,9.999999999999998,stop_risk,81173.0,81173.0,0.0550236,0.008338985763852431,-0.0388,0.016223600000000005,-6.413096472661343e-06,8.458981391648124e-07,0.016800000000000002,-0.055030013096472666,-0.0016497813599531197,stop_intrabar,False,False,False
411,PF_ETHUSD,-1,0.007,2026-05-15T02:01:00+00:00,2026-05-15T03:01:00+00:00,2026-05-15T03:01:00+00:00,2276.6,2275.2,2277.4,2278.8,15.9264,0.4782571570864557,33.300913042313226,33.25986989187912,1.59264,1.59264,0.04782571570864558,10.0,stop_risk,2282.1,2282.1,0.07405545000000129,0.008325228260578308,-0.025200000000002547,0.015939000000000002,9.58495657281989e-05,0.0,0.019600000000001273,-0.041043150434274346,-0.0012324932467204,time_exit,False,False,False
412,PF_ETHUSD,-1,0.007,2026-05-15T04:56:00+00:00,2026-05-15T05:56:00+00:00,2026-05-15T05:56:00+00:00,2264.2,2262.9,2248.0,2249.4,15.840300000000001,0.47625862793491086,33.25986989187912,33.33871170582531,1.5840300000000003,1.5840300000000003,0.04762586279349109,9.999999999999998,stop_risk,2269.5,2269.5,0.07116795000000063,0.00831496747296978,0.0945,0.015793050000000003,0.00013486394625452153,0.0,0.018899999999998727,0.07884181394625452,0.0023704787241367077,time_exit,False,False,False
413,PF_XBTUSD,1,0.0002,2026-05-15T07:31:00+00:00,2026-05-15T07:37:00+00:00,2026-05-15T07:38:00+00:00,80860.0,80901.0,80751.0,80709.0,16.1802,0.4853276918067837,33.33871170582531,33.284155827542634,1.61802,1.61802,0.04853276918067837,10.0,stop_risk,80751.0,80751.0,0.0543611,0.008334677926456329,-0.038400000000000004,0.016161000000000002,5.1217173245244635e-06,8.536195540874106e-07,0.0166,-0.05455587828267548,-0.0016364123114314243,stop_intrabar,False,False,False
414,PF_XBTUSD,-1,0.0002,2026-05-15T13:11:00+00:00,2026-05-15T13:38:00+00:00,2026-05-15T13:39:00+00:00,80097.0,80056.0,79103.0,79144.0,16.011200000000002,0.48104569882919296,33.284155827542634,33.450609644772946,1.6011200000000003,1.6011200000000003,0.0481045698829193,10.0,stop_risk,80270.0,80270.0,0.0670367,0.008321038956885659,0.1824,0.015920000000000004,-2.6182769644479185e-05,9.350989158742561e-07,0.0164,0.16645381723035554,0.005000992607197658,target_intrabar,False,False,True
415,PF_XBTUSD,-1,0.0001,2026-05-15T13:41:00+00:00,2026-05-15T14:41:00+00:00,2026-05-15T14:41:00+00:00,79323.0,79282.0,79195.0,79236.0,7.9282,0.23701212277423694,33.450609644772946,33.4472624015445,0.7928200000000001,0.7928200000000001,0.023701212277423698,10.0,stop_risk,79583.0,79583.0,0.0421453,0.008362652411193237,0.0046,0.0079259,-2.1343228503420252e-05,0.0,0.0082,-0.003347243228503421,-0.00010006523839324008,time_exit,False,False,False
416,PF_XBTUSD,1,0.0003,2026-05-16T00:16:00+00:00,2026-05-16T00:51:00+00:00,2026-05-16T00:52:00+00:00,79127.0,79168.0,79075.0,79034.0,23.7504,0.7100850202587364,33.4472624015445,33.38328342079918,2.37504,2.37504,0.07100850202587364,10.0,stop_risk,79075.0,79075.0,0.0639303,0.008361815600386124,-0.0402,0.023730299999999996,-4.868074533542342e-05,1.3522429259839837e-06,0.024599999999999997,-0.06397898074533542,-0.001912831608675425,stop_intrabar,False,False,False
417,PF_XBTUSD,-1,0.0003,2026-05-16T01:36:00+00:00,2026-05-16T01:52:00+00:00,2026-05-16T01:53:00+00:00,79003.0,78962.0,79075.0,79116.0,23.688599999999997,0.7095946705242604,33.38328342079918,33.313380372301594,2.3688599999999997,2.3688599999999997,0.07095946705242603,10.0,stop_risk,79075.0,79075.0,0.0699117,0.008345820855199795,-0.0462,0.023711699999999995,8.651502386399999e-06,5.407188991499999e-07,0.024599999999999997,-0.0699030484976136,-0.002093953659874603,stop_intrabar,False,False,False
418,PF_ETHUSD,-1,0.011,2026-05-16T04:31:00+00:00,2026-05-16T05:31:00+00:00,2026-05-16T05:31:00+00:00,2224.8,2223.4,2226.1,2227.4,24.4574,0.7341614608505806,33.313380372301594,33.245026195128446,2.4457400000000002,2.4457400000000002,0.07341614608505807,9.999999999999998,stop_risk,2226.4,2226.4,0.07288160000000099,0.008328345093075399,-0.044,0.0244794,0.00012522282700843689,0.0,0.029700000000003,-0.06835417717299155,-0.00205185353179663,time_exit,False,False,False
419,PF_XBTUSD,-1,0.0003,2026-05-16T06:26:00+00:00,2026-05-16T06:33:00+00:00,2026-05-16T06:34:00+00:00,78787.0,78747.0,78841.0,78881.0,23.6241,0.7106055462654968,33.245026195128446,33.181167340458614,2.36241,2.36241,0.07106055462654969,9.999999999999998,stop_risk,78841.0,78841.0,0.0638442,0.008311256548782111,-0.0402,0.023644199999999997,-1.465466983262757e-05,1.8318337290784465e-06,0.023999999999999997,-0.06385885466983261,-0.0019208543947301854,stop_intrabar,False,False,False
420,PF_XBTUSD,-1,0.0002,2026-05-16T06:51:00+00:00,2026-05-16T07:13:00+00:00,2026-05-16T07:14:00+00:00,78541.0,78501.0,77553.0,77593.0,15.7002,0.47316599319446967,33.181167340458614,33.347123589701674,1.5700200000000002,1.5700200000000002,0.04731659931944697,10.0,stop_risk,78646.0,78646.0,0.0527187,0.008295291835114654,0.1816,0.015609400000000002,-3.43507569432343e-05,1.668553897768831e-06,0.016,0.16595624924305677,0.005001519311850799,target_intrabar,False,False,True
421,PF_ETHUSD,-1,0.003,2026-05-16T07:21:00+00:00,2026-05-16T08:21:00+00:00,2026-05-16T08:21:00+00:00,2189.1,2187.7,2191.4,2192.7,6.5630999999999995,0.19681157753668532,33.347123589701674,33.32556625364665,0.65631,0.65631,0.01968115775366853,10.0,stop_risk,2203.3,2203.3,0.05788875000000109,0.008336780897425419,-0.015,0.006570599999999999,1.3263944813984263e-05,0.0,0.008099999999999455,-0.021557336055186015,-0.0006464526392268326,time_exit,False,False,False
422,PF_XBTUSD,-1,0.0002,2026-05-16T09:21:00+00:00,2026-05-16T09:35:00+00:00,2026-05-16T09:36:00+00:00,77973.0,77930.0,78114.0,78154.0,15.586,0.4676889773266644,33.32556625364665,33.26513466064894,1.5586000000000002,1.5586000000000002,0.046768897732666445,9.999999999999998,stop_risk,78114.0,78114.0,0.0610087,0.008331391563411663,-0.0448,0.015608400000000001,-2.319299769970746e-05,1.5461998466471643e-06,0.0166,-0.06043159299769971,-0.0018133703276860893,stop_intrabar,False,False,False
423,PF_XBTUSD,1,0.0002,2026-05-16T14:41:00+00:00,2026-05-16T15:41:00+00:00,2026-05-16T15:41:00+00:00,78094.0,78134.0,78176.0,78136.0,15.626800000000001,0.46976512073121884,33.26513466064894,33.249965622951905,1.5626800000000003,1.5626800000000003,0.04697651207312189,9.999999999999998,stop_risk,77967.0,77967.0,0.057006100000000004,0.008316283665162237,0.0004,0.015627000000000002,5.7962303049912135e-05,0.0,0.016,-0.01516903769695009,-0.00045600409713339695,time_exit,False,False,False
424,PF_XBTUSD,-1,0.0004,2026-05-17T00:01:00+00:00,2026-05-17T00:01:00+00:00,2026-05-17T00:02:00+00:00,78147.0,78107.0,78164.0,78204.0,31.242800000000003,0.9396340541908293,33.249965622951905,33.1799034229519,3.1242800000000006,3.1242800000000006,0.09396340541908295,9.999999999999998,stop_risk,78164.0,78164.0,0.0700622,0.008312491405737976,-0.0388,0.031262200000000004,0.0,1.7829331094774305e-07,0.032,-0.0700622,-0.002107136013146348,stop_intrabar,False,False,False
425,PF_ETHUSD,1,0.009,2026-05-17T00:11:00+00:00,2026-05-17T00:21:00+00:00,2026-05-17T00:22:00+00:00,2185.0,2186.3,2181.8,2180.5,19.6767,0.593030659226959,33.1799034229519,33.10804242225456,1.96767,1.96767,0.0593030659226959,10.0,stop_risk,2181.8,2181.8,0.07185060000000164,0.008294975855737975,-0.052200000000001634,0.0196506,-1.0400697318001199e-05,9.455179380001089e-07,0.023400000000003272,-0.07186100069731964,-0.002165798971181165,stop_intrabar,False,False,False
426,PF_XBTUSD,-1,0.0002,2026-05-17T00:56:00+00:00,2026-05-17T01:56:00+00:00,2026-05-17T01:56:00+00:00,78043.0,78003.0,77793.0,77833.0,15.6006,0.471202730775577,33.10804242225456,33.12644927855604,1.56006,1.56006,0.0471202730775577,10.0,stop_risk,78134.0,78134.0,0.049817700000000006,0.00827701060556364,0.034,0.015583600000000001,-9.543698671811581e-06,0.0,0.016,0.01840685630132819,0.0005559632933463765,time_exit,False,False,False
427,PF_ETHUSD,1,0.008,2026-05-17T03:41:00+00:00,2026-05-17T04:41:00+00:00,2026-05-17T04:41:00+00:00,2180.6,2181.9,2186.2,2184.9,17.4552,0.5269263799817927,33.12644927855604,33.13294841531016,1.7455200000000002,1.7455200000000002,0.05269263799817927,10.0,stop_risk,2176.7,2176.7,0.06942920000000001,0.008281612319639009,0.024,0.017467200000000002,-3.3663245744797164e-05,0.0,0.020799999999999274,0.006499136754255201,0.00019619177110123692,time_exit,False,False,False
428,PF_XBTUSD,1,0.0003,2026-05-17T04:46:00+00:00,2026-05-17T05:46:00+00:00,2026-05-17T05:46:00+00:00,78150.0,78190.0,78126.0,78086.0,23.456999999999997,0.7079659710924164,33.13294841531016,33.07837893409938,2.3457,2.3457,0.07079659710924165,10.0,stop_risk,78071.0,78071.0,0.07113314999999999,0.008283237103827541,-0.0312,0.0234414,7.19187891120017e-05,0.0,0.023999999999999997,-0.05456948121088799,-0.0016469853671601522,time_exit,False,False,False
429,PF_ETHUSD,1,0.01,2026-05-17T09:21:00+00:00,2026-05-17T10:21:00+00:00,2026-05-17T10:21:00+00:00,2188.3,2189.6,2193.2,2191.8,21.896,0.6619429580761031,33.07837893409938,33.0784658594361,2.1896,2.1896,0.06619429580761031,10.0,stop_risk,2185.9,2185.9,0.071871,0.008269594733524847,0.02200000000000273,0.021907000000000003,-6.074663396603187e-06,0.0,0.026999999999993633,8.692533660612313e-05,2.6278596293760554e-06,time_exit,False,False,False
430,PF_ETHUSD,1,0.008,2026-05-17T12:41:00+00:00,2026-05-17T13:01:00+00:00,2026-05-17T13:02:00+00:00,2195.5,2196.9,2192.0,2190.7,17.575200000000002,0.5313184739184761,33.0784658594361,33.011288912623186,1.7575200000000004,1.7575200000000004,0.05313184739184762,9.999999999999998,stop_risk,2192.0,2192.0,0.06795000000000145,0.008269616464859025,-0.049600000000002184,0.0175504,-2.654681295610582e-05,1.4836257905260558e-06,0.021600000000002183,-0.06717694681295829,-0.0020308362273637644,stop_intrabar,False,False,False
431,PF_XBTUSD,-1,0.0002,2026-05-17T13:16:00+00:00,2026-05-17T14:16:00+00:00,2026-05-17T14:16:00+00:00,78206.0,78166.0,77916.0,77956.0,15.6332,0.4735713301404,33.011288912623186,33.0376590174025,1.56332,1.56332,0.04735713301404,10.0,stop_risk,78317.0,78317.0,0.053852300000000006,0.008252822228155798,0.042,0.0156122,-1.769522057863672e-05,0.0,0.016,0.026370104779421366,0.000798820817000505,time_exit,False,False,False
432,PF_ETHUSD,1,0.008,2026-05-17T19:06:00+00:00,2026-05-17T20:06:00+00:00,2026-05-17T20:06:00+00:00,2187.9,2189.2,2190.1,2188.8,17.5136,0.5301101991147363,33.0376590174025,33.01682743077714,1.75136,1.75136,0.053011019911473625,10.0,stop_risk,2184.3,2184.3,0.06708879999999855,0.008259414754350625,-0.0031999999999970897,0.017512,-0.0001195866253632288,0.0,0.020799999999995634,-0.020831586625360318,-0.000630540638923216,time_exit,False,False,False
433,PF_ETHUSD,1,0.005,2026-05-18T02:16:00+00:00,2026-05-18T02:36:00+00:00,2026-05-18T02:37:00+00:00,2122.6,2123.9,2114.6,2113.3,10.6195,0.3216390194443961,33.01682743077714,32.95324229663429,1.0619500000000002,1.0619500000000002,0.03216390194443962,9.999999999999998,stop_risk,2114.6,2114.6,0.06359299999999955,0.008254206857694285,-0.05299999999999955,0.010593000000000002,7.86585716974459e-06,3.9329285848722933e-07,0.012999999999999545,-0.0635851341428298,-0.0019258402181778964,stop_intrabar,False,False,False
434,PF_ETHUSD,1,0.008,2026-05-18T05:06:00+00:00,2026-05-18T05:16:00+00:00,2026-05-18T05:17:00+00:00,2122.9,2124.2,2119.2,2117.9,16.993599999999997,0.5156882544979695,32.95324229663429,32.88587400875012,1.6993599999999998,1.6993599999999998,0.05156882544979695,10.0,stop_risk,2119.2,2119.2,0.06736839999999782,0.008238310574158574,-0.05039999999999782,0.0169684,1.1211581162931468e-07,1.1211581162931466e-08,0.020799999999995634,-0.06736828788418618,-0.00204435992300117,stop_intrabar,False,False,False
435,PF_XBTUSD,1,0.0002,2026-05-18T07:36:00+00:00,2026-05-18T08:36:00+00:00,2026-05-18T08:36:00+00:00,76974.0,77013.0,76891.0,76852.0,15.402600000000001,0.4683652317071381,32.88587400875012,32.83828411593692,1.5402600000000002,1.5402600000000002,0.04683652317071381,10.0,stop_risk,76859.0,76859.0,0.0539833,0.00822146850218753,-0.0322,0.015386500000000001,-3.392813277476917e-06,0.0,0.015600000000000001,-0.04758989281327748,-0.0014471226399704318,time_exit,False,False,False
436,PF_XBTUSD,-1,0.0002,2026-05-18T10:11:00+00:00,2026-05-18T11:11:00+00:00,2026-05-18T11:11:00+00:00,76787.0,76748.0,76684.0,76723.0,15.3496,0.4674300260576223,32.83828411593692,32.82796368832951,1.53496,1.53496,0.04674300260576223,10.0,stop_risk,76900.0,76900.0,0.053568700000000004,0.00820957102898423,0.005,0.015347100000000002,2.667239273239878e-05,0.0,0.015600000000000001,-0.010320427607267603,-0.0003142803555396167,time_exit,False,False,False
437,PF_ETHUSD,1,0.007,2026-05-18T11:41:00+00:00,2026-05-18T12:41:00+00:00,2026-05-18T12:41:00+00:00,2128.4,2129.7,2149.4,2148.1,14.9079,0.4541219839748947,32.82796368832951,32.941757239509165,1.49079,1.49079,0.04541219839748947,10.0,stop_risk,2123.3,2123.3,0.06878094999999873,0.008206990922082378,0.12880000000000064,0.014972300000000001,-3.414882034524186e-05,0.0,0.018199999999999363,0.1137935511796554,0.0034663603341351787,time_exit,False,False,False
438,PF_XBTUSD,1,0.0001,2026-05-18T12:46:00+00:00,2026-05-18T13:03:00+00:00,2026-05-18T13:04:00+00:00,77715.0,77755.0,77445.0,77405.0,7.7755,0.23603780282474862,32.941757239509165,32.89900065716428,0.7775500000000001,0.7775500000000001,0.023603780282474864,10.0,stop_risk,77445.0,77445.0,0.042758,0.008235439309877293,-0.035,0.007758,1.4176550831767002e-06,3.248209285585967e-08,0.008,-0.042756582344916826,-0.001297944794931465,stop_intrabar,False,False,False
439,PF_XBTUSD,-1,0.0001,2026-05-18T13:41:00+00:00,2026-05-18T14:41:00+00:00,2026-05-18T14:41:00+00:00,76898.0,76856.0,76438.0,76477.0,7.6856,0.23361195922303307,32.89900065716428,32.92923787776214,0.76856,0.76856,0.023361195922303308,10.0,stop_risk,77232.0,77232.0,0.04960655,0.00822475016429107,0.0379,0.0076666500000000005,3.8705977541758194e-06,0.0,0.0081,0.030237220597754178,0.0009190923734386911,time_exit,False,False,False
440,PF_XBTUSD,-1,0.0001,2026-05-18T18:26:00+00:00,2026-05-18T19:01:00+00:00,2026-05-18T19:02:00+00:00,76137.0,76098.0,76425.0,76464.0,7.609800000000001,0.23109553972213462,32.92923787776214,32.88503132449454,0.7609800000000001,0.7609800000000001,0.023109553972213464,10.0,stop_risk,76425.0,76425.0,0.0442281,0.008232309469440535,-0.0366,0.0076281000000000005,2.1546732376339282e-05,6.45130443460935e-07,0.0078000000000000005,-0.04420655326762366,-0.0013424711932819237,stop_intrabar,False,False,False
441,PF_ETHUSD,1,0.004,2026-05-18T19:51:00+00:00,2026-05-18T20:51:00+00:00,2026-05-18T20:51:00+00:00,2120.7,2122.0,2112.9,2111.6,8.488,0.25811135517081535,32.88503132449454,32.83488199092707,0.8488,0.8488,0.02581113551708154,10.0,stop_risk,2108.6,2108.6,0.06685879999999964,0.008221257831123636,-0.041600000000000366,0.008467200000000001,-8.213356740901922e-05,0.0,0.010400000000001455,-0.05014933356740939,-0.0015249896852023207,time_exit,False,False,False
442,PF_ETHUSD,1,0.005,2026-05-18T21:41:00+00:00,2026-05-18T22:41:00+00:00,2026-05-18T22:41:00+00:00,2136.0,2137.3,2135.7,2134.3,10.6865,0.3254618062264665,32.83488199092707,32.809126335727846,1.06865,1.06865,0.03254618062264665,10.0,stop_risk,2126.8,2126.8,0.06965700000000091,0.008208720497731768,-0.015,0.010679000000000001,-7.665519919515485e-05,0.0,0.01349999999999909,-0.025755655199195156,-0.0007843992010177455,time_exit,False,False,False
443,PF_XBTUSD,1,0.0002,2026-05-19T00:26:00+00:00,2026-05-19T00:41:00+00:00,2026-05-19T00:42:00+00:00,77214.0,77254.0,77075.0,77035.0,15.450800000000001,0.47092994314739456,32.809126335727846,32.749900783637315,1.5450800000000002,1.5450800000000002,0.04709299431473946,10.0,stop_risk,77075.0,77075.0,0.0592289,0.008202281583931962,-0.0438,0.0154289,3.3479094602363783e-06,2.2319396401575853e-07,0.016,-0.059225552090539764,-0.0018051548061505517,stop_intrabar,False,False,False
444,PF_XBTUSD,-1,0.0001,2026-05-19T01:31:00+00:00,2026-05-19T01:36:00+00:00,2026-05-19T01:37:00+00:00,76629.0,76590.0,76870.0,76909.0,7.659000000000001,0.23386330391042381,32.749900783637315,32.710326409815885,0.7659000000000001,0.7659000000000001,0.023386330391042383,10.0,stop_risk,76870.0,76870.0,0.039574950000000005,0.008187475195909328,-0.031900000000000005,0.007674950000000001,5.761785610427798e-07,1.1523571220855595e-07,0.0078000000000000005,-0.03957437382143896,-0.0012083814874093092,stop_intrabar,False,False,False
445,PF_XBTUSD,-1,0.0002,2026-05-19T02:06:00+00:00,2026-05-19T02:16:00+00:00,2026-05-19T02:17:00+00:00,76533.0,76494.0,76669.0,76708.0,15.2988,0.46770551318647363,32.710326409815885,32.65221074117251,1.5298800000000001,1.5298800000000001,0.046770551318647366,10.0,stop_risk,76669.0,76669.0,0.058120200000000004,0.008177581602453972,-0.042800000000000005,0.0153202,4.531356620848073e-06,4.5313566208480735e-07,0.015600000000000001,-0.05811566864337916,-0.0017766765123425827,stop_intrabar,False,False,False
446,PF_ETHUSD,1,0.008,2026-05-19T04:16:00+00:00,2026-05-19T04:22:00+00:00,2026-05-19T04:23:00+00:00,2134.1,2135.4,2130.4,2129.1,17.0832,0.5231866269458777,32.65221074117251,32.58473771308204,1.7083200000000003,1.7083200000000003,0.05231866269458777,10.0,stop_risk,2130.4,2130.4,0.06745800000000145,0.008163052685293128,-0.05040000000000146,0.017058,-1.502809046946667e-05,2.146870067066667e-06,0.02080000000000291,-0.06747302809047093,-0.0020664153072303747,stop_intrabar,False,False,False
447,PF_ETHUSD,-1,0.009,2026-05-19T05:26:00+00:00,2026-05-19T05:28:00+00:00,2026-05-19T05:29:00+00:00,2125.4,2124.1,2128.6,2129.9,19.116899999999998,0.5866826416812001,32.58473771308204,32.513401007745365,1.91169,1.91169,0.05866826416812001,10.0,stop_risk,2128.6,2128.6,0.07134300000000164,0.00814618442827051,-0.052200000000001634,0.019143,6.294663323200141e-06,3.1473316616000706e-06,0.023400000000003272,-0.07133670533667842,-0.0021892674406287557,stop_intrabar,False,False,False
448,PF_ETHUSD,1,0.007,2026-05-19T06:46:00+00:00,2026-05-19T07:03:00+00:00,2026-05-19T07:04:00+00:00,2138.5,2139.8,2134.0,2132.6,14.978600000000002,0.4606900396680061,32.513401007745365,32.44800131091622,1.4978600000000002,1.4978600000000002,0.04606900396680061,10.0,stop_risk,2134.0,2134.0,0.06465375000000255,0.008128350251936343,-0.05040000000000191,0.014953400000000002,-4.6296829145531603e-05,2.875191336020398e-06,0.018900000000001912,-0.06539969682914744,-0.002011468957479037,stop_intrabar,False,False,False
449,PF_XBTUSD,1,0.0002,2026-05-19T07:21:00+00:00,2026-05-19T08:09:00+00:00,2026-05-19T08:10:00+00:00,77150.0,77190.0,77034.0,76994.0,15.438,0.4757766079973104,32.44800131091622,32.393331980444316,1.5438,1.5438,0.047577660799731046,10.0,stop_risk,77034.0,77034.0,0.0546184,0.008112000327729055,-0.0392,0.015418400000000002,-5.0930471922990685e-05,8.709715021508688e-07,0.016,-0.054669330471922996,-0.0016848289035765983,stop_intrabar,False,False,False
450,PF_XBTUSD,-1,0.0002,2026-05-19T09:26:00+00:00,2026-05-19T10:26:00+00:00,2026-05-19T10:26:00+00:00,76810.0,76771.0,76754.0,76793.0,15.3542,0.473992610864151,32.393331980444316,32.37363579161783,1.5354200000000002,1.5354200000000002,0.0473992610864151,9.999999999999998,stop_risk,76978.0,76978.0,0.0645788,0.00809833299511108,-0.0044,0.015356400000000001,6.021117354467814e-05,0.0,0.015600000000000001,-0.01969618882645532,-0.0006080321974394548,time_exit,False,False,False
451,PF_XBTUSD,-1,0.0001,2026-05-19T14:26:00+00:00,2026-05-19T15:26:00+00:00,2026-05-19T15:26:00+00:00,76339.0,76300.0,76365.0,76407.0,7.630000000000001,0.2356856069275839,32.37363579161783,32.355356290917456,0.7630000000000001,0.7630000000000001,0.02356856069275839,10.0,stop_risk,76695.0,76695.0,0.051051700000000005,0.008093408947904458,-0.010700000000000001,0.007635350000000001,5.584929979329404e-05,0.0,0.0081,-0.01827950070020671,-0.000564641574949071,time_exit,False,False,False
452,PF_XBTUSD,1,0.0002,2026-05-19T17:01:00+00:00,2026-05-19T18:01:00+00:00,2026-05-19T18:01:00+00:00,76828.0,76867.0,76783.0,76744.0,15.3734,0.4751423492843904,32.355356290917456,32.31528651740021,1.5373400000000002,1.5373400000000002,0.04751423492843904,10.0,stop_risk,76694.0,76694.0,0.0577522,0.008088839072729365,-0.0246,0.0153611,-0.00010867351737048822,0.0,0.015600000000000001,-0.04006977351737049,-0.0012384278249662967,time_exit,False,False,False
453,PF_XBTUSD,-1,0.0003,2026-05-19T22:11:00+00:00,2026-05-19T23:11:00+00:00,2026-05-19T23:11:00+00:00,76748.0,76709.0,76778.0,76817.0,23.0127,0.7121304645592041,32.31528651740021,32.259955924281904,2.30127,2.30127,0.07121304645592043,9.999999999999998,stop_risk,76835.0,76835.0,0.07253744999999999,0.008078821629350053,-0.0324,0.023028899999999998,9.830688152373356e-05,0.0,0.023399999999999997,-0.05533059311847626,-0.0017122111261084882,time_exit,False,False,False
454,PF_XBTUSD,-1,0.0002,2026-05-20T00:21:00+00:00,2026-05-20T00:29:00+00:00,2026-05-20T00:30:00+00:00,76547.0,76507.0,76635.0,76674.0,15.301400000000001,0.47431558914445743,32.259955924281904,32.211255776480236,1.5301400000000003,1.5301400000000003,0.04743155891444575,9.999999999999998,stop_risk,76635.0,76635.0,0.0489182,0.008064988981070475,-0.0334,0.015318100000000001,1.7952198332200005e-05,2.244024791525e-06,0.0158,-0.0487001478016678,-0.001509616067547428,stop_intrabar,False,False,False
455,PF_XBTUSD,1,0.0002,2026-05-20T05:11:00+00:00,2026-05-20T06:11:00+00:00,2026-05-20T06:11:00+00:00,76981.0,77020.0,77138.0,77098.0,15.404,0.4782179281332947,32.211255776480236,32.21132228609305,1.5404,1.5404,0.047821792813329475,10.0,stop_risk,76886.0,76886.0,0.0499867,0.008052813944120059,0.015600000000000001,0.0154118,-0.00012169038709304689,0.0,0.0158,6.650961290695346e-05,2.0647941628999428e-06,time_exit,False,False,False
456,PF_ETHUSD,1,0.01,2026-05-20T06:26:00+00:00,2026-05-20T06:35:00+00:00,2026-05-20T06:36:00+00:00,2127.5,2128.8,2125.6,2124.3,21.288000000000004,0.6608856293114954,32.21132228609305,32.14504749409164,2.1288000000000005,2.1288000000000005,0.06608856293114955,10.0,stop_risk,2125.6,2125.6,0.0662655,0.008052830571523263,-0.045,0.021265500000000003,-9.29200140203743e-06,9.292001402037431e-07,0.02599999999999909,-0.06627479200140204,-0.0020574998881686887,stop_intrabar,False,False,False
457,PF_XBTUSD,-1,0.0003,2026-05-20T11:46:00+00:00,2026-05-20T12:04:00+00:00,2026-05-20T12:05:00+00:00,77323.0,77283.0,77401.0,77441.0,23.1849,0.7212588503489209,32.14504749409164,32.07445496261461,2.31849,2.31849,0.0721258850348921,9.999999999999998,stop_risk,77401.0,77401.0,0.0706086,0.008036261873522911,-0.0474,0.023208599999999996,1.6068522967019475e-05,4.7650097936587627e-07,0.023999999999999997,-0.07059253147703297,-0.002196062441345221,stop_intrabar,False,False,False
458,PF_XBTUSD,1,0.0002,2026-05-20T12:56:00+00:00,2026-05-20T13:07:00+00:00,2026-05-20T13:08:00+00:00,77548.0,77588.0,77446.0,77406.0,15.517600000000002,0.48379933557988836,32.07445496261461,32.0225493130272,1.5517600000000003,1.5517600000000003,0.04837993355798884,10.0,stop_risk,77446.0,77446.0,0.051899400000000005,0.008018613740653654,-0.0364,0.015499400000000002,-6.249587386196359e-06,6.223647634859194e-07,0.016,-0.0519056495873862,-0.001618286254525181,stop_intrabar,False,False,False
459,PF_XBTUSD,-1,0.0001,2026-05-20T13:36:00+00:00,2026-05-20T14:16:00+00:00,2026-05-20T14:17:00+00:00,77031.0,76991.0,77316.0,77356.0,7.6991000000000005,0.2404274539400242,32.0225493130272,31.978339893473404,0.7699100000000001,0.7699100000000001,0.024042745394002422,10.0,stop_risk,77316.0,77316.0,0.04421735,0.0080056373282568,-0.036500000000000005,0.00771735,7.930446211591202e-06,2.887931561001085e-08,0.008,-0.04420941955378841,-0.001380571519201422,stop_intrabar,False,False,False
460,PF_XBTUSD,1,0.0001,2026-05-20T15:26:00+00:00,2026-05-20T16:17:00+00:00,2026-05-20T16:18:00+00:00,77522.0,77562.0,77271.0,77231.0,7.756200000000001,0.24254542374111787,31.978339893473404,31.937476856491507,0.7756200000000001,0.7756200000000001,0.024254542374111787,10.0,stop_risk,77271.0,77271.0,0.040839650000000005,0.007994584973368352,-0.033100000000000004,0.007739650000000001,-2.338698188180226e-05,5.813260286389848e-07,0.008,-0.04086303698188181,-0.0012778348443979646,stop_intrabar,False,False,False
461,PF_XBTUSD,-1,0.0001,2026-05-20T16:31:00+00:00,2026-05-20T16:38:00+00:00,2026-05-20T16:39:00+00:00,76981.0,76939.0,77220.0,77260.0,7.6939,0.24090506693975616,31.937476856491507,31.8976709757737,0.76939,0.76939,0.024090506693975618,10.0,stop_risk,77220.0,77220.0,0.040010050000000005,0.007984369214122877,-0.032100000000000004,0.00770995,4.069282200472894e-06,5.813260286389848e-07,0.0082,-0.03980588071779953,-0.0012463689882786942,stop_intrabar,False,False,False
462,PF_ETHUSD,1,0.006,2026-05-20T17:26:00+00:00,2026-05-20T18:00:00+00:00,2026-05-20T18:01:00+00:00,2142.5,2143.8,2136.0,2134.7,12.862800000000002,0.40325201202837996,31.8976709757737,31.830189861579466,1.2862800000000003,1.2862800000000003,0.040325201202838,9.999999999999998,stop_risk,2136.0,2136.0,0.06743550000000219,0.007974417743943425,-0.05460000000000218,0.012835500000000001,-4.561419423242733e-05,1.4086895744832383e-06,0.015600000000002183,-0.06748111419423461,-0.002115549885930122,stop_intrabar,False,False,False
463,PF_XBTUSD,1,0.0002,2026-05-20T19:56:00+00:00,2026-05-20T20:20:00+00:00,2026-05-20T20:21:00+00:00,77615.0,77655.0,77505.0,77465.0,15.531,0.4879329990659794,31.830189861579466,31.776650712843356,1.5531000000000001,1.5531000000000001,0.04879329990659794,10.0,stop_risk,77505.0,77505.0,0.053512000000000004,0.007957547465394867,-0.038,0.015512000000000001,-2.714873607961987e-05,1.1052743061282186e-06,0.016,-0.05353914873607962,-0.0016820241716718092,stop_intrabar,False,False,False
464,PF_XBTUSD,-1,0.0002,2026-05-20T22:11:00+00:00,2026-05-20T22:30:00+00:00,2026-05-20T22:31:00+00:00,77272.0,77232.0,77387.0,77427.0,15.4464,0.4860927647657007,31.776650712843356,31.722202943195736,1.5446400000000002,1.5446400000000002,0.048609276476570075,9.999999999999998,stop_risk,77387.0,77387.0,0.054465900000000005,0.00794416267821084,-0.039,0.015465900000000001,1.8130352406333164e-05,9.542290740175352e-07,0.016,-0.054447769647593666,-0.0017134521236873838,stop_intrabar,False,False,False
465,PF_XBTUSD,1,0.0002,2026-05-20T23:56:00+00:00,2026-05-21T00:56:00+00:00,2026-05-21T00:56:00+00:00,77486.0,77526.0,77941.0,77901.0,15.5052,0.4887806823430525,31.722202943195736,31.781604268253908,1.5505200000000001,1.5505200000000001,0.04887806823430525,10.0,stop_risk,77398.0,77398.0,0.049088400000000004,0.007930550735798935,0.075,0.015542700000000001,-5.5974941777755705e-05,0.0,0.016,0.059401325058222244,0.001872547286977229,time_exit,False,False,False
466,PF_ETHUSD,-1,0.008,2026-05-21T05:51:00+00:00,2026-05-21T06:51:00+00:00,2026-05-21T06:51:00+00:00,2134.4,2133.1,2126.9,2128.2,17.064799999999998,0.5369395407470268,31.781604268253908,31.803922910270277,1.70648,1.70648,0.05369395407470268,9.999999999999998,stop_risk,2137.9,2137.9,0.06588919999999927,0.007945401067063478,0.03920000000000073,0.017045199999999996,0.0001638420163147644,0.0,0.020799999999999274,0.022318642016315494,0.0007022503278290831,time_exit,False,False,False
467,PF_XBTUSD,1,0.0002,2026-05-21T08:06:00+00:00,2026-05-21T08:37:00+00:00,2026-05-21T08:38:00+00:00,77946.0,77986.0,77849.0,77809.0,15.5972,0.4904174885596669,31.803922910270277,31.75292988576426,1.5597200000000002,1.5597200000000002,0.04904174885596669,10.0,stop_risk,77849.0,77849.0,0.050979500000000004,0.00795098072756757,-0.0354,0.015579500000000001,-1.3524506049978685e-05,4.2264081406183406e-07,0.016,-0.050993024506049985,-0.0016033564365603172,stop_intrabar,False,False,False
468,PF_ETHUSD,-1,0.009,2026-05-21T09:41:00+00:00,2026-05-21T10:26:00+00:00,2026-05-21T10:27:00+00:00,2127.9,2126.5,2105.4,2106.7,19.138499999999997,0.60273178156641,31.75292988576426,31.91215396644082,1.9138499999999998,1.9138499999999998,0.06027317815664101,10.0,stop_risk,2130.4,2130.4,0.06686235000000164,0.007938232471441065,0.17820000000000163,0.019049399999999994,7.348067650688459e-05,1.5452367019375707e-06,0.02429999999999836,0.15922408067650853,0.005014468940325825,target_intrabar,False,False,True
469,PF_XBTUSD,-1,0.0002,2026-05-21T12:31:00+00:00,2026-05-21T12:33:00+00:00,2026-05-21T12:34:00+00:00,77044.0,77004.0,77153.0,77193.0,15.4008,0.48259982752012465,31.91215396644082,31.858937283778054,1.5400800000000001,1.5400800000000001,0.048259982752012466,10.0,stop_risk,77153.0,77153.0,0.0532197,0.007978038491610205,-0.0378,0.015419700000000001,3.0173372347276357e-06,1.5086686173638178e-06,0.016,-0.053216682662765274,-0.0016675992074595947,stop_intrabar,False,False,False
470,PF_XBTUSD,-1,0.0003,2026-05-21T13:46:00+00:00,2026-05-21T13:46:00+00:00,2026-05-21T13:47:00+00:00,76813.0,76774.0,76870.0,76909.0,23.0322,0.7229431350721025,31.858937283778054,31.79538483377805,2.30322,2.30322,0.07229431350721024,10.0,stop_risk,76870.0,76870.0,0.06355245,0.007964734320944513,-0.040499999999999994,0.02305245,0.0,1.8525432106634617e-06,0.023399999999999997,-0.06355245,-0.001994807593044218,stop_intrabar,False,False,False
471,PF_ETHUSD,1,0.005,2026-05-21T15:21:00+00:00,2026-05-21T16:21:00+00:00,2026-05-21T16:21:00+00:00,2131.7,2133.1,2128.5,2127.2,10.6655,0.3354417647642192,31.79538483377805,31.755191294989537,1.06655,1.06655,0.033544176476421925,9.999999999999998,stop_risk,2122.8,2122.8,0.0691362499999991,0.007948846208444512,-0.029500000000000456,0.01065075,-4.278878851633673e-05,0.0,0.013500000000001365,-0.040193538788516794,-0.0012641312252908135,time_exit,False,False,False
472,PF_XBTUSD,1,0.0001,2026-05-21T17:21:00+00:00,2026-05-21T18:21:00+00:00,2026-05-21T18:21:00+00:00,77835.0,77880.0,77724.0,77684.0,7.788,0.2452512386920756,31.755191294989537,31.7278145456844,0.7788,0.7788,0.02452512386920756,10.0,stop_risk,77443.0,77443.0,0.055963900000000004,0.007938797823747385,-0.0196,0.007778200000000001,1.450694939191554e-06,0.0,0.0085,-0.02737674930506081,-0.0008621188595825094,time_exit,False,False,False
473,PF_ETHUSD,-1,0.009,2026-05-21T21:51:00+00:00,2026-05-21T22:51:00+00:00,2026-05-21T22:51:00+00:00,2133.8,2132.4,2129.9,2131.2,19.1916,0.6048825068731509,31.7278145456844,31.719666105050198,1.9191600000000002,1.9191600000000002,0.060488250687315094,10.0,stop_risk,2136.6,2136.6,0.06961679999999917,0.0079319536364211,0.010800000000002455,0.0191862,0.00023775936574919692,0.0,0.02429999999999836,-0.008148440634248348,-0.00025682325590108113,time_exit,False,False,False
474,PF_XBTUSD,-1,0.0002,2026-05-22T01:06:00+00:00,2026-05-22T01:14:00+00:00,2026-05-22T01:15:00+00:00,77299.0,77259.0,77394.0,77434.0,15.4518,0.48713627529452036,31.719666105050198,31.669196074689115,1.5451800000000002,1.5451800000000002,0.04871362752945205,9.999999999999998,stop_risk,77394.0,77394.0,0.0504693,0.00792991652626255,-0.035,0.0154693,-7.303610766152575e-07,8.115123073502863e-08,0.016,-0.05047003036107662,-0.0015911274158412756,stop_intrabar,False,False,False
475,PF_XBTUSD,1,0.0002,2026-05-22T03:36:00+00:00,2026-05-22T04:36:00+00:00,2026-05-22T04:36:00+00:00,77723.0,77763.0,77684.0,77644.0,15.5526,0.49109551007611657,31.669196074689115,31.62984844403624,1.55526,1.55526,0.04910955100761166,10.0,stop_risk,77638.0,77638.0,0.0485361,0.00791729901867228,-0.0238,0.015540700000000001,-6.930652852036061e-06,0.0,0.016,-0.03934763065285204,-0.0012424575148688329,time_exit,False,False,False
476,PF_ETHUSD,-1,0.01,2026-05-22T04:46:00+00:00,2026-05-22T05:46:00+00:00,2026-05-22T05:46:00+00:00,2132.3,2131.0,2129.5,2130.8,21.31,0.6737307021152662,31.62984844403624,31.610794864048888,2.131,2.131,0.06737307021152662,10.0,stop_risk,2134.6,2134.6,0.07033450000000091,0.00790746211100906,0.001999999999998181,0.021309,0.00025542001272018305,0.0,0.026000000000003638,-0.019053579987281636,-0.0006023923896124187,time_exit,False,False,False
477,PF_XBTUSD,-1,0.0002,2026-05-22T07:11:00+00:00,2026-05-22T07:17:00+00:00,2026-05-22T07:18:00+00:00,77259.0,77219.0,77340.0,77380.0,15.443800000000001,0.48856095097957536,31.610794864048888,31.563137886271587,1.5443800000000003,1.5443800000000003,0.04885609509795754,9.999999999999998,stop_risk,77340.0,77340.0,0.0476599,0.007902698716012223,-0.0322,0.015459900000000002,2.922222703801773e-06,4.870371173002954e-07,0.016,-0.0476569777772962,-0.0015076171916036415,stop_intrabar,False,False,False
478,PF_XBTUSD,1,0.0003,2026-05-22T11:56:00+00:00,2026-05-22T12:56:00+00:00,2026-05-22T12:56:00+00:00,77313.0,77353.0,77387.0,77347.0,23.205899999999996,0.7352215766257328,31.563137886271587,31.53805265265807,2.3205899999999997,2.3205899999999997,0.07352215766257328,10.0,stop_risk,77254.0,77254.0,0.06488505,0.007890784471567897,-0.0018,0.023204999999999996,-8.023361345417297e-05,0.0,0.023999999999999997,-0.02508523361345417,-0.0007947636164642875,time_exit,False,False,False
479,PF_XBTUSD,-1,0.0002,2026-05-22T13:36:00+00:00,2026-05-22T13:40:00+00:00,2026-05-22T13:41:00+00:00,77147.0,77105.0,77253.0,77294.0,15.421000000000001,0.48896487585451154,31.53805265265807,31.48481739914447,1.5421000000000002,1.5421000000000002,0.048896487585451155,10.0,stop_risk,77253.0,77253.0,0.05344,0.007884513163164518,-0.0378,0.0154399,4.6464864048395415e-06,1.1616216012098854e-06,0.0166,-0.05323525351359516,-0.0016879689465896183,stop_intrabar,False,False,False
480,PF_XBTUSD,-1,0.0001,2026-05-22T14:16:00+00:00,2026-05-22T15:16:00+00:00,2026-05-22T15:16:00+00:00,76988.0,76949.0,76753.0,76792.0,7.6949000000000005,0.2444003375483795,31.48481739914447,31.492876330111162,0.7694900000000001,0.7694900000000001,0.024440033754837952,10.0,stop_risk,77188.0,77188.0,0.035608850000000004,0.007871204349786118,0.015700000000000002,0.007687050000000001,4.5980966669141974e-05,0.0,0.0078000000000000005,0.008058930966669143,0.0002559624489639926,time_exit,False,False,False
481,PF_XBTUSD,-1,0.0002,2026-05-22T18:06:00+00:00,2026-05-22T18:22:00+00:00,2026-05-22T18:23:00+00:00,76687.0,76648.0,76824.0,76863.0,15.329600000000001,0.4867640490920472,31.492876330111162,31.434528791934113,1.53296,1.53296,0.04867640490920472,10.0,stop_risk,76824.0,76824.0,0.0583511,0.007873219082527791,-0.043000000000000003,0.0153511,3.5618229704367527e-06,2.2261393565229694e-07,0.015600000000000001,-0.05834753817702957,-0.001852721789061927,stop_intrabar,False,False,False
482,PF_ETHUSD,-1,0.002,2026-05-22T18:46:00+00:00,2026-05-22T19:46:00+00:00,2026-05-22T19:46:00+00:00,2084.0,2082.8,2060.7,2062.0,4.1656,0.13251669931406337,31.434528791934113,31.472005067591414,0.41656000000000004,0.41656000000000004,0.013251669931406336,10.0,stop_risk,2111.0,2111.0,0.0631951,0.007858632197983528,0.041600000000000366,0.004144800000000001,2.1075657273131186e-05,0.0,0.005,0.037476275657273496,0.001192200968092439,time_exit,False,False,False
483,PF_XBTUSD,-1,0.0002,2026-05-22T22:26:00+00:00,2026-05-22T23:26:00+00:00,2026-05-22T23:26:00+00:00,75711.0,75672.0,75663.0,75702.0,15.134400000000001,0.48088451839964874,31.472005067591414,31.45091491061793,1.5134400000000001,1.5134400000000001,0.04808845183996487,10.0,stop_risk,75829.0,75829.0,0.054354,0.007868001266897854,-0.006,0.015137400000000002,4.724302651992125e-05,0.0,0.015600000000000001,-0.02109015697348008,-0.0006701243510918807,time_exit,False,False,False
484,PF_XBTUSD,1,0.0002,2026-05-23T03:01:00+00:00,2026-05-23T04:01:00+00:00,2026-05-23T04:01:00+00:00,75496.0,75535.0,75548.0,75509.0,15.107000000000001,0.4803357880981653,31.45091491061793,31.430575246507928,1.5107000000000002,1.5107000000000002,0.048033578809816534,10.0,stop_risk,75406.0,75406.0,0.04869020000000001,0.007862728727654483,-0.005200000000000001,0.0151044,-3.5264109962104424e-05,0.0,0.015600000000000001,-0.020339664109962106,-0.0006467113649242481,time_exit,False,False,False
485,PF_XBTUSD,-1,0.0003,2026-05-23T04:46:00+00:00,2026-05-23T05:46:00+00:00,2026-05-23T05:46:00+00:00,75432.0,75393.0,75441.0,75480.0,22.6179,0.7196145734721462,31.430575246507928,31.381882502022876,2.26179,2.26179,0.07196145734721462,10.0,stop_risk,75491.0,75491.0,0.06373844999999999,0.007857643811626984,-0.026099999999999998,0.022630949999999997,3.820551495866035e-05,0.0,0.023399999999999997,-0.04869274448504134,-0.001549215822591453,time_exit,False,False,False
486,PF_XBTUSD,-1,0.0002,2026-05-23T07:21:00+00:00,2026-05-23T07:50:00+00:00,2026-05-23T07:51:00+00:00,75210.0,75171.0,74273.0,74311.0,15.0342,0.47907259862536594,31.381882502022876,31.538950030511362,1.5034200000000002,1.5034200000000002,0.0479072598625366,9.999999999999998,stop_risk,75293.0,75293.0,0.04725030000000001,0.00784547062550572,0.17200000000000001,0.014948200000000002,1.5728488510685265e-05,5.423616727822501e-07,0.0154,0.15706752848851072,0.0050050384478492055,target_intrabar,False,False,True
487,PF_XBTUSD,-1,0.0001,2026-05-23T07:56:00+00:00,2026-05-23T08:56:00+00:00,2026-05-23T08:56:00+00:00,74422.0,74384.0,74590.0,74628.0,7.438400000000001,0.2358480543202597,31.538950030511362,31.50713790024871,0.7438400000000001,0.7438400000000001,0.02358480543202597,10.0,stop_risk,74760.0,74760.0,0.0488591,0.007884737507627842,-0.0244,0.0074506,3.846973740988852e-05,0.0,0.0076,-0.03181213026259011,-0.0010086616780778837,time_exit,False,False,False
488,PF_ETHUSD,1,0.01,2026-05-23T10:41:00+00:00,2026-05-23T11:41:00+00:00,2026-05-23T11:41:00+00:00,2029.3,2030.5,2028.6,2027.4,20.305,0.644457140610024,31.50713790024871,31.45573039690253,2.0305,2.0305,0.0644457140610024,10.0,stop_risk,2026.9,2026.9,0.06828099999999955,0.007876784475062178,-0.03099999999999909,0.020289500000000002,-0.0001180033462776737,0.0,0.023999999999998637,-0.051407503346276764,-0.0016316145093544332,time_exit,False,False,False
489,PF_XBTUSD,1,0.0003,2026-05-23T13:11:00+00:00,2026-05-23T14:11:00+00:00,2026-05-23T14:11:00+00:00,74868.0,74906.0,75150.0,75111.0,22.471799999999998,0.7143944749161766,31.45573039690253,31.494613903567288,2.2471799999999997,2.2471799999999997,0.07143944749161765,10.0,stop_risk,74788.0,74788.0,0.0692484,0.007863932599225633,0.06149999999999999,0.02250255,-0.00011394333529092223,0.0,0.0231,0.038883506664709064,0.0012361342805932095,time_exit,False,False,False
490,PF_XBTUSD,1,0.0002,2026-05-23T14:31:00+00:00,2026-05-23T15:31:00+00:00,2026-05-23T15:31:00+00:00,75215.0,75254.0,75440.0,75401.0,15.0508,0.47788488679631813,31.494613903567288,31.50889075890599,1.5050800000000002,1.5050800000000002,0.04778848867963182,10.0,stop_risk,75080.0,75080.0,0.05762950000000001,0.007873653475891822,0.029400000000000003,0.015065500000000003,-5.7644661328817486e-05,0.0,0.015600000000000001,0.014276855338671183,0.0004533110131905472,time_exit,False,False,False
491,PF_ETHUSD,1,0.007,2026-05-23T18:11:00+00:00,2026-05-23T18:20:00+00:00,2026-05-23T18:21:00+00:00,2066.4,2067.7,2093.5,2092.3,14.473899999999999,0.4593592364373839,31.50889075890599,31.66653175097882,1.44739,1.44739,0.04593592364373839,10.0,stop_risk,2061.8,2061.8,0.06484869999999873,0.0078772226897265,0.17220000000000255,0.01456,9.920728241661856e-07,1.1023031379624285e-07,0.017499999999996817,0.15764099207282672,0.005003063842489265,target_intrabar,False,False,True
492,PF_XBTUSD,1,0.0002,2026-05-23T20:21:00+00:00,2026-05-23T20:29:00+00:00,2026-05-23T20:30:00+00:00,76047.0,76086.0,75924.0,75885.0,15.2172,0.4805452052553761,31.66653175097882,31.611128953207157,1.5217200000000002,1.5217200000000002,0.04805452052553761,9.999999999999998,stop_risk,75924.0,75924.0,0.055397100000000005,0.007916632937744706,-0.0402,0.015197100000000002,-5.697771663771086e-06,6.330857404190096e-07,0.015600000000000001,-0.05540279777166377,-0.001749569488927415,stop_intrabar,False,False,False
493,PF_XBTUSD,1,0.0001,2026-05-23T20:41:00+00:00,2026-05-23T21:41:00+00:00,2026-05-23T21:41:00+00:00,76733.0,76772.0,76561.0,76522.0,7.6772,0.24286383480211318,31.611128953207157,31.57844497280684,0.7677200000000001,0.7677200000000001,0.02428638348021132,10.0,stop_risk,76439.0,76439.0,0.044858600000000005,0.00790278223830179,-0.025,0.0076647,-1.9280400300971304e-05,0.0,0.0078000000000000005,-0.032683980400300974,-0.0010339390424391967,time_exit,False,False,False
494,PF_ETHUSD,1,0.009,2026-05-24T01:31:00+00:00,2026-05-24T02:24:00+00:00,2026-05-24T02:25:00+00:00,2119.5,2120.8,2116.6,2115.3,19.0872,0.6044376161155677,31.57844497280684,31.509662549976465,1.90872,1.90872,0.060443761611556776,10.0,stop_risk,2116.6,2116.6,0.06856245,0.00789461124320171,-0.049499999999999995,0.01906245,-0.00021997283038086804,4.124610709756145e-06,0.02339999999999918,-0.06878242283038087,-0.0021781447088231073,stop_intrabar,False,False,False
495,PF_XBTUSD,-1,0.0002,2026-05-24T05:26:00+00:00,2026-05-24T05:49:00+00:00,2026-05-24T05:50:00+00:00,76580.0,76541.0,76669.0,76708.0,15.308200000000001,0.48582557733584597,31.509662549976465,31.46092393922148,1.5308200000000003,1.5308200000000003,0.0485825577335846,9.999999999999998,stop_risk,76669.0,76669.0,0.0487249,0.007877415637494117,-0.0334,0.015324900000000002,-1.3710754970264623e-05,5.712814570943593e-07,0.015600000000000001,-0.04873861075497026,-0.0015467830122797258,stop_intrabar,False,False,False
496,PF_XBTUSD,1,0.0002,2026-05-24T06:56:00+00:00,2026-05-24T07:10:00+00:00,2026-05-24T07:11:00+00:00,76902.0,76941.0,76805.0,76766.0,15.388200000000001,0.4891210451965128,31.46092393922148,31.410564010603434,1.5388200000000003,1.5388200000000003,0.048912104519651285,9.999999999999998,stop_risk,76805.0,76805.0,0.050370700000000004,0.00786523098480537,-0.035,0.015370700000000001,1.077138196717049e-05,6.59620519083305e-07,0.015600000000000001,-0.05035992861803283,-0.0016007135936414911,stop_intrabar,False,False,False
497,PF_XBTUSD,-1,0.0002,2026-05-24T12:26:00+00:00,2026-05-24T13:26:00+00:00,2026-05-24T13:26:00+00:00,77003.0,76963.0,76974.0,77013.0,15.392600000000002,0.4900453234397141,31.410564010603434,31.385186964993824,1.5392600000000003,1.5392600000000003,0.04900453234397141,10.0,stop_risk,77090.0,77090.0,0.0488093,0.00785264100265086,-0.01,0.015397600000000001,2.0554390353691564e-05,0.0,0.0158,-0.02537704560964631,-0.0008079143564910087,time_exit,False,False,False
498,PF_XBTUSD,-1,0.0003,2026-05-24T13:36:00+00:00,2026-05-24T14:16:00+00:00,2026-05-24T14:17:00+00:00,76864.0,76825.0,76182.0,76225.0,23.0475,0.7343432436998558,31.385186964993824,31.542242502131817,2.30475,2.30475,0.07343432436998558,10.0,stop_risk,76944.0,76944.0,0.0704712,0.007846296741248458,0.18,0.0229575,1.3037138021429359e-05,1.8031870161570546e-07,0.024599999999999997,0.15705553713802142,0.005004129410259587,target_intrabar,False,False,True
499,PF_XBTUSD,-1,0.0002,2026-05-24T14:21:00+00:00,2026-05-24T14:22:00+00:00,2026-05-24T14:23:00+00:00,76248.0,76206.0,76411.0,76453.0,15.241200000000001,0.4831996329674375,31.542242502131817,31.47757672234429,1.5241200000000001,1.5241200000000001,0.04831996329674375,10.0,stop_risk,76411.0,76411.0,0.0646659,0.007885560625532955,-0.0494,0.015265900000000002,1.2021246774380366e-07,1.2021246774380366e-07,0.016800000000000002,-0.06466577978753225,-0.0020501326049713092,stop_intrabar,False,False,False
500,PF_XBTUSD,1,0.0002,2026-05-24T16:11:00+00:00,2026-05-24T16:36:00+00:00,2026-05-24T16:37:00+00:00,76531.0,76570.0,76365.0,76326.0,15.314,0.4865050488187482,31.47757672234429,31.41348782335847,1.5314,1.5314,0.04865050488187482,10.0,stop_risk,76365.0,76365.0,0.0640896,0.007869394180586074,-0.0488,0.0152896,7.010141582713439e-07,2.804056633085375e-08,0.015600000000000001,-0.06408889898584173,-0.0020360175610452365,stop_intrabar,False,False,False
501,PF_XBTUSD,-1,0.0001,2026-05-24T21:36:00+00:00,2026-05-24T22:01:00+00:00,2026-05-24T22:02:00+00:00,76141.0,76101.0,76443.0,76482.0,7.6101,0.2422558119872724,31.41348782335847,31.36776931567599,0.7610100000000001,0.7610100000000001,0.024225581198727242,10.0,stop_risk,76443.0,76443.0,0.04582920000000001,0.007853371955839619,-0.0381,0.0076291499999999995,1.0642317497254344e-05,4.343390656440205e-09,0.0079,-0.04571850768250274,-0.0014553782738033734,stop_intrabar,False,False,False
502,PF_XBTUSD,1,0.0001,2026-05-24T22:16:00+00:00,2026-05-24T23:16:00+00:00,2026-05-24T23:16:00+00:00,76796.0,76835.0,76915.0,76876.0,7.6835,0.24494888121228897,31.36776931567599,31.36418201203702,0.7683500000000001,0.7683500000000001,0.024494888121228898,10.0,stop_risk,76562.0,76562.0,0.0388679,0.007841942328918999,0.0041,0.007685550000000001,-1.7536389137549097e-06,0.0,0.0078000000000000005,-0.0035873036389137553,-0.00011436272700210806,time_exit,False,False,False
503,PF_XBTUSD,1,0.0002,2026-05-24T23:46:00+00:00,2026-05-25T00:46:00+00:00,2026-05-25T00:46:00+00:00,77085.0,77125.0,77004.0,76964.0,15.425,0.49180303806680364,31.36418201203702,31.31656684012711,1.5425000000000002,1.5425000000000002,0.04918030380668037,10.0,stop_risk,76909.0,76909.0,0.0663995,0.007841045503009255,-0.0322,0.015408900000000001,-6.2719099073602495e-06,0.0,0.016,-0.04761517190990736,-0.0015181384896833432,time_exit,False,False,False
504,PF_ETHUSD,-1,0.01,2026-05-25T02:01:00+00:00,2026-05-25T02:03:00+00:00,2026-05-25T02:04:00+00:00,2094.2,2093.0,2096.3,2097.5,20.93,0.6683363507516282,31.31656684012711,31.25062271751944,2.093,2.093,0.06683363507516282,10.0,stop_risk,2096.3,2096.3,0.0659525,0.007829141710031778,-0.045,0.0209525,8.377392332986343e-06,4.1886961664931715e-06,0.02399999999999636,-0.06594412260766701,-0.002105726433689733,stop_intrabar,False,False,False
505,PF_XBTUSD,1,0.0002,2026-05-25T02:16:00+00:00,2026-05-25T02:25:00+00:00,2026-05-25T02:26:00+00:00,77250.0,77290.0,77078.0,77038.0,15.458,0.4946461432057825,31.25062271751944,31.184786196372173,1.5458,1.5458,0.04946461432057825,10.0,stop_risk,77078.0,77078.0,0.0658328,0.007812655679379861,-0.0504,0.0154328,-3.7211472753047005e-06,3.721147275304701e-07,0.016,-0.0658365211472753,-0.0021067266960528956,stop_intrabar,False,False,False
506,PF_XBTUSD,1,0.0002,2026-05-25T04:51:00+00:00,2026-05-25T05:51:00+00:00,2026-05-25T05:51:00+00:00,77198.0,77238.0,77319.0,77279.0,15.447600000000001,0.49535693150902765,31.184786196372173,31.17749944100973,1.5447600000000001,1.5447600000000001,0.04953569315090277,10.0,stop_risk,77090.0,77090.0,0.0530288,0.007796196549093044,0.0082,0.015451700000000002,-3.5055362462029584e-05,0.0,0.016,-0.007286755362462031,-0.0002336637909452694,time_exit,False,False,False
507,PF_XBTUSD,1,0.0002,2026-05-25T09:01:00+00:00,2026-05-25T10:01:00+00:00,2026-05-25T10:01:00+00:00,77399.0,77439.0,77528.0,77488.0,15.4878,0.4967620969508517,31.17749944100973,31.171816836222256,1.54878,1.54878,0.04967620969508517,10.0,stop_risk,77284.0,77284.0,0.054468300000000004,0.007794374860252433,0.0098,0.0154927,1.0095212608750684e-05,0.0,0.016,-0.005682604787391249,-0.00018226621407349178,time_exit,False,False,False
508,PF_XBTUSD,-1,0.0002,2026-05-25T12:01:00+00:00,2026-05-25T13:01:00+00:00,2026-05-25T13:01:00+00:00,77280.0,77240.0,77275.0,77315.0,15.448,0.4955758620411604,31.171816836222256,31.141311413204868,1.5448000000000002,1.5448000000000002,0.04955758620411604,10.0,stop_risk,77366.0,77366.0,0.0486646,0.007792954209055564,-0.015000000000000001,0.0154555,-4.9923017437461946e-05,0.0,0.016,-0.030505423017437465,-0.0009786219127910945,time_exit,False,False,False
509,PF_XBTUSD,1,0.0002,2026-05-25T14:16:00+00:00,2026-05-25T15:16:00+00:00,2026-05-25T15:16:00+00:00,77410.0,77450.0,77602.0,77562.0,15.49,0.49741000931103263,31.141311413204868,31.148213564853727,1.5490000000000002,1.5490000000000002,0.04974100093110327,10.0,stop_risk,77304.0,77304.0,0.0526714,0.007785327853301218,0.0224,0.0155012,3.3516487690182167e-06,0.0,0.016,0.006902151648769017,0.0002216397234267499,time_exit,False,False,False
510,PF_ETHUSD,-1,0.009,2026-05-25T18:51:00+00:00,2026-05-25T19:51:00+00:00,2026-05-25T19:51:00+00:00,2126.4,2125.1,2119.6,2120.9,19.125899999999998,0.6140287936634935,31.148213564853727,31.167036163879178,1.9125899999999998,1.9125899999999998,0.06140287936634935,10.0,stop_risk,2128.9,2128.9,0.06504884999999917,0.007787053391213432,0.03779999999999836,0.019107,0.00012959902550250475,0.0,0.023400000000003272,0.018822599025500868,0.0006042914463235689,time_exit,False,False,False
511,PF_XBTUSD,-1,0.0003,2026-05-25T20:46:00+00:00,2026-05-25T21:06:00+00:00,2026-05-25T21:07:00+00:00,77223.0,77183.0,77292.0,77332.0,23.154899999999998,0.74292916009881,31.167036163879178,31.099149313085814,2.31549,2.31549,0.07429291600988101,9.999999999999998,stop_risk,77292.0,77292.0,0.06787724999999999,0.007791759040969796,-0.0447,0.023177249999999996,-9.600793372695422e-06,2.0747053932830884e-08,0.023999999999999997,-0.06788685079337269,-0.0021781619027365097,stop_intrabar,False,False,False
512,PF_XBTUSD,-1,0.0003,2026-05-26T00:46:00+00:00,2026-05-26T01:46:00+00:00,2026-05-26T01:46:00+00:00,76851.0,76812.0,76646.0,76685.0,23.043599999999998,0.7409720365020974,31.099149313085814,31.114244436493497,2.30436,2.30436,0.07409720365020975,10.0,stop_risk,76925.0,76925.0,0.0686664,0.007774787328271454,0.038099999999999995,0.023024549999999998,1.9673407692420523e-05,0.0,0.023399999999999997,0.015095123407692418,0.0004853870199382185,time_exit,False,False,False
513,PF_XBTUSD,1,0.0002,2026-05-26T04:36:00+00:00,2026-05-26T05:36:00+00:00,2026-05-26T05:36:00+00:00,76696.0,76735.0,76891.0,76852.0,15.347000000000001,0.49324675170320714,31.114244436493497,31.122237874362472,1.5347000000000002,1.5347000000000002,0.049324675170320714,10.0,stop_risk,76602.0,76602.0,0.049729800000000005,0.007778561109123375,0.0234,0.015358700000000001,-4.786213103712322e-05,0.0,0.015600000000000001,0.007993437868962878,0.00025690605745796216,time_exit,False,False,False
514,PF_XBTUSD,1,0.0003,2026-05-26T05:41:00+00:00,2026-05-26T05:53:00+00:00,2026-05-26T05:54:00+00:00,76811.0,76850.0,76780.0,76741.0,23.055,0.7407886313661264,31.122237874362472,31.066483273543216,2.3055,2.3055,0.07407886313661265,10.0,stop_risk,76780.0,76780.0,0.055738649999999994,0.007780559468590619,-0.0327,0.02303865,-1.59508192789275e-05,1.2269860983790388e-06,0.023399999999999997,-0.05575460081927893,-0.0017914714566592215,stop_intrabar,False,False,False
515,PF_XBTUSD,-1,0.0002,2026-05-26T07:16:00+00:00,2026-05-26T08:11:00+00:00,2026-05-26T08:12:00+00:00,76586.0,76547.0,76719.0,76758.0,15.3094,0.4927947545655341,31.066483273543216,31.00901531540718,1.5309400000000002,1.5309400000000002,0.049279475456553416,9.999999999999998,stop_risk,76719.0,76719.0,0.05753050000000001,0.0077666208183858046,-0.0422,0.0153305,6.254186400806771e-05,1.1925925551208693e-06,0.015600000000000001,-0.05746795813599194,-0.0018498378986118683,stop_intrabar,False,False,False
516,PF_XBTUSD,1,0.0002,2026-05-26T10:26:00+00:00,2026-05-26T11:26:00+00:00,2026-05-26T11:26:00+00:00,76892.0,76931.0,77166.0,77126.0,15.3862,0.49618473348798,31.00901531540718,31.032549076397455,1.53862,1.53862,0.049618473348798,10.0,stop_risk,76743.0,76743.0,0.060763500000000005,0.007752253828851795,0.039,0.015405700000000001,-6.053900975202462e-05,0.0,0.0158,0.023533760990247975,0.0007589328700339272,time_exit,False,False,False
517,PF_XBTUSD,-1,0.0002,2026-05-26T13:31:00+00:00,2026-05-26T13:42:00+00:00,2026-05-26T13:43:00+00:00,76698.0,76659.0,76838.0,76879.0,15.331800000000001,0.49405545004554485,31.032549076397455,30.97321144431826,1.5331800000000002,1.5331800000000002,0.049405545004554484,10.0,stop_risk,76838.0,76838.0,0.05895360000000001,0.0077581372690993635,-0.044000000000000004,0.0153538,1.6167920814757888e-05,1.4698109831598078e-06,0.016,-0.05933763207918525,-0.0019121095058322456,stop_intrabar,False,False,False
518,PF_XBTUSD,1,0.0001,2026-05-26T14:26:00+00:00,2026-05-26T14:36:00+00:00,2026-05-26T14:37:00+00:00,77895.0,77935.0,77391.0,77351.0,7.793500000000001,0.2516206630368529,30.97321144431826,30.907040923887717,0.7793500000000001,0.7793500000000001,0.025162066303685292,10.0,stop_risk,77391.0,77391.0,0.06616430000000001,0.007743302861079566,-0.0584,0.0077643,-6.220430532078185e-06,5.654936847343805e-07,0.008,-0.06617052043053208,-0.0021363790625808818,stop_intrabar,False,False,False
519,PF_ETHUSD,-1,0.003,2026-05-26T15:41:00+00:00,2026-05-26T16:41:00+00:00,2026-05-26T16:41:00+00:00,2084.5,2083.2,2076.7,2078.0,6.249599999999999,0.20220635211861226,30.907040923887717,30.916420489546237,0.62496,0.62496,0.020220635211861227,10.0,stop_risk,2099.5,2099.5,0.059076000000001086,0.00772676023097193,0.015599999999999455,0.0062418,2.1365658486138005e-05,0.0,0.007800000000001092,0.009379565658485592,0.0003034766635079655,time_exit,False,False,False
520,PF_XBTUSD,-1,0.0001,2026-05-26T17:31:00+00:00,2026-05-26T18:22:00+00:00,2026-05-26T18:23:00+00:00,75900.0,75857.0,76162.0,76201.0,7.5857,0.24536152244937123,30.916420489546237,30.87444971621296,0.7585700000000001,0.7585700000000001,0.024536152244937128,10.0,stop_risk,76162.0,76162.0,0.042403100000000006,0.007729105122386559,-0.0344,0.007602900000000001,3.212666676425825e-05,6.584571180475273e-07,0.0082,-0.04197077333323575,-0.0013575560387861626,stop_intrabar,False,False,False
521,PF_XBTUSD,-1,0.0002,2026-05-26T22:16:00+00:00,2026-05-26T23:11:00+00:00,2026-05-26T23:12:00+00:00,75663.0,75624.0,75833.0,75872.0,15.1248,0.48988079590152445,30.87444971621296,30.8097211614342,1.51248,1.51248,0.048988079590152445,10.0,stop_risk,75833.0,75833.0,0.0647496,0.0077186124290532405,-0.049600000000000005,0.015149600000000001,2.104522125705616e-05,4.50040476734241e-07,0.015600000000000001,-0.06472855477874295,-0.002096508775822888,stop_intrabar,False,False,False
522,PF_ETHUSD,1,0.009,2026-05-27T01:01:00+00:00,2026-05-27T01:18:00+00:00,2026-05-27T01:19:00+00:00,2079.6,2080.8,2076.4,2075.2,18.7272,0.6078341281271188,30.8097211614342,30.74056201914982,1.8727200000000002,1.8727200000000002,0.060783412812711886,9.999999999999998,stop_risk,2076.4,2076.4,0.06910200000000326,0.00770243029035855,-0.05040000000000327,0.018701999999999996,-5.714228436840247e-05,3.1745713538001385e-06,0.02160000000000491,-0.06915914228437167,-0.0022447182148127008,stop_intrabar,False,False,False
523,PF_ETHUSD,1,0.008,2026-05-27T03:11:00+00:00,2026-05-27T03:35:00+00:00,2026-05-27T03:36:00+00:00,2075.2,2076.4,2071.9,2070.7,16.6112,0.5403674789566977,30.74056201914982,30.678300575849963,1.6611200000000002,1.6611200000000002,0.05403674789566977,10.0,stop_risk,2071.9,2071.9,0.062188400000002184,0.007685140504787455,-0.04560000000000218,0.0165884,-7.304329980944676e-05,2.9217319923778698e-06,0.019200000000004366,-0.06226144329981163,-0.0020253840271698964,stop_intrabar,False,False,False
524,PF_ETHUSD,-1,0.008,2026-05-27T04:21:00+00:00,2026-05-27T04:48:00+00:00,2026-05-27T04:49:00+00:00,2061.9,2060.7,2065.8,2067.0,16.485599999999998,0.5373700527915651,30.678300575849963,30.611478778179148,1.6485599999999998,1.6485599999999998,0.053737005279156515,10.0,stop_risk,2065.8,2065.8,0.06691080000000146,0.007669575143962492,-0.05040000000000146,0.0165108,8.900232922730331e-05,3.2963825639741966e-06,0.019200000000000727,-0.06682179767077416,-0.0021781453475743194,stop_intrabar,False,False,False
525,PF_ETHUSD,1,0.007,2026-05-27T05:31:00+00:00,2026-05-27T06:31:00+00:00,2026-05-27T06:31:00+00:00,2073.5,2074.7,2078.1,2076.9,14.522899999999998,0.47442660660851155,30.611478778179148,30.61217697289456,1.4522899999999999,1.4522899999999999,0.047442660660851156,10.0,stop_risk,2069.3,2069.3,0.06069979999999937,0.007652869694544787,0.01540000000000191,0.014530600000000001,-0.00017120528463796612,0.0,0.016799999999997452,0.000698194715363944,2.280826484807522e-05,time_exit,False,False,False
526,PF_XBTUSD,1,0.0002,2026-05-27T06:51:00+00:00,2026-05-27T07:51:00+00:00,2026-05-27T07:51:00+00:00,75744.0,75783.0,75785.0,75746.0,15.156600000000001,0.49511669860723584,30.61217697289456,30.589584846277162,1.5156600000000002,1.5156600000000002,0.04951166986072359,10.0,stop_risk,75640.0,75640.0,0.051538400000000005,0.00765304424322364,-0.0074,0.0151529,-3.922661739744676e-05,0.0,0.015600000000000001,-0.022592126617397446,-0.0007380111070637532,time_exit,False,False,False
527,PF_ETHUSD,1,0.007,2026-05-27T08:31:00+00:00,2026-05-27T08:51:00+00:00,2026-05-27T08:52:00+00:00,2091.3,2092.5,2086.5,2085.3,14.6475,0.4788394505387556,30.589584846277162,30.524487739615424,1.4647500000000002,1.4647500000000002,0.04788394505387556,9.999999999999998,stop_risk,2086.5,2086.5,0.06502229999999873,0.007647396211569291,-0.05039999999999873,0.014622300000000001,-7.480666171562332e-05,3.5622219864582523e-06,0.016799999999997452,-0.06509710666171435,-0.0021280807499954304,stop_intrabar,False,False,False
528,PF_XBTUSD,-1,0.0002,2026-05-27T11:56:00+00:00,2026-05-27T12:20:00+00:00,2026-05-27T12:21:00+00:00,75664.0,75625.0,75752.0,75792.0,15.125,0.4955038108754371,30.524487739615424,30.475957608335438,1.5125000000000002,1.5125000000000002,0.04955038108754372,9.999999999999998,stop_risk,75752.0,75752.0,0.048341600000000005,0.007631121934903857,-0.0334,0.015141700000000001,1.15687199899757e-05,4.8578930296875e-07,0.0158,-0.048530131280010026,-0.0015898753713408412,stop_intrabar,False,False,False
529,PF_XBTUSD,-1,0.0001,2026-05-27T13:16:00+00:00,2026-05-27T14:16:00+00:00,2026-05-27T14:16:00+00:00,75291.0,75252.0,74930.0,74968.0,7.525200000000001,0.24692251172910784,30.475957608335438,30.49688672989132,0.7525200000000001,0.7525200000000001,0.024692251172910785,10.0,stop_risk,75574.0,75574.0,0.04364325,0.007618989402083861,0.0284,0.007511,4.0121555855898e-05,0.0,0.0077,0.020929121555855898,0.0006867420484313707,time_exit,False,False,False
530,PF_XBTUSD,-1,0.0002,2026-05-27T17:21:00+00:00,2026-05-27T18:21:00+00:00,2026-05-27T18:21:00+00:00,74868.0,74830.0,74673.0,74711.0,14.966000000000001,0.4907386164546159,30.49688672989132,30.505863249224664,1.4966000000000002,1.4966000000000002,0.04907386164546159,10.0,stop_risk,75038.0,75038.0,0.06439070000000001,0.0076242216824728305,0.0238,0.014954100000000001,0.00013061933329101095,0.0,0.0152,0.008976519333291012,0.0002943421540957732,time_exit,False,False,False
531,PF_XBTUSD,1,0.0002,2026-05-27T20:11:00+00:00,2026-05-27T21:11:00+00:00,2026-05-27T21:11:00+00:00,75150.0,75189.0,75048.0,75009.0,15.0378,0.492947859798139,30.505863249224664,30.454712295530282,1.5037800000000001,1.5037800000000001,0.049294785979813904,10.0,stop_risk,75025.0,75025.0,0.0556175,0.007626465812306166,-0.036000000000000004,0.0150198,-0.00013115369429510137,0.0,0.015600000000000001,-0.051150953694295107,-0.0016767581129045793,time_exit,False,False,False
532,PF_ETHUSD,-1,0.003,2026-05-27T21:41:00+00:00,2026-05-27T22:41:00+00:00,2026-05-27T22:41:00+00:00,2033.2,2032.0,2029.6,2030.9,6.096,0.2001660675971871,30.454712295530282,30.45191112895695,0.6096,0.6096,0.020016606759718714,10.0,stop_risk,2050.6,2050.6,0.06552570000000055,0.0076136780738825715,0.003299999999999727,0.00609435,-6.816573397924558e-06,0.0,0.007500000000000682,-0.0028011665733981973,-9.197810001341939e-05,time_exit,False,False,False
533,PF_ETHUSD,-1,0.005,2026-05-28T03:21:00+00:00,2026-05-28T04:02:00+00:00,2026-05-28T04:03:00+00:00,1988.0,1986.8,1953.0,1954.3,9.934,0.3262192628216915,30.45191112895695,30.60454726651035,0.9934,0.9934,0.03262192628216915,10.0,stop_risk,1997.0,1997.0,0.06696250000000045,0.007612977782239238,0.1625,0.00985275,-1.1112446537926623e-05,5.152837253356848e-07,0.0125,0.1526361375534621,0.0050123664458063925,target_intrabar,False,False,True
534,PF_XBTUSD,-1,0.0002,2026-05-28T06:41:00+00:00,2026-05-28T06:45:00+00:00,2026-05-28T06:46:00+00:00,72724.0,72687.0,72870.0,72907.0,14.5374,0.4750078435536227,30.60454726651035,30.545995508753585,1.45374,1.45374,0.04750078435536227,10.0,stop_risk,72870.0,72870.0,0.058559400000000005,0.007651136816627588,-0.044000000000000004,0.0145594,7.642243230060061e-06,1.9105608075150153e-06,0.0148,-0.05855175775676995,-0.001913171831848707,stop_intrabar,False,False,False
535,PF_ETHUSD,1,0.007,2026-05-28T07:06:00+00:00,2026-05-28T08:06:00+00:00,2026-05-28T08:06:00+00:00,1982.0,1983.2,1988.1,1986.9,13.8824,0.4544752845269591,30.545995508753585,30.557929479175428,1.3882400000000001,1.3882400000000001,0.045447528452695916,10.0,stop_risk,1977.6,1977.6,0.06145859999999969,0.007636498877188397,0.02590000000000032,0.01389535,-7.067957806011826e-05,0.0,0.016799999999999045,0.0119339704219402,0.00039068854110583086,time_exit,False,False,False
536,PF_ETHUSD,-1,0.009,2026-05-28T12:26:00+00:00,2026-05-28T12:28:00+00:00,2026-05-28T12:29:00+00:00,1979.8,1978.6,1982.4,1983.6,17.807399999999998,0.5827423619173988,30.557929479175428,30.495100833612863,1.7807399999999998,1.7807399999999998,0.05827423619173988,10.0,stop_risk,1982.4,1982.4,0.0628299,0.007639482369793857,-0.045,0.0178299,1.2544374384080686e-06,6.272187192040343e-07,0.02159999999999877,-0.06282864556256158,-0.0020560504796431956,stop_intrabar,False,False,False
537,PF_XBTUSD,-1,0.0001,2026-05-28T13:26:00+00:00,2026-05-28T14:15:00+00:00,2026-05-28T14:16:00+00:00,72927.0,72890.0,73228.0,73266.0,7.289000000000001,0.23902200028031345,30.495100833612863,30.450235197906434,0.7289000000000001,0.7289000000000001,0.023902200028031347,10.0,stop_risk,73228.0,73228.0,0.0449078,0.007623775208403217,-0.0376,0.0073078,4.216429353177208e-05,9.122310538221374e-07,0.007500000000000001,-0.04486563570646823,-0.001471240772452722,stop_intrabar,False,False,False
538,PF_ETHUSD,1,0.005,2026-05-28T16:46:00+00:00,2026-05-28T17:46:00+00:00,2026-05-28T17:46:00+00:00,2007.0,2008.2,2022.0,2020.7,10.041,0.3297511475606059,30.450235197906434,30.502584473963683,1.0041,1.0041,0.03297511475606059,10.0,stop_risk,1997.9,1997.9,0.06751225,0.007612558799476608,0.0625,0.010072250000000001,-7.847394282789951e-05,0.0,0.0125,0.0523492760571721,0.001719174768829743,time_exit,False,False,False
539,PF_ETHUSD,-1,0.008,2026-05-28T20:01:00+00:00,2026-05-28T20:21:00+00:00,2026-05-28T20:22:00+00:00,2012.6,2011.4,2016.4,2017.6,16.0912,0.5275356261609597,30.502584473963683,30.436939631013786,1.60912,1.60912,0.05275356261609598,10.0,stop_risk,2016.4,2016.4,0.06571599999999854,0.007625646118490922,-0.04959999999999855,0.016116,7.115705009377719e-05,3.557852504688859e-06,0.01919999999999709,-0.06564484294990477,-0.002152107569964694,stop_intrabar,False,False,False
540,PF_XBTUSD,1,0.0003,2026-05-28T21:46:00+00:00,2026-05-28T22:03:00+00:00,2026-05-28T22:04:00+00:00,73746.0,73784.0,73699.0,73661.0,22.135199999999998,0.7272478859026053,30.436939631013786,30.37791951572731,2.21352,2.21352,0.07272478859026053,10.0,stop_risk,73699.0,73699.0,0.05901674999999999,0.007609234907753447,-0.036899999999999995,0.022116749999999998,-3.365286491019394e-06,1.2298913161547364e-07,0.022799999999999997,-0.05902011528649101,-0.0019390949287934433,stop_intrabar,False,False,False
541,PF_ETHUSD,-1,0.007,2026-05-28T22:36:00+00:00,2026-05-28T23:36:00+00:00,2026-05-28T23:36:00+00:00,2006.1,2004.8,2007.3,2008.6,14.0336,0.4619671203202214,30.37791951572731,30.33732717545237,1.4033600000000002,1.4033600000000002,0.04619671203202214,9.999999999999998,stop_risk,2010.4,2010.4,0.06235775000000064,0.007594479878931828,-0.026599999999999683,0.014046900000000001,5.45597250466359e-05,0.0,0.018199999999999363,-0.040592340274953044,-0.0013362449082116208,time_exit,False,False,False
542,PF_XBTUSD,1,0.0002,2026-05-29T00:21:00+00:00,2026-05-29T01:20:00+00:00,2026-05-29T01:21:00+00:00,73721.0,73759.0,73581.0,73543.0,14.751800000000001,0.48625905356410265,30.33732717545237,30.27937159367427,1.4751800000000002,1.4751800000000002,0.048625905356410266,10.0,stop_risk,73581.0,73581.0,0.05793020000000001,0.007584331793863093,-0.0432,0.0147302,-2.5381778071118517e-05,5.614262187956374e-07,0.0152,-0.05795558177807112,-0.001910372045727424,stop_intrabar,False,False,False
543,PF_ETHUSD,-1,0.009,2026-05-29T02:31:00+00:00,2026-05-29T02:35:00+00:00,2026-05-29T02:36:00+00:00,2000.8,1999.6,2003.8,2005.1,17.996399999999998,0.5943452275528619,30.27937159367427,30.211853341611917,1.79964,1.79964,0.0594345227552862,10.0,stop_risk,2003.8,2003.8,0.06662070000000081,0.007569842898418568,-0.049499999999999995,0.01802115,2.897937644492201e-06,7.244844111230503e-07,0.0225,-0.0675182520623555,-0.0022298432400909168,stop_intrabar,False,False,False
544,PF_XBTUSD,-1,0.0002,2026-05-29T03:01:00+00:00,2026-05-29T03:07:00+00:00,2026-05-29T03:08:00+00:00,73164.0,73126.0,73278.0,73316.0,14.625200000000001,0.48408814363785374,30.211853341611917,30.15921095041618,1.4625200000000003,1.4625200000000003,0.04840881436378538,9.999999999999998,stop_risk,73278.0,73278.0,0.0526442,0.007552963335402979,-0.038,0.014644200000000001,1.8088042679926628e-06,3.014673779987771e-07,0.0152,-0.05264239119573201,-0.00174244163707844,stop_intrabar,False,False,False
545,PF_XBTUSD,1,0.0002,2026-05-29T05:01:00+00:00,2026-05-29T06:01:00+00:00,2026-05-29T06:01:00+00:00,73412.0,73450.0,73603.0,73564.0,14.690000000000001,0.48708170860807243,30.15921095041618,30.167284144262556,1.4690000000000003,1.4690000000000003,0.04870817086080725,9.999999999999998,stop_risk,73316.0,73316.0,0.0490728,0.0075398027376040455,0.0228,0.014701400000000002,-2.5406153703535323e-05,0.0,0.0154,0.008073193846296465,0.0002676858442871516,time_exit,False,False,False
546,PF_ETHUSD,1,0.009,2026-05-29T06:21:00+00:00,2026-05-29T06:37:00+00:00,2026-05-29T06:38:00+00:00,2014.0,2015.2,2011.3,2010.1,18.136799999999997,0.6012075834625435,30.167284144262556,30.103275369532266,1.8136799999999997,1.8136799999999997,0.060120758346254355,10.0,stop_risk,2011.3,2011.3,0.06401385000000123,0.00754182103606564,-0.045900000000001225,0.018113849999999997,5.075269723332261e-06,3.172043577082662e-07,0.021600000000000816,-0.06400877473027788,-0.0021217944056277126,stop_intrabar,False,False,False
547,PF_XBTUSD,-1,0.0002,2026-05-29T07:41:00+00:00,2026-05-29T08:00:00+00:00,2026-05-29T08:01:00+00:00,73360.0,73321.0,73502.0,73540.0,14.664200000000001,0.4871297166168748,30.103275369532266,30.044796447333454,1.4664200000000003,1.4664200000000003,0.04871297166168749,9.999999999999998,stop_risk,73502.0,73502.0,0.0586862,0.007525818842383067,-0.0438,0.0146861,7.177801216725267e-06,3.023845262639705e-07,0.0154,-0.05847892219878328,-0.001942609947951717,stop_intrabar,False,False,False
548,PF_XBTUSD,-1,0.0003,2026-05-29T11:46:00+00:00,2026-05-29T12:46:00+00:00,2026-05-29T12:46:00+00:00,73422.0,73384.0,73182.0,73220.0,22.015199999999997,0.7327458529662928,30.044796447333454,30.072007576253622,2.20152,2.20152,0.0732745852966293,9.999999999999998,stop_risk,73489.0,73489.0,0.06493665,0.007511199111833364,0.049199999999999994,0.0219906,1.7289201354042892e-06,0.0,0.022799999999999997,0.0272111289201354,0.0009056852479541578,time_exit,False,False,False
549,PF_XBTUSD,-1,0.0002,2026-05-29T13:21:00+00:00,2026-05-29T13:37:00+00:00,2026-05-29T13:38:00+00:00,73026.0,72988.0,73149.0,73187.0,14.5976,0.485421532399686,30.072007576253622,30.017599211813955,1.4597600000000002,1.4597600000000002,0.048542153239968605,9.999999999999998,stop_risk,73149.0,73149.0,0.0544175,0.0075180018940634065,-0.0398,0.014617500000000002,9.135560321216784e-06,5.70972520076049e-07,0.0152,-0.054408364439678794,-0.001809269444406578,stop_intrabar,False,False,False
550,PF_XBTUSD,-1,0.0001,2026-05-29T14:26:00+00:00,2026-05-29T14:51:00+00:00,2026-05-29T14:52:00+00:00,72582.0,72542.0,72854.0,72891.0,7.2542,0.2416648962767476,30.017599211813955,29.975444823107594,0.7254200000000001,0.7254200000000001,0.024166489627674762,9.999999999999998,stop_risk,72854.0,72854.0,0.042471800000000004,0.007504399802953489,-0.0349,0.00727165,1.726129367824142e-05,6.904517471296567e-07,0.0077,-0.042154388706321766,-0.0014043224579309847,stop_intrabar,False,False,False
551,PF_XBTUSD,1,0.0001,2026-05-29T15:16:00+00:00,2026-05-29T16:16:00+00:00,2026-05-29T16:16:00+00:00,73631.0,73671.0,73835.0,73797.0,7.367100000000001,0.24577116514784195,29.975444823107594,29.98063374432243,0.7367100000000001,0.7367100000000001,0.024577116514784197,10.0,stop_risk,73224.0,73224.0,0.05604275,0.007493861205776899,0.0126,0.0073734000000000004,-3.767878511795667e-05,0.0,0.0078000000000000005,0.005188921214882043,0.00017310572855559381,time_exit,False,False,False
552,PF_XBTUSD,-1,0.0001,2026-05-29T18:26:00+00:00,2026-05-29T19:26:00+00:00,2026-05-29T19:26:00+00:00,73748.0,73710.0,73241.0,73279.0,7.371,0.245858712089296,29.98063374432243,30.016388236901278,0.7371000000000001,0.7371000000000001,0.0245858712089296,10.0,stop_risk,73940.0,73940.0,0.034184400000000004,0.007495158436080607,0.0431,0.00734945,3.942578832858398e-06,0.0,0.0076,0.035754492578832855,0.0011925862836573242,time_exit,False,False,False
553,PF_ETHUSD,-1,0.006,2026-05-29T21:31:00+00:00,2026-05-29T22:31:00+00:00,2026-05-29T22:31:00+00:00,2009.1,2007.8,2013.7,2014.9,12.0468,0.4013407577527936,30.016388236901278,29.961824961823048,1.20468,1.20468,0.04013407577527936,10.0,stop_risk,2015.0,2015.0,0.0630723,0.00750409705922532,-0.04260000000000082,0.012068100000000002,0.00010482492174877842,0.0,0.015,-0.05456327507825204,-0.0018177828274213727,time_exit,False,False,False
554,PF_ETHUSD,1,0.008,2026-05-30T01:26:00+00:00,2026-05-30T02:26:00+00:00,2026-05-30T02:26:00+00:00,2017.4,2018.6,2015.1,2013.9,16.1488,0.5389791850321729,29.961824961823048,29.90791191080868,1.6148800000000003,1.6148800000000003,0.0538979185032173,9.999999999999998,stop_risk,2013.8,2013.8,0.0641248,0.0074904562404557624,-0.037599999999998544,0.01613,-0.00018305101437784282,0.0,0.01919999999999709,-0.053913051014376386,-0.0017993914283616456,time_exit,False,False,False
555,PF_XBTUSD,-1,0.0002,2026-05-30T04:06:00+00:00,2026-05-30T05:05:00+00:00,2026-05-30T05:06:00+00:00,73396.0,73358.0,73484.0,73522.0,14.671600000000002,0.49055915517451104,29.90791191080868,29.860398655983055,1.4671600000000002,1.4671600000000002,0.04905591551745111,10.0,stop_risk,73484.0,73484.0,0.047488,0.007476977977702169,-0.0328,0.014688000000000001,-2.5254825710280012e-05,3.4733798831500006e-07,0.0152,-0.04751325482571029,-0.0015886516908102523,stop_intrabar,False,False,False
556,PF_XBTUSD,-1,0.0003,2026-05-30T07:46:00+00:00,2026-05-30T07:49:00+00:00,2026-05-30T07:50:00+00:00,73411.0,73373.0,73453.0,73491.0,22.011899999999997,0.737160285553975,29.860398655983055,29.80296862701857,2.20119,2.20119,0.0737160285553975,9.999999999999998,stop_risk,73453.0,73453.0,0.0574296,0.007465099663995764,-0.035399999999999994,0.022029599999999996,-4.289644780821566e-07,1.0724111952053916e-07,0.022799999999999997,-0.057430028964478075,-0.0019232840668378338,stop_intrabar,False,False,False
557,PF_XBTUSD,1,0.0003,2026-05-30T10:16:00+00:00,2026-05-30T11:16:00+00:00,2026-05-30T11:16:00+00:00,73553.0,73591.0,73538.0,73500.0,22.077299999999997,0.7407751984809094,29.80296862701857,29.75358648805222,2.2077299999999997,2.2077299999999997,0.07407751984809094,10.0,stop_risk,73497.0,73497.0,0.0616575,0.007450742156754642,-0.027299999999999998,0.022063649999999997,-1.8488966397948624e-05,0.0,0.022799999999999997,-0.04938213896639795,-0.0016569536942581428,time_exit,False,False,False
558,PF_ETHUSD,1,0.012,2026-05-30T13:06:00+00:00,2026-05-30T13:32:00+00:00,2026-05-30T13:33:00+00:00,2017.2,2018.4,2016.3,2015.1,24.2208,0.8140464010860018,29.75358648805222,29.689717030275908,2.4220800000000002,2.4220800000000002,0.08140464010860018,10.0,stop_risk,2016.3,2016.3,0.06380100000000219,0.0074383966220130555,-0.03960000000000218,0.024201,-6.845777632575364e-05,2.5354731972501345e-06,0.028800000000001092,-0.06386945777632794,-0.0021466137469503114,stop_intrabar,False,False,False
559,PF_XBTUSD,1,0.0002,2026-05-30T14:11:00+00:00,2026-05-30T15:06:00+00:00,2026-05-30T15:07:00+00:00,73882.0,73920.0,73777.0,73739.0,14.784,0.49795018204195435,29.689717030275908,29.638709514863997,1.4784000000000002,1.4784000000000002,0.049795018204195435,10.0,stop_risk,73777.0,73777.0,0.0509659,0.007422429257568978,-0.0362,0.014765900000000002,-4.1615411920755014e-05,3.854558535305282e-07,0.0152,-0.051007515411920765,-0.0017180195877214378,stop_intrabar,False,False,False
560,PF_XBTUSD,-1,0.0002,2026-05-30T22:46:00+00:00,2026-05-30T22:58:00+00:00,2026-05-30T22:59:00+00:00,73709.0,73671.0,73794.0,73832.0,14.734200000000001,0.49712690738477355,29.638709514863997,29.591759793272274,1.4734200000000002,1.4734200000000002,0.04971269073847736,10.0,stop_risk,73794.0,73794.0,0.04695030000000001,0.0074096773787159995,-0.0322,0.014750300000000001,5.784082928725508e-07,4.820069107271256e-08,0.0152,-0.04694972159170713,-0.0015840676723175666,stop_intrabar,False,False,False
561,PF_XBTUSD,1,0.0002,2026-05-31T01:21:00+00:00,2026-05-31T01:43:00+00:00,2026-05-31T01:44:00+00:00,74073.0,74111.0,73987.0,73948.0,14.8222,0.5008894402883687,29.591759793272274,29.544343548099153,1.48222,1.48222,0.05008894402883687,10.0,stop_risk,73987.0,73987.0,0.047206000000000005,0.007397939948318069,-0.032600000000000004,0.0148059,-1.0345173136945309e-05,4.4979013638892674e-07,0.0154,-0.04741624517313695,-0.001602346244508145,stop_intrabar,False,False,False
562,PF_ETHUSD,-1,0.011,2026-05-31T05:51:00+00:00,2026-05-31T06:51:00+00:00,2026-05-31T06:51:00+00:00,2028.0,2026.7,2028.3,2029.5,22.293699999999998,0.7545843746267412,29.544343548099153,29.491442843926254,2.22937,2.22937,0.07545843746267412,10.0,stop_risk,2029.1,2029.1,0.0630140500000005,0.007386085887024789,-0.030799999999999498,0.0223091,0.00020839582709429014,0.0,0.027499999999999997,-0.052900704172905204,-0.0017905527021367434,time_exit,False,False,False
563,PF_XBTUSD,-1,0.0003,2026-05-31T07:21:00+00:00,2026-05-31T08:21:00+00:00,2026-05-31T08:21:00+00:00,73843.0,73805.0,73886.0,73924.0,22.141499999999997,0.7507771022657858,29.491442843926254,29.43356713348696,2.2141499999999996,2.2141499999999996,0.07507771022657857,10.0,stop_risk,73895.0,73895.0,0.060560699999999995,0.007372860710981565,-0.035699999999999996,0.02215935,-1.6360439327970524e-05,0.0,0.022799999999999997,-0.05787571043932796,-0.001962457745645613,time_exit,False,False,False
564,PF_ETHUSD,-1,0.008,2026-05-31T10:06:00+00:00,2026-05-31T11:02:00+00:00,2026-05-31T11:03:00+00:00,2017.5,2016.3,2020.6,2021.9,16.1304,0.5480273568896864,29.43356713348696,29.372779802495074,1.6130400000000003,1.6130400000000003,0.054802735688968644,10.0,stop_risk,2020.6,2020.6,0.06095280000000109,0.0073583917833717405,-0.04480000000000109,0.016152800000000002,0.0001654690080814748,1.709058890240681e-06,0.02000000000000182,-0.060787330991919616,-0.0020652383286143073,stop_intrabar,False,False,False
565,PF_ETHUSD,-1,0.008,2026-05-31T14:01:00+00:00,2026-05-31T15:01:00+00:00,2026-05-31T15:01:00+00:00,2017.3,2016.1,2008.5,2009.7,16.1288,0.5491070340788765,29.372779802495074,29.408012118605164,1.6128799999999999,1.6128799999999999,0.05491070340788765,10.0,stop_risk,2020.4,2020.4,0.060150800000000004,0.007343194950623769,0.05119999999999891,0.016103199999999998,0.00013551611004918683,0.0,0.019200000000000727,0.0352323161100481,0.0011994886540175299,time_exit,False,False,False
566,PF_ETHUSD,1,0.009,2026-05-31T21:01:00+00:00,2026-05-31T22:01:00+00:00,2026-05-31T22:01:00+00:00,2004.8,2006.0,2011.3,2009.9,18.054,0.6139143280812925,29.408012118605164,29.42484422809881,1.8054,1.8054,0.06139143280812926,10.0,stop_risk,2001.9,2001.9,0.06573014999999958,0.007352003029651291,0.03510000000000082,0.01807155,-0.00019634050625270608,0.0,0.02339999999999918,0.016832109493748113,0.0005723647496424681,time_exit,False,False,False
