number,symbol,direction,quantity_base,entry_utc,exit_earliest_utc,exit_latest_utc,entry_reference,entry_fill,exit_reference,exit_fill,entry_notional_usd,exposure_over_equity_at_entry,equity_at_entry_usd,equity_after_usd,initial_margin_usd,allocated_margin_usd,allocated_margin_fraction_of_equity,nominal_over_allocated_margin,sizing_binding_limit,initial_stop,last_stop,planned_stop_price_loss_and_fees_usd,funding_budget_usd,gross_pnl_after_fill_friction_usd,fees_usd,funding_cashflow_usd,funding_intrabar_bound_width_usd,fill_friction_usd_already_in_gross,net_pnl_usd,net_return_on_entry_equity,exit_reason,same_hour_stop_and_target,actual_loss_exceeds_planned_budget,target_net_achieved
1,PF_XBTUSD,-1,0.0003,2026-06-01T02:01:00+00:00,2026-06-01T02:07:00+00:00,2026-06-01T02:08:00+00:00,73181.0,73141.0,73368.0,73406.0,21.9423,0.438846,50.0,49.89852413025908,2.19423,2.19423,0.0438846,10.0,stop_risk,73368.0,73368.0,0.10208234999999999,0.0125,-0.07949999999999999,0.021982050000000003,6.180259081537327e-06,1.0300431802562211e-06,0.023399999999999997,-0.10147586974091845,-0.0020295173948183688,stop_intrabar,False,False,False
2,PF_XBTUSD,1,0.0003,2026-06-01T03:11:00+00:00,2026-06-01T03:54:00+00:00,2026-06-01T03:55:00+00:00,73834.0,73872.0,73692.0,73654.0,22.161599999999996,0.4441333764130497,49.89852413025908,49.810947196083426,2.21616,2.21616,0.04441333764130497,9.999999999999998,stop_risk,73692.0,73692.0,0.0875289,0.01247463103256477,-0.0654,0.0221289,-4.803417575152963e-05,1.091685812534763e-06,0.022799999999999997,-0.08757693417575153,-0.0017551006908968637,stop_intrabar,False,False,False
3,PF_ETHUSD,-1,0.014,2026-06-01T04:26:00+00:00,2026-06-01T04:56:00+00:00,2026-06-01T04:57:00+00:00,1996.3,1995.1,1999.7,2000.9,27.9314,0.5607482204674119,49.810947196083426,49.70197100552718,2.79314,2.79314,0.05607482204674119,10.0,stop_risk,1999.7,1999.7,0.10917200000000256,0.012452736799020857,-0.08120000000000255,0.027972000000000004,0.00019580944380588565,6.526981460196192e-06,0.033600000000001275,-0.10897619055619666,-0.0021877959904517802,stop_intrabar,False,False,False
4,PF_XBTUSD,-1,0.0004,2026-06-01T06:11:00+00:00,2026-06-01T07:11:00+00:00,2026-06-01T07:11:00+00:00,73167.0,73129.0,73117.0,73155.0,29.2516,0.5885400399261236,49.70197100552718,49.6623875544476,2.92516,2.92516,0.058854003992612355,10.0,stop_risk,73274.0,73274.0,0.10248820000000002,0.012425492751381795,-0.010400000000000001,0.0292568,7.334892045260554e-05,0.0,0.0304,-0.039583451079547395,-0.0007964161235204427,time_exit,False,False,False
5,PF_ETHUSD,1,0.012,2026-06-01T09:26:00+00:00,2026-06-01T10:22:00+00:00,2026-06-01T10:23:00+00:00,1986.2,1987.4,1981.6,1980.4,23.8488,0.48021855521652584,49.6623875544476,49.5544014962192,2.3848800000000003,2.3848800000000003,0.04802185552165259,9.999999999999998,stop_risk,1981.6,1981.6,0.10780680000000001,0.0124155968886119,-0.084,0.023806800000000003,-0.00017925822847912707,2.492177130666711e-06,0.028799999999998365,-0.10798605822847913,-0.002174403276727042,stop_intrabar,False,False,False
6,PF_XBTUSD,-1,0.0002,2026-06-01T12:06:00+00:00,2026-06-01T13:06:00+00:00,2026-06-01T13:06:00+00:00,72243.0,72205.0,71943.0,71980.0,14.441,0.29141710047899155,49.5544014962192,49.58499829893978,1.4441000000000002,1.4441000000000002,0.029141710047899158,10.0,stop_risk,72481.0,72481.0,0.07727239999999999,0.0123886003740548,0.045000000000000005,0.0144185,1.5302720689155343e-05,0.0,0.015000000000000001,0.030596802720689164,0.0006174386491787935,time_exit,False,False,False
7,PF_XBTUSD,-1,0.0002,2026-06-01T16:16:00+00:00,2026-06-01T16:33:00+00:00,2026-06-01T16:34:00+00:00,70751.0,70715.0,71049.0,71087.0,14.143,0.2852273970997072,49.58499829893978,49.49644886531421,1.4143000000000001,1.4143000000000001,0.028522739709970716,10.0,stop_risk,71049.0,71049.0,0.0883801,0.012396249574734945,-0.07440000000000001,0.0141802,3.0766374401861595e-05,1.80978672952127e-06,0.0148,-0.08854943362559814,-0.0017858109642708508,stop_intrabar,False,False,False
8,PF_XBTUSD,1,0.0002,2026-06-01T17:06:00+00:00,2026-06-01T18:06:00+00:00,2026-06-01T18:06:00+00:00,71514.0,71553.0,71502.0,71465.0,14.3106,0.28912377206980777,49.49644886531421,49.46455634016765,1.4310600000000002,1.4310600000000002,0.028912377206980783,9.999999999999998,stop_risk,71284.0,71284.0,0.0758798,0.012374112216328552,-0.0176,0.014301800000000002,9.274853541055e-06,0.0,0.0152,-0.03189252514645895,-0.0006443396622905685,time_exit,False,False,False
9,PF_ETHUSD,1,0.011,2026-06-01T19:36:00+00:00,2026-06-01T20:36:00+00:00,2026-06-01T20:36:00+00:00,2001.3,2002.5,2006.2,2005.0,22.0275,0.44531886323849607,49.46455634016765,49.46986764484684,2.20275,2.20275,0.04453188632384961,10.0,stop_risk,1996.3,1996.3,0.10338680000000099,0.012366139085041913,0.027499999999999997,0.022041250000000002,-0.00014744532075184707,0.0,0.026400000000001,0.005311304679248146,0.0001073759692237471,time_exit,False,False,False
10,PF_ETHUSD,-1,0.011,2026-06-01T22:11:00+00:00,2026-06-01T22:18:00+00:00,2026-06-01T22:19:00+00:00,1987.3,1986.1,1992.5,1993.7,21.847099999999998,0.44162438753312,49.46986764484684,49.3644072139477,2.18471,2.18471,0.04416243875331201,10.0,stop_risk,1992.5,1992.5,0.1054889000000015,0.01236746691121171,-0.08360000000000149,0.021888899999999996,2.846910086240905e-05,4.067014408915578e-06,0.026400000000001,-0.10546043089913909,-0.002131811462611112,stop_intrabar,False,False,False
11,PF_ETHUSD,-1,0.013,2026-06-02T01:11:00+00:00,2026-06-02T01:14:00+00:00,2026-06-02T01:15:00+00:00,1991.9,1990.7,1995.7,1996.9,25.8791,0.5242461413106562,49.3644072139477,49.25789976665929,2.5879100000000004,2.5879100000000004,0.052424614131065625,9.999999999999998,stop_risk,1995.7,1995.7,0.10651940000000058,0.012341101803486926,-0.08060000000000059,0.025919400000000002,1.1952711588277489e-05,3.9842371960924966e-06,0.03120000000000118,-0.1065074472884123,-0.002157575737247364,stop_intrabar,False,False,False
12,PF_XBTUSD,-1,0.0004,2026-06-02T01:41:00+00:00,2026-06-02T02:05:00+00:00,2026-06-02T02:06:00+00:00,70820.0,70784.0,70061.0,70097.0,28.3136,0.574803232255638,49.25789976665929,49.50456834618573,2.83136,2.83136,0.057480323225563804,10.0,stop_risk,70945.0,70945.0,0.107153,0.012314474941664823,0.2748,0.028176200000000002,4.47795264807809e-05,1.0456507783924314e-06,0.028800000000000003,0.24666857952648072,0.0050076958354899415,target_intrabar,False,False,True
13,PF_XBTUSD,-1,0.0002,2026-06-02T02:11:00+00:00,2026-06-02T02:25:00+00:00,2026-06-02T02:26:00+00:00,70108.0,70072.0,70490.0,70526.0,14.0144,0.2830930653106037,49.50456834618573,49.399715865741165,1.40144,1.40144,0.02830930653106037,10.0,stop_risk,70490.0,70490.0,0.1048598,0.012376142086546433,-0.0908,0.0140598,7.319555448747022e-06,5.228253891962157e-07,0.014400000000000001,-0.10485248044455127,-0.002118036454965475,stop_intrabar,False,False,False
14,PF_XBTUSD,-1,0.0003,2026-06-02T06:01:00+00:00,2026-06-02T07:01:00+00:00,2026-06-02T07:01:00+00:00,70222.0,70186.0,70000.0,70036.0,21.055799999999998,0.4262332207987911,49.399715865741165,49.423750638829674,2.10558,2.10558,0.04262332207987911,10.0,stop_risk,70378.0,70378.0,0.08949,0.012349928966435293,0.045,0.021033299999999998,6.807308853806305e-05,0.0,0.021599999999999998,0.024034773088538065,0.00048653666660472116,time_exit,False,False,False
15,PF_XBTUSD,-1,0.0003,2026-06-02T08:56:00+00:00,2026-06-02T09:56:00+00:00,2026-06-02T09:56:00+00:00,69663.0,69627.0,69358.0,69394.0,20.888099999999998,0.4226328380588199,49.423750638829674,49.47240141867237,2.08881,2.08881,0.04226328380588199,9.999999999999998,stop_risk,69849.0,69849.0,0.09832679999999998,0.012355937659707418,0.06989999999999999,0.02085315,-0.00039607015746928235,0.0,0.021599999999999998,0.04865077984253072,0.000984360337159607,time_exit,False,False,False
16,PF_ETHUSD,1,0.012,2026-06-02T11:01:00+00:00,2026-06-02T11:17:00+00:00,2026-06-02T11:18:00+00:00,1980.9,1982.1,1976.4,1975.2,23.7852,0.4807771468118536,49.47240141867237,49.365683016766404,2.37852,2.37852,0.04807771468118536,10.0,stop_risk,1976.4,1976.4,0.10654379999999837,0.012368100354668093,-0.08279999999999836,0.023743800000000002,-0.0001746019059742228,1.0270700351424869e-05,0.028799999999998365,-0.10671840190597259,-0.0021571300128094017,stop_intrabar,False,False,False
17,PF_XBTUSD,-1,0.0003,2026-06-02T12:41:00+00:00,2026-06-02T13:41:00+00:00,2026-06-02T13:41:00+00:00,69073.0,69037.0,68718.0,68753.0,20.7111,0.41954448382625936,49.365683016766404,49.42989444356838,2.07111,2.07111,0.041954448382625936,10.0,stop_risk,69215.0,69215.0,0.0849432,0.012341420754191602,0.0852,0.0206685,-0.0003200731980756206,0.0,0.0213,0.06421142680192438,0.0013007300391268933,time_exit,False,False,False
18,PF_XBTUSD,-1,0.0002,2026-06-02T14:11:00+00:00,2026-06-02T14:12:00+00:00,2026-06-02T14:13:00+00:00,68275.0,68238.0,68568.0,68605.0,13.6476,0.27610012429989667,49.42989444356838,49.34280675217982,1.3647600000000002,1.3647600000000002,0.02761001242998967,9.999999999999998,stop_risk,68568.0,68568.0,0.0870843,0.012357473610892095,-0.0734,0.0136843,-3.3913885608091675e-06,1.6956942804045837e-06,0.0148,-0.08708769138856083,-0.0017618425523441986,stop_intrabar,False,False,False
19,PF_ETHUSD,-1,0.006,2026-06-02T14:31:00+00:00,2026-06-02T15:30:00+00:00,2026-06-02T15:31:00+00:00,1934.9,1933.7,1889.5,1890.7,11.6022,0.2351345771283562,49.34280675217982,49.589617948621715,1.16022,1.16022,0.02351345771283562,10.0,stop_risk,1948.4,1948.4,0.10704989999999918,0.012335701688044955,0.258,0.0114732,0.00028439644189584985,5.764001989050001e-06,0.014400000000000546,0.24681119644189584,0.005001969135673305,target_intrabar,False,False,True
20,PF_ETHUSD,-1,0.01,2026-06-02T18:31:00+00:00,2026-06-02T19:31:00+00:00,2026-06-02T19:31:00+00:00,1910.6,1909.4,1897.6,1898.8,19.094,0.3850402723364941,49.589617948621715,49.67657855321662,1.9094000000000002,1.9094000000000002,0.038504027233649415,10.0,stop_risk,1917.2,1917.2,0.109139,0.01239740448715543,0.10600000000000137,0.019041000000000002,1.6045950175202704e-06,0.0,0.023999999999998637,0.08696060459501889,0.0017536050526768751,time_exit,False,False,False
21,PF_XBTUSD,-1,0.0002,2026-06-02T19:36:00+00:00,2026-06-02T19:44:00+00:00,2026-06-02T19:45:00+00:00,66528.0,66494.0,66854.0,66888.0,13.2988,0.26770764789594964,49.67657855321662,49.584413455993804,1.3298800000000002,1.3298800000000002,0.026770764789594968,9.999999999999998,stop_risk,66854.0,66854.0,0.09213820000000002,0.012419144638304156,-0.07880000000000001,0.013338200000000001,-2.689722279387001e-05,2.9885803104300005e-06,0.013600000000000001,-0.09216509722279387,-0.001855302839024248,stop_intrabar,False,False,False
22,PF_ETHUSD,-1,0.008,2026-06-02T22:21:00+00:00,2026-06-02T22:22:00+00:00,2026-06-02T22:23:00+00:00,1883.5,1882.3,1893.1,1894.3,15.0584,0.30369220790247603,49.584413455993804,49.47331286469925,1.50584,1.50584,0.030369220790247602,10.0,stop_risk,1893.1,1893.1,0.11110640000000001,0.012396103363998452,-0.096,0.015106400000000002,5.808705443877693e-06,5.808705443877693e-06,0.019200000000000727,-0.11110059129455613,-0.0022406353842051186,stop_intrabar,False,False,False
23,PF_XBTUSD,-1,0.0002,2026-06-03T01:46:00+00:00,2026-06-03T01:51:00+00:00,2026-06-03T01:52:00+00:00,66429.0,66395.0,66667.0,66701.0,13.279,0.2684073337945998,49.47331286469925,49.39878688777891,1.3279,1.3279,0.02684073337945998,10.0,stop_risk,66667.0,66667.0,0.07450960000000001,0.012368328216174814,-0.061200000000000004,0.013309600000000001,-1.6376920340625003e-05,2.7294867234375002e-06,0.013600000000000001,-0.07452597692034063,-0.0015063874360739895,stop_intrabar,False,False,False
24,PF_XBTUSD,-1,0.0003,2026-06-03T03:36:00+00:00,2026-06-03T03:50:00+00:00,2026-06-03T03:51:00+00:00,66041.0,66001.0,65078.0,65112.0,19.8003,0.40082563251970316,49.39878688777891,49.645818732864555,1.9800300000000002,1.9800300000000002,0.04008256325197032,9.999999999999998,stop_risk,66215.0,66215.0,0.09603839999999998,0.012349696721944728,0.2667,0.019666950000000002,-1.2049143282795863e-06,8.032762188530577e-08,0.022199999999999998,0.24703184508567172,0.005000767440845527,target_intrabar,False,False,True
25,PF_XBTUSD,1,0.0002,2026-06-03T05:11:00+00:00,2026-06-03T06:11:00+00:00,2026-06-03T06:11:00+00:00,67043.0,67078.0,67106.0,67071.0,13.415600000000001,0.27022618102416623,49.645818732864555,49.63104332825365,1.3415600000000003,1.3415600000000003,0.02702261810241663,9.999999999999998,stop_risk,66651.0,66651.0,0.1055695,0.012411454683216139,-0.0014,0.0134149,3.9495389093926404e-05,0.0,0.014,-0.014775404610906075,-0.00029761629454456046,time_exit,False,False,False
26,PF_XBTUSD,1,0.0003,2026-06-03T06:41:00+00:00,2026-06-03T06:45:00+00:00,2026-06-03T06:46:00+00:00,67396.0,67433.0,67167.0,67130.0,20.229899999999997,0.4076057774204325,49.63104332825365,49.51996249739082,2.0229899999999996,2.0229899999999996,0.040760577742043246,10.0,stop_risk,67167.0,67167.0,0.11108444999999999,0.012407760832063413,-0.0909,0.02018445,3.6191371711599995e-06,9.047842927899999e-07,0.022199999999999998,-0.11108083086282883,-0.00223813209261296,stop_intrabar,False,False,False
27,PF_XBTUSD,-1,0.0003,2026-06-03T09:26:00+00:00,2026-06-03T09:49:00+00:00,2026-06-03T09:50:00+00:00,66741.0,66707.0,66931.0,66965.0,20.012099999999997,0.40412187309419756,49.51996249739082,49.42248056754353,2.00121,2.00121,0.04041218730941976,9.999999999999998,stop_risk,66931.0,66931.0,0.09745079999999999,0.012379990624347706,-0.0774,0.020050799999999997,-3.112984728419731e-05,1.2970769701748885e-06,0.020399999999999998,-0.0974819298472842,-0.0019685380386227163,stop_intrabar,False,False,False
28,PF_XBTUSD,-1,0.0004,2026-06-03T11:56:00+00:00,2026-06-03T12:56:00+00:00,2026-06-03T12:56:00+00:00,67013.0,66978.0,66964.0,66998.0,26.7912,0.5420852958480229,49.42248056754353,49.38735987144625,2.67912,2.67912,0.054208529584802295,10.0,stop_risk,67127.0,67127.0,0.100428,0.012355620141885883,-0.008,0.0267952,-0.0003254960973900407,0.0,0.027600000000000003,-0.03512069609739004,-0.0007106218808542427,time_exit,False,False,False
29,PF_XBTUSD,-1,0.0002,2026-06-03T15:16:00+00:00,2026-06-03T16:16:00+00:00,2026-06-03T16:16:00+00:00,66442.0,66408.0,66125.0,66161.0,13.281600000000001,0.26892711079457554,49.38735987144625,49.4234558374456,1.3281600000000002,1.3281600000000002,0.02689271107945756,9.999999999999998,stop_risk,66703.0,66703.0,0.0791145,0.012346839967861564,0.0494,0.013256900000000002,-4.713400070415279e-05,0.0,0.014,0.03609596599929584,0.0007308745819426774,time_exit,False,False,False
30,PF_XBTUSD,-1,0.0002,2026-06-03T16:31:00+00:00,2026-06-03T16:46:00+00:00,2026-06-03T16:47:00+00:00,65563.0,65529.0,65920.0,65956.0,13.1058,0.2651736868240284,49.4234558374456,49.32488984104673,1.31058,1.31058,0.026517368682402846,10.0,stop_risk,65920.0,65920.0,0.0981483,0.012355863959361401,-0.0854,0.0131485,-1.7496398892001173e-05,1.0935249307500733e-06,0.014,-0.098565996398892,-0.001994316154723718,stop_intrabar,False,False,False
31,PF_ETHUSD,-1,0.01,2026-06-03T19:31:00+00:00,2026-06-03T19:43:00+00:00,2026-06-03T19:44:00+00:00,1814.4,1813.3,1821.1,1822.3,18.133,0.36762373029995593,49.32488984104673,49.21675848325009,1.8133,1.8133,0.03676237302999559,10.0,stop_risk,1821.1,1821.1,0.10717750000000091,0.012331222460261684,-0.09,0.018178,4.664220336374999e-05,3.8868502803125e-06,0.02300000000000182,-0.10813135779663624,-0.0021922270509898327,stop_intrabar,False,False,False
32,PF_ETHUSD,-1,0.005,2026-06-03T20:01:00+00:00,2026-06-03T21:01:00+00:00,2026-06-03T21:01:00+00:00,1798.0,1796.7,1775.8,1777.3,8.983500000000001,0.18252929036473117,49.21675848325009,49.304865028834946,0.8983500000000002,0.8983500000000002,0.018252929036473117,9.999999999999998,stop_risk,1812.1,1812.1,0.09252525000000024,0.012304189620812523,0.09700000000000046,0.008935000000000002,4.15455846906696e-05,0.0,0.013999999999999773,0.08810654558469114,0.0017901736786398964,time_exit,False,False,False
33,PF_ETHUSD,1,0.005,2026-06-03T21:51:00+00:00,2026-06-03T22:37:00+00:00,2026-06-03T22:38:00+00:00,1839.5,1840.7,1822.9,1821.7,9.2035,0.186665149465829,49.304865028834946,49.200601208875845,0.92035,0.92035,0.018666514946582898,10.0,stop_risk,1822.9,1822.9,0.10365625000000046,0.012326216257208738,-0.095,0.009156000000000001,-0.00010781995899734533,2.83694066361106e-06,0.012000000000000455,-0.10426381995899735,-0.0021146761054516784,stop_intrabar,False,False,False
34,PF_XBTUSD,-1,0.0002,2026-06-03T22:56:00+00:00,2026-06-03T23:56:00+00:00,2026-06-03T23:56:00+00:00,64703.0,64668.0,64058.0,64091.0,12.9336,0.2628748365307935,49.200601208875845,49.303118477588356,1.29336,1.29336,0.026287483653079355,10.0,stop_risk,65104.0,65104.0,0.1071807,0.012300150302218961,0.1154,0.012875900000000001,-6.831287546346952e-06,0.0,0.013600000000000001,0.10251726871245366,0.002083658861753084,time_exit,False,False,False
35,PF_XBTUSD,-1,0.0003,2026-06-04T00:31:00+00:00,2026-06-04T00:31:00+00:00,2026-06-04T00:32:00+00:00,63472.0,63435.0,63664.0,63701.0,19.0305,0.38598978295157266,49.303118477588356,49.20424678521136,1.9030500000000001,1.9030500000000001,0.038598978295157266,10.0,stop_risk,63664.0,63664.0,0.09887039999999998,0.012325779619397091,-0.0798,0.0190704,-1.2923769944719817e-06,1.2923769944719817e-06,0.022199999999999998,-0.09887169237699447,-0.002005384150739642,stop_intrabar,False,False,False
36,PF_ETHUSD,-1,0.005,2026-06-04T01:26:00+00:00,2026-06-04T02:03:00+00:00,2026-06-04T02:04:00+00:00,1774.0,1772.8,1720.6,1721.8,8.864,0.1801470519139037,49.20424678521136,49.45053991422579,0.8864000000000001,0.8864000000000001,0.01801470519139037,10.0,stop_risk,1788.5,1788.5,0.09340625000000045,0.012301061696302842,0.255,0.008736500000000001,2.962901445727948e-05,1.2496230241666666e-07,0.012000000000000455,0.2462931290144573,0.00500552584596178,target_intrabar,False,False,True
37,PF_ETHUSD,1,0.004,2026-06-04T03:16:00+00:00,2026-06-04T04:16:00+00:00,2026-06-04T04:16:00+00:00,1793.4,1794.7,1810.7,1809.5,7.178800000000001,0.14517131688454676,49.45053991422579,49.50253213680006,0.7178800000000001,0.7178800000000001,0.014517131688454676,10.0,stop_risk,1772.6,1772.6,0.10073200000000038,0.012362634978556448,0.05919999999999982,0.0072084,6.225740903677576e-07,0.0,0.01,0.0519922225740902,0.0010513984814781207,time_exit,False,False,False
38,PF_ETHUSD,-1,0.008,2026-06-04T07:26:00+00:00,2026-06-04T07:40:00+00:00,2026-06-04T07:41:00+00:00,1774.1,1773.0,1783.8,1784.9,14.184000000000001,0.28653079726916936,49.50253213680006,49.39311029998083,1.4184,1.4184,0.028653079726916938,10.0,stop_risk,1783.8,1783.8,0.10943160000000073,0.012375633034200017,-0.09520000000000073,0.014231600000000002,9.763180748609998e-06,6.973700534721428e-07,0.017600000000000365,-0.10942183681925212,-0.0022104290850590287,stop_intrabar,False,False,False
39,PF_ETHUSD,-1,0.007,2026-06-04T09:21:00+00:00,2026-06-04T10:00:00+00:00,2026-06-04T10:01:00+00:00,1753.3,1752.2,1765.1,1766.3,12.265400000000001,0.24832208228046657,49.39311029998083,49.28221650457269,1.2265400000000002,1.2265400000000002,0.02483220822804666,10.0,stop_risk,1765.1,1765.1,0.1103144,0.012348277574995209,-0.09869999999999937,0.012314750000000001,0.00012095459173448892,2.5242083219645832e-06,0.01609999999999968,-0.11089379540826488,-0.0022451267947041576,stop_intrabar,False,False,False
40,PF_XBTUSD,-1,0.0001,2026-06-04T10:56:00+00:00,2026-06-04T11:31:00+00:00,2026-06-04T11:32:00+00:00,62256.0,62219.0,62756.0,62788.0,6.221900000000001,0.1262504092002984,49.28221650457269,49.21901948428231,0.6221900000000001,0.6221900000000001,0.01262504092002984,9.999999999999998,stop_risk,62756.0,62756.0,0.0636506,0.012320554126143173,-0.056900000000000006,0.00625035,-4.6670290288354476e-05,1.3588022411881597e-06,0.006900000000000001,-0.06319702029028836,-0.0012823493903612183,stop_intrabar,False,False,False
41,PF_ETHUSD,1,0.006,2026-06-04T12:31:00+00:00,2026-06-04T13:31:00+00:00,2026-06-04T13:31:00+00:00,1764.6,1765.7,1766.4,1765.3,10.5942,0.21524605957221823,49.21901948428231,49.20587630204884,1.05942,1.05942,0.02152460595722182,10.0,stop_risk,1752.3,1752.3,0.0975507,0.01230475487107058,-0.002400000000000546,0.010593000000000002,-0.00015018223355243705,0.0,0.013200000000001638,-0.013143182233552982,-0.0002670346213977332,time_exit,False,False,False
42,PF_XBTUSD,-1,0.0002,2026-06-04T16:36:00+00:00,2026-06-04T16:39:00+00:00,2026-06-04T16:40:00+00:00,63399.0,63366.0,63702.0,63735.0,12.673200000000001,0.25755460429575383,49.20587630204884,49.11936879187203,1.2673200000000002,1.2673200000000002,0.025755460429575387,10.0,stop_risk,63702.0,63702.0,0.0865101,0.012301469075512212,-0.0738,0.0127101,2.5898231729931207e-06,8.632743909977069e-07,0.0132,-0.08650751017682701,-0.0017580727481775382,stop_intrabar,False,False,False
43,PF_XBTUSD,-1,0.0003,2026-06-04T17:26:00+00:00,2026-06-04T17:51:00+00:00,2026-06-04T17:52:00+00:00,63146.0,63113.0,63384.0,63417.0,18.933899999999998,0.3854670869291192,49.11936879187203,49.00923869093572,1.89339,1.89339,0.03854670869291192,10.0,stop_risk,63384.0,63384.0,0.11017949999999999,0.012279842197968007,-0.09119999999999999,0.018979499999999996,4.93990636298307e-05,1.9759625451932275e-06,0.019799999999999998,-0.11013010093637016,-0.0022420911270869958,stop_intrabar,False,False,False
44,PF_XBTUSD,1,0.0004,2026-06-05T00:01:00+00:00,2026-06-05T00:14:00+00:00,2026-06-05T00:15:00+00:00,63697.0,63730.0,63604.0,63567.0,25.492,0.520146827024978,49.00923869093572,48.91862775412031,2.5492000000000004,2.5492000000000004,0.05201468270249781,9.999999999999998,stop_risk,63604.0,63604.0,0.0890602,0.01225230967273393,-0.06520000000000001,0.0254594,4.846318461040511e-05,3.7279372777234694e-06,0.028,-0.0906109368153896,-0.0018488542004662508,stop_intrabar,False,False,False
45,PF_XBTUSD,-1,0.0002,2026-06-05T02:26:00+00:00,2026-06-05T03:26:00+00:00,2026-06-05T03:26:00+00:00,62775.0,62740.0,62585.0,62617.0,12.548,0.25650760407814405,48.91862775412031,48.93069846566736,1.2548000000000001,1.2548000000000001,0.025650760407814405,9.999999999999998,stop_risk,63181.0,63181.0,0.10779559999999999,0.012229656938530079,0.0246,0.0125357,6.41154695955503e-06,0.0,0.0134,0.012070711546959557,0.00024675082072274335,time_exit,False,False,False
46,PF_XBTUSD,1,0.0002,2026-06-05T05:01:00+00:00,2026-06-05T05:35:00+00:00,2026-06-05T05:36:00+00:00,63440.0,63479.0,63179.0,63146.0,12.6958,0.25946492484484185,48.93069846566736,48.851462964360124,1.2695800000000002,1.2695800000000002,0.025946492484484187,9.999999999999998,stop_risk,63179.0,63179.0,0.0804619,0.01223267461641684,-0.0666,0.0126625,2.699869276539318e-05,7.940791989821516e-07,0.014400000000000001,-0.07923550130723463,-0.0016193413090726855,stop_intrabar,False,False,False
47,PF_XBTUSD,-1,0.0002,2026-06-05T06:06:00+00:00,2026-06-05T06:23:00+00:00,2026-06-05T06:24:00+00:00,62268.0,62233.0,60915.0,60949.0,12.4466,0.25478459077224547,48.851462964360124,49.09592023489814,1.24466,1.24466,0.025478459077224548,10.0,stop_risk,62586.0,62586.0,0.09008540000000001,0.012212865741090033,0.25680000000000003,0.012318200000000001,-2.4529462044093752e-05,1.3627478913385416e-06,0.013800000000000002,0.24445727053795593,0.00500409313670506,target_intrabar,False,False,True
48,PF_XBTUSD,-1,0.0001,2026-06-05T06:26:00+00:00,2026-06-05T06:44:00+00:00,2026-06-05T06:45:00+00:00,61308.0,61274.0,61969.0,62004.0,6.127400000000001,0.12480466748934772,49.09592023489814,49.01674338879314,0.6127400000000001,0.6127400000000001,0.012480466748934773,10.0,stop_risk,61969.0,61969.0,0.07906385,0.012273980058724536,-0.07300000000000001,0.0061639,-1.2946104967716147e-05,6.813739456692708e-07,0.006900000000000001,-0.07917684610496772,-0.0016126970576403944,stop_intrabar,False,False,False
49,PF_ETHUSD,-1,0.009,2026-06-05T11:11:00+00:00,2026-06-05T11:20:00+00:00,2026-06-05T11:21:00+00:00,1668.6,1667.6,1677.0,1678.1,15.008399999999998,0.30618925212872095,49.01674338879314,48.90716379960075,1.50084,1.50084,0.030618925212872097,10.0,stop_risk,1677.0,1677.0,0.10865520000000081,0.012254185847198285,-0.09449999999999999,0.015055649999999999,-2.393919238412416e-05,2.3939192384124163e-06,0.01889999999999918,-0.10957958919238411,-0.0022355542538437523,stop_intrabar,False,False,False
50,PF_XBTUSD,-1,0.0004,2026-06-05T12:06:00+00:00,2026-06-05T12:06:00+00:00,2026-06-05T12:07:00+00:00,61768.0,61736.0,61897.0,61929.0,24.6944,0.5049239841669492,48.90716379960075,48.805226360628545,2.4694400000000005,2.4694400000000005,0.05049239841669493,9.999999999999998,stop_risk,61897.0,61897.0,0.10193300000000001,0.01222679094990019,-0.0772,0.024733000000000005,-4.43897220228e-06,4.43897220228e-06,0.0256,-0.1019374389722023,-0.002084304855417407,stop_intrabar,False,False,False
51,PF_XBTUSD,-1,0.0001,2026-06-05T13:56:00+00:00,2026-06-05T14:56:00+00:00,2026-06-05T14:56:00+00:00,61032.0,60992.0,60663.0,60694.0,6.099200000000001,0.12497022255223593,48.805226360628545,48.828800409317694,0.6099200000000001,0.6099200000000001,0.012497022255223594,9.999999999999998,stop_risk,61658.0,61658.0,0.07673450000000001,0.012201306590157137,0.0298,0.006084300000000001,-0.00014165131070026406,0.0,0.0071,0.023574048689299736,0.00048302303763756447,time_exit,False,False,False
52,PF_XBTUSD,-1,0.0002,2026-06-05T18:26:00+00:00,2026-06-05T19:26:00+00:00,2026-06-05T19:26:00+00:00,60294.0,60259.0,59643.0,59679.0,12.0518,0.2468174499265444,48.828800409317694,48.93271709709347,1.2051800000000001,1.2051800000000001,0.024681744992654443,9.999999999999998,stop_risk,60609.0,60609.0,0.08909030000000001,0.012207200102329424,0.116,0.011993799999999999,-8.951222412849608e-05,0.0,0.0142,0.10391668777587151,0.0021281843277895017,time_exit,False,False,False
53,PF_ETHUSD,1,0.003,2026-06-05T20:26:00+00:00,2026-06-05T21:26:00+00:00,2026-06-05T21:26:00+00:00,1598.9,1600.1,1610.8,1609.6,4.8003,0.09810000925301428,48.93271709709347,48.956430382264884,0.48003,0.48003,0.009810000925301429,10.0,stop_risk,1574.4,1574.4,0.08545994999999959,0.01223317927427337,0.0285,0.004814550000000001,2.7835171508795634e-05,0.0,0.007199999999999591,0.023713285171508797,0.00048461002327862416,time_exit,False,False,False
54,PF_XBTUSD,-1,0.0001,2026-06-05T23:26:00+00:00,2026-06-06T00:04:00+00:00,2026-06-06T00:05:00+00:00,60840.0,60809.0,61366.0,61400.0,6.080900000000001,0.12421044493070081,48.956430382264884,48.891192544027945,0.6080900000000001,0.6080900000000001,0.012421044493070082,9.999999999999998,stop_risk,61366.0,61366.0,0.06501035000000001,0.012239107595566222,-0.0591,0.006110450000000001,-2.7388236988191643e-05,1.0845550452310077e-06,0.006500000000000001,-0.0652378382369882,-0.0013325693423232399,stop_intrabar,False,False,False
55,PF_XBTUSD,-1,0.0002,2026-06-06T04:16:00+00:00,2026-06-06T05:16:00+00:00,2026-06-06T05:16:00+00:00,60138.0,60107.0,59966.0,59999.0,12.0214,0.24588068677552463,48.891192544027945,48.900791901124045,1.20214,1.20214,0.024588068677552463,10.0,stop_risk,60396.0,60396.0,0.07605340000000001,0.012222798136006987,0.0216,0.0120106,9.957096087691656e-06,0.0,0.0128,0.009599357096087691,0.0001963412344144232,time_exit,False,False,False
56,PF_ETHUSD,1,0.01,2026-06-06T08:36:00+00:00,2026-06-06T09:05:00+00:00,2026-06-06T09:06:00+00:00,1584.4,1585.6,1578.0,1577.0,15.856,0.3242483277583799,48.900791901124045,48.799002493637985,1.5856000000000001,1.5856000000000001,0.032424832775838,10.0,stop_risk,1578.0,1578.0,0.10381199999999954,0.012225197975281012,-0.08599999999999909,0.015813,2.3592513874999997e-05,1.308797065e-06,0.02199999999999818,-0.1017894074861241,-0.002081549265949297,stop_intrabar,False,False,False
57,PF_ETHUSD,-1,0.009,2026-06-06T09:56:00+00:00,2026-06-06T10:30:00+00:00,2026-06-06T10:31:00+00:00,1566.7,1565.7,1536.0,1537.0,14.091299999999999,0.2887620500406152,48.799002493637985,49.04329765612342,1.40913,1.40913,0.028876205004061524,9.999999999999998,stop_risk,1574.8,1574.8,0.10503674999999918,0.012199750623409498,0.25830000000000036,0.01396215,-4.268751465616873e-05,1.22502726523125e-06,0.018,0.2442951624853442,0.0050061507408310935,target_intrabar,False,False,True
58,PF_XBTUSD,-1,0.0002,2026-06-06T10:41:00+00:00,2026-06-06T11:01:00+00:00,2026-06-06T11:02:00+00:00,60308.0,60276.0,60601.0,60632.0,12.055200000000001,0.24580728817477507,49.04329765612342,48.96004867907452,1.2055200000000001,1.2055200000000001,0.02458072881747751,10.0,stop_risk,60601.0,60601.0,0.0834909,0.012260824414030857,-0.0712,0.012090800000000002,4.1822951139529246e-05,1.14816011649375e-06,0.0126,-0.08324897704886049,-0.0016974587971750352,stop_intrabar,False,False,False
59,PF_XBTUSD,1,0.0003,2026-06-06T11:56:00+00:00,2026-06-06T12:30:00+00:00,2026-06-06T12:31:00+00:00,60869.0,60900.0,60674.0,60643.0,18.27,0.3731613936856354,48.96004867907452,48.86477476932937,1.827,1.827,0.03731613936856354,10.0,stop_risk,60674.0,60674.0,0.09533145,0.012240012169768631,-0.07709999999999999,0.01823145,5.754025492160949e-05,1.6883764740882318e-06,0.0186,-0.09527390974507838,-0.0019459521041244054,stop_intrabar,False,False,False
60,PF_ETHUSD,1,0.008,2026-06-06T12:56:00+00:00,2026-06-06T13:16:00+00:00,2026-06-06T13:17:00+00:00,1572.6,1573.7,1563.9,1562.9,12.5896,0.2576416254741858,48.86477476932937,48.7658755731126,1.25896,1.25896,0.025764162547418576,10.0,stop_risk,1563.9,1563.9,0.09974600000000072,0.012216193692332344,-0.08639999999999964,0.012546400000000003,4.720378321719999e-05,2.53816949595e-06,0.016800000000001092,-0.09889919621678245,-0.0020239363976124955,stop_intrabar,False,False,False
61,PF_XBTUSD,1,0.0004,2026-06-06T21:21:00+00:00,2026-06-06T21:59:00+00:00,2026-06-06T22:00:00+00:00,60862.0,60894.0,60722.0,60691.0,24.3576,0.4994804197349372,48.7658755731126,48.660261291998644,2.43576,2.43576,0.049948041973493715,10.0,stop_risk,60722.0,60722.0,0.10591680000000002,0.012191468893278152,-0.08120000000000001,0.024317000000000005,-9.72811139337427e-05,2.494387536762635e-06,0.0252,-0.10561428111393376,-0.002165741512332548,stop_intrabar,False,False,False
62,PF_XBTUSD,-1,0.0003,2026-06-06T22:31:00+00:00,2026-06-06T22:47:00+00:00,2026-06-06T22:48:00+00:00,60428.0,60397.0,60617.0,60648.0,18.1191,0.37235928289146647,48.660261291998644,48.566842883123634,1.8119100000000001,1.8119100000000001,0.03723592828914665,9.999999999999998,stop_risk,60617.0,60617.0,0.09345674999999999,0.012165065322999663,-0.07529999999999999,0.01815675,3.834112504639838e-05,2.3963203153998986e-06,0.0186,-0.09341840887495359,-0.0019198090268026297,stop_intrabar,False,False,False
63,PF_XBTUSD,1,0.0003,2026-06-06T23:46:00+00:00,2026-06-07T00:46:00+00:00,2026-06-07T00:46:00+00:00,60857.0,60888.0,60752.0,60721.0,18.266399999999997,0.3761084500377796,48.566842883123634,48.498710113216376,1.8266399999999998,1.8266399999999998,0.03761084500377796,10.0,stop_risk,60670.0,60670.0,0.09292905,0.012141710720780909,-0.0501,0.018241349999999996,0.00020858009272456106,0.0,0.0186,-0.06813276990727543,-0.0014028659443900298,time_exit,False,False,False
64,PF_XBTUSD,1,0.0003,2026-06-07T01:11:00+00:00,2026-06-07T02:11:00+00:00,2026-06-07T02:11:00+00:00,61261.0,61294.0,61513.0,61481.0,18.388199999999998,0.3791482280059451,48.498710113216376,48.53636159019897,1.83882,1.83882,0.037914822800594515,10.0,stop_risk,61104.0,61104.0,0.08525474999999999,0.012124677528304095,0.0561,0.01841625,-3.227301748010625e-05,0.0,0.0195,0.037651476982519895,0.0007763397602663148,time_exit,False,False,False
65,PF_XBTUSD,1,0.0004,2026-06-07T05:01:00+00:00,2026-06-07T05:18:00+00:00,2026-06-07T05:19:00+00:00,61815.0,61847.0,62552.0,62517.0,24.7388,0.5096962192772923,48.53636159019897,48.779397543263464,2.4738800000000003,2.4738800000000003,0.05096962192772923,10.0,stop_risk,61721.0,61721.0,0.0879072,0.012134090397549743,0.268,0.0248728,-9.124693551202254e-05,5.0692741951123636e-06,0.0268,0.24303595306448803,0.0050072964907522995,target_intrabar,False,False,True
66,PF_ETHUSD,1,0.012,2026-06-07T05:21:00+00:00,2026-06-07T06:04:00+00:00,2026-06-07T06:05:00+00:00,1602.8,1604.0,1598.0,1596.9,19.248,0.39459281929278744,48.779397543263464,48.675119513735034,1.9248000000000003,1.9248000000000003,0.03945928192927875,9.999999999999998,stop_risk,1598.0,1598.0,0.10560480000000055,0.012194849385815866,-0.08519999999999892,0.0192054,0.00012737047153907035,1.7609484958915598e-06,0.027599999999999455,-0.10427802952845984,-0.0021377473847636903,stop_intrabar,False,False,False
67,PF_XBTUSD,1,0.0003,2026-06-07T08:01:00+00:00,2026-06-07T08:48:00+00:00,2026-06-07T08:49:00+00:00,62386.0,62418.0,63326.0,63293.0,18.725399999999997,0.38470167484059503,48.675119513735034,48.918581574880434,1.8725399999999999,1.8725399999999999,0.03847016748405951,9.999999999999998,stop_risk,62209.0,62209.0,0.09098925,0.012168779878433759,0.26249999999999996,0.018856649999999996,-0.0001812888544512601,3.7768511344012494e-06,0.0195,0.2434620611455487,0.005001776340309737,target_intrabar,False,False,True
68,PF_XBTUSD,1,0.0002,2026-06-07T08:56:00+00:00,2026-06-07T09:31:00+00:00,2026-06-07T09:32:00+00:00,62847.0,62879.0,62557.0,62525.0,12.575800000000001,0.257076137433585,48.918581574880434,48.83531545637133,1.2575800000000001,1.2575800000000001,0.0257076137433585,10.0,stop_risk,62557.0,62557.0,0.08334040000000001,0.01222964539372011,-0.0708,0.0125404,7.42814908185195e-05,2.721067543341597e-06,0.0128,-0.08326611850918147,-0.0017021368124037841,stop_intrabar,False,False,False
69,PF_XBTUSD,-1,0.0003,2026-06-07T10:46:00+00:00,2026-06-07T11:24:00+00:00,2026-06-07T11:25:00+00:00,62336.0,62304.0,62524.0,62557.0,18.6912,0.3827394135847942,48.83531545637133,48.74065071376485,1.86912,1.86912,0.03827394135847942,10.0,stop_risk,62524.0,62524.0,0.094329,0.012208828864092835,-0.0759,0.01872915,-3.559260651773132e-05,5.149996701413538e-07,0.0195,-0.09466474260651772,-0.0019384484716002221,stop_intrabar,False,False,False
70,PF_XBTUSD,1,0.0003,2026-06-07T11:46:00+00:00,2026-06-07T12:09:00+00:00,2026-06-07T12:10:00+00:00,62683.0,62715.0,62493.0,62461.0,18.8145,0.3860124911029675,48.74065071376485,48.64564631507306,1.88145,1.88145,0.03860124911029675,9.999999999999998,stop_risk,62493.0,62493.0,0.0949764,0.012185162678441212,-0.07619999999999999,0.0187764,-2.7998691757724167e-05,3.5208687139703118e-06,0.0192,-0.09500439869175771,-0.0019491819928642749,stop_intrabar,False,False,False
71,PF_ETHUSD,-1,0.019,2026-06-07T12:16:00+00:00,2026-06-07T12:46:00+00:00,2026-06-07T12:47:00+00:00,1616.5,1615.5,1618.4,1619.5,30.694499999999998,0.6309814407890635,48.64564631507306,48.539031870863695,3.06945,3.06945,0.06309814407890635,10.0,stop_risk,1618.4,1618.4,0.10483155000000172,0.012161411578768266,-0.076,0.0307325,0.00011805579066507822,3.935193022169272e-06,0.03989999999999827,-0.10661444420933491,-0.002191654388119415,stop_intrabar,False,False,False
72,PF_XBTUSD,1,0.0002,2026-06-07T14:31:00+00:00,2026-06-07T14:46:00+00:00,2026-06-07T14:47:00+00:00,62220.0,62252.0,61888.0,61856.0,12.4504,0.2565028497709602,48.539031870863695,48.44740158965771,1.2450400000000001,1.2450400000000001,0.025650284977096025,9.999999999999998,stop_risk,61888.0,61888.0,0.09161079999999999,0.012134757967715924,-0.0792,0.0124108,-1.9481205955126667e-05,1.2175753721954167e-06,0.0128,-0.09163028120595514,-0.001887764911540348,stop_intrabar,False,False,False
73,PF_XBTUSD,-1,0.0002,2026-06-07T19:06:00+00:00,2026-06-07T20:06:00+00:00,2026-06-07T20:06:00+00:00,61701.0,61669.0,61480.0,61514.0,12.3338,0.2545812488452003,48.44740158965771,48.4661442356933,1.2333800000000001,1.2333800000000001,0.02545812488452003,9.999999999999998,stop_risk,61990.0,61990.0,0.0829691,0.012111850397414428,0.031,0.0123183,6.094603572348164e-05,0.0,0.0132,0.01874264603572348,0.0003868658673270222,time_exit,False,False,False
74,PF_XBTUSD,-1,0.0002,2026-06-08T01:31:00+00:00,2026-06-08T01:45:00+00:00,2026-06-08T01:46:00+00:00,62739.0,62706.0,63141.0,63174.0,12.5412,0.25876207397501055,48.4661442356933,48.36001207534931,1.2541200000000001,1.2541200000000001,0.025876207397501055,9.999999999999998,stop_risk,63141.0,63141.0,0.10618800000000002,0.012116536058923325,-0.0936,0.012588,5.583965600255872e-05,3.988546857325624e-06,0.0132,-0.10613216034399744,-0.002189820585435297,stop_intrabar,False,False,False
75,PF_ETHUSD,-1,0.008,2026-06-08T04:11:00+00:00,2026-06-08T05:11:00+00:00,2026-06-08T05:11:00+00:00,1667.1,1666.0,1655.1,1656.2,13.328,0.2755996003316492,48.36001207534931,48.424948206897454,1.3328,1.3328,0.02755996003316492,10.0,stop_risk,1675.9,1675.9,0.101372,0.01209000301883733,0.07839999999999964,0.0132888,-0.00017506845184305463,0.0,0.017600000000000365,0.06493613154815658,0.0013427649986311038,time_exit,False,False,False
76,PF_ETHUSD,1,0.012,2026-06-08T11:21:00+00:00,2026-06-08T12:01:00+00:00,2026-06-08T12:02:00+00:00,1684.1,1685.3,1679.6,1678.6,20.2236,0.4176277053223453,48.424948206897454,48.32441078134684,2.0223600000000004,2.0223600000000004,0.04176277053223453,9.999999999999998,stop_risk,1679.6,1679.6,0.10298219999999837,0.012106237051724365,-0.08040000000000054,0.0201834,4.597444939382924e-05,2.904918534583221e-06,0.026400000000000545,-0.10053742555060671,-0.002076149366666469,stop_intrabar,False,False,False
77,PF_ETHUSD,-1,0.007,2026-06-08T17:01:00+00:00,2026-06-08T18:00:00+00:00,2026-06-08T18:01:00+00:00,1679.3,1678.2,1689.8,1690.8,11.7474,0.24309453152265814,48.32441078134684,48.224366196122475,1.1747400000000001,1.1747400000000001,0.024309453152265816,10.0,stop_risk,1689.8,1689.8,0.10069185000000032,0.012081102695336712,-0.08819999999999936,0.0117915,-5.308522456853775e-05,3.7198761099160375e-06,0.014699999999999363,-0.1000445852245679,-0.0020702701513990313,stop_intrabar,False,False,False
78,PF_XBTUSD,-1,0.0003,2026-06-08T20:21:00+00:00,2026-06-08T20:40:00+00:00,2026-06-08T20:41:00+00:00,63200.0,63167.0,63386.0,63419.0,18.9501,0.3929569529837325,48.224366196122475,48.12973014998175,1.89501,1.89501,0.039295695298373255,9.999999999999998,stop_risk,63386.0,63386.0,0.09458789999999999,0.01205609154903062,-0.07559999999999999,0.0189879,-4.814614070087709e-05,2.4073070350438556e-06,0.019799999999999998,-0.09463604614070087,-0.001962411403310681,stop_intrabar,False,False,False
79,PF_XBTUSD,1,0.0004,2026-06-08T21:11:00+00:00,2026-06-08T22:00:00+00:00,2026-06-08T22:01:00+00:00,63679.0,63712.0,63585.0,63551.0,25.4848,0.5295022415580626,48.12973014998175,48.040142540169185,2.54848,2.54848,0.052950224155806254,10.0,stop_risk,63585.0,63585.0,0.08945280000000001,0.012032432537495438,-0.0644,0.025452600000000002,0.0002649901873670985,2.840152541309581e-06,0.0268,-0.0895876098126329,-0.001861377770734642,stop_intrabar,False,False,False
80,PF_XBTUSD,-1,0.0002,2026-06-09T00:31:00+00:00,2026-06-09T01:31:00+00:00,2026-06-09T01:31:00+00:00,62695.0,62661.0,62794.0,62826.0,12.532200000000001,0.2608693342140085,48.040142540169185,47.99449588327083,1.2532200000000002,1.2532200000000002,0.026086933421400848,10.0,stop_risk,62925.0,62925.0,0.072162,0.012010035635042297,-0.033,0.012548700000000001,-9.795689835673742e-05,0.0,0.0132,-0.045646656898356744,-0.0009501773825960006,time_exit,False,False,False
81,PF_XBTUSD,1,0.0003,2026-06-09T04:41:00+00:00,2026-06-09T05:08:00+00:00,2026-06-09T05:09:00+00:00,63301.0,63334.0,63107.0,63074.0,19.0002,0.3958828955347522,47.99449588327083,47.897504806138826,1.90002,1.90002,0.03958828955347522,10.0,stop_risk,63107.0,63107.0,0.0969612,0.01199862397081771,-0.078,0.018961199999999998,-2.9877132020445647e-05,3.9551330407761465e-06,0.019799999999999998,-0.09699107713202045,-0.00202087917264338,stop_intrabar,False,False,False
82,PF_XBTUSD,-1,0.0003,2026-06-09T09:41:00+00:00,2026-06-09T10:05:00+00:00,2026-06-09T10:06:00+00:00,62587.0,62554.0,62757.0,62789.0,18.766199999999998,0.3917991151304151,47.897504806138826,47.80821169651531,1.87662,1.87662,0.03917991151304152,9.999999999999998,stop_risk,62757.0,62757.0,0.0896016,0.011974376201534707,-0.0705,0.018801449999999997,8.340376442894275e-06,5.772097338544699e-10,0.0195,-0.08929310962355708,-0.0018642538893197782,stop_intrabar,False,False,False
83,PF_ETHUSD,1,0.012,2026-06-09T12:11:00+00:00,2026-06-09T12:43:00+00:00,2026-06-09T12:44:00+00:00,1677.8,1678.9,1673.3,1672.2,20.146800000000002,0.4214087765484958,47.80821169651531,47.70761288262662,2.0146800000000002,2.0146800000000002,0.04214087765484958,10.0,stop_risk,1673.3,1673.3,0.10050660000000056,0.011952052924128827,-0.08040000000000054,0.020106600000000002,-9.221388867075365e-05,2.7943602627501116e-06,0.026400000000000545,-0.1005988138886713,-0.0021042162071919506,stop_intrabar,False,False,False
84,PF_XBTUSD,-1,0.0002,2026-06-09T13:26:00+00:00,2026-06-09T13:49:00+00:00,2026-06-09T13:50:00+00:00,62257.0,62225.0,62499.0,62531.0,12.445,0.26085983448004413,47.70761288262662,47.63392402941241,1.2445000000000002,1.2445000000000002,0.026085983448004415,9.999999999999998,stop_risk,62499.0,62499.0,0.0736756,0.011926903220656655,-0.061200000000000004,0.0124756,-1.3253214122400007e-05,5.522172551000001e-07,0.0128,-0.07368885321412241,-0.001544593174163137,stop_intrabar,False,False,False
85,PF_XBTUSD,-1,0.0001,2026-06-09T14:21:00+00:00,2026-06-09T15:21:00+00:00,2026-06-09T15:21:00+00:00,61706.0,61672.0,61592.0,61624.0,6.1672,0.12947075273899233,47.63392402941241,47.6325618719099,0.61672,0.61672,0.012947075273899235,10.0,stop_risk,62123.0,62123.0,0.05469145,0.011908481007353103,0.0048000000000000004,0.0061648,2.6424973037056333e-06,0.0,0.0066,-0.0013621575026962942,-2.8596373917362044e-05,time_exit,False,False,False
86,PF_XBTUSD,-1,0.0002,2026-06-09T16:06:00+00:00,2026-06-09T16:45:00+00:00,2026-06-09T16:46:00+00:00,60953.0,60922.0,61307.0,61339.0,12.1844,0.25579980419204457,47.6325618719099,47.537015125324196,1.2184400000000002,1.2184400000000002,0.02557998041920446,9.999999999999998,stop_risk,61307.0,61307.0,0.0956261,0.011908140467977476,-0.0834,0.0122261,7.935341441456004e-05,2.0347029337066666e-06,0.0126,-0.09554674658558544,-0.002005912401741543,stop_intrabar,False,False,False
87,PF_ETHUSD,-1,0.011,2026-06-09T22:56:00+00:00,2026-06-09T23:56:00+00:00,2026-06-09T23:56:00+00:00,1641.2,1640.2,1638.5,1639.5,18.0422,0.3795400269123851,47.537015125324196,47.52670623402411,1.8042200000000002,1.8042200000000002,0.037954002691238505,10.0,stop_risk,1646.5,1646.5,0.0983823499999995,0.01188425378133105,0.0077000000000005,0.01803835,2.9458699849999992e-05,0.0,0.022,-0.0103088913001495,-0.00021686029871609855,time_exit,False,False,False
88,PF_XBTUSD,1,0.0004,2026-06-10T01:06:00+00:00,2026-06-10T01:09:00+00:00,2026-06-10T01:10:00+00:00,61818.0,61850.0,61702.0,61670.0,24.740000000000002,0.5205494333686598,47.52670623402411,47.43002725548345,2.474,2.474,0.05205494333686598,10.0,stop_risk,61702.0,61702.0,0.096704,0.011881676558506029,-0.07200000000000001,0.024704000000000004,2.5021459344918747e-05,8.340486448306249e-06,0.0256,-0.09667897854065509,-0.002034203213338675,stop_intrabar,False,False,False
89,PF_ETHUSD,-1,0.009,2026-06-10T02:41:00+00:00,2026-06-10T03:27:00+00:00,2026-06-10T03:28:00+00:00,1622.8,1621.8,1630.2,1631.2,14.596199999999998,0.30774175864114667,47.43002725548345,47.330691020623966,1.45962,1.45962,0.030774175864114673,9.999999999999998,stop_risk,1630.2,1630.2,0.09923850000000081,0.011857506813870863,-0.08460000000000081,0.014638499999999999,-9.773485935370221e-05,3.075191228106331e-06,0.018,-0.09933623485935451,-0.002094374399666197,stop_intrabar,False,False,False
90,PF_XBTUSD,1,0.0003,2026-06-10T07:11:00+00:00,2026-06-10T08:11:00+00:00,2026-06-10T08:11:00+00:00,61526.0,61558.0,61618.0,61586.0,18.467399999999998,0.39017811913950246,47.330691020623966,47.32069996818388,1.8467399999999998,1.8467399999999998,0.03901781191395025,10.0,stop_risk,61334.0,61334.0,0.095229,0.011832672755155992,0.0084,0.018471599999999998,8.05475600061038e-05,0.0,0.0192,-0.009991052439993896,-0.00021109035648011934,time_exit,False,False,False
91,PF_XBTUSD,-1,0.0003,2026-06-10T08:41:00+00:00,2026-06-10T09:21:00+00:00,2026-06-10T09:22:00+00:00,61273.0,61241.0,60360.0,60391.0,18.3723,0.3882508080470626,47.32069996818388,47.557422070901595,1.83723,1.83723,0.03882508080470626,10.0,stop_risk,61480.0,61480.0,0.09971295,0.011830174992045972,0.255,0.0182448,-3.309728232089553e-05,2.676464414776981e-06,0.018899999999999997,0.2367221027176791,0.005002506363533072,target_intrabar,False,False,True
92,PF_XBTUSD,-1,0.0003,2026-06-10T09:26:00+00:00,2026-06-10T09:29:00+00:00,2026-06-10T09:30:00+00:00,61015.0,60983.0,61178.0,61210.0,18.2949,0.3846907423351251,47.557422070901595,47.47098241504395,1.8294899999999998,1.8294899999999998,0.038469074233512514,10.0,stop_risk,61178.0,61178.0,0.08642894999999999,0.0118893555177254,-0.0681,0.01832895,-1.0705857659107925e-05,2.676464414776981e-06,0.0192,-0.0864396558576591,-0.0018175849760903656,stop_intrabar,False,False,False
93,PF_XBTUSD,1,0.0002,2026-06-10T12:41:00+00:00,2026-06-10T13:41:00+00:00,2026-06-10T13:41:00+00:00,61638.0,61670.0,62140.0,62108.0,12.334000000000001,0.2598218821797809,47.47098241504395,47.546181082512284,1.2334000000000003,1.2334000000000003,0.025982188217978097,9.999999999999998,stop_risk,61371.0,61371.0,0.0785009,0.011867745603760988,0.0876,0.012377800000000001,-2.3532531647152372e-05,0.0,0.0128,0.07519866746835284,0.0015840975611349842,time_exit,False,False,False
94,PF_ETHUSD,1,0.01,2026-06-10T13:46:00+00:00,2026-06-10T13:53:00+00:00,2026-06-10T13:54:00+00:00,1663.2,1664.5,1657.6,1656.5,16.645,0.35008069251900675,47.546181082512284,47.449594747182275,1.6645,1.6645,0.035008069251900684,10.0,stop_risk,1657.6,1657.6,0.09860400000000046,0.011886545270628072,-0.08,0.016605,1.8664669980735475e-05,2.666381425819354e-06,0.023999999999998637,-0.09658633533001926,-0.00203142151758523,stop_intrabar,False,False,False
95,PF_XBTUSD,-1,0.0002,2026-06-10T17:36:00+00:00,2026-06-10T18:36:00+00:00,2026-06-10T18:36:00+00:00,61731.0,61699.0,61803.0,61835.0,12.3398,0.26006123056999936,47.449594747182275,47.410084609231575,1.23398,1.23398,0.02600612305699994,10.0,stop_risk,62124.0,62124.0,0.1037855,0.01186239868679557,-0.027200000000000002,0.0123534,4.326204928611505e-05,0.0,0.0128,-0.03951013795071389,-0.0008326759830348212,time_exit,False,False,False
96,PF_XBTUSD,-1,0.0004,2026-06-10T21:16:00+00:00,2026-06-10T21:34:00+00:00,2026-06-10T21:35:00+00:00,61564.0,61532.0,61655.0,61687.0,24.6128,0.5191469326171052,47.410084609231575,47.3234698175605,2.4612800000000004,2.4612800000000004,0.051914693261710526,9.999999999999998,stop_risk,61655.0,61655.0,0.0866438,0.011852521152307893,-0.062,0.0246438,2.9008328967450002e-05,1.6115738315250001e-06,0.0256,-0.08661479167103255,-0.0018269275911430693,stop_intrabar,False,False,False
97,PF_XBTUSD,-1,0.0003,2026-06-10T21:56:00+00:00,2026-06-10T22:31:00+00:00,2026-06-10T22:32:00+00:00,61188.0,61156.0,61385.0,61417.0,18.346799999999998,0.3876892389913468,47.3234698175605,47.226812195313805,1.8346799999999999,1.8346799999999999,0.03876892389913468,10.0,stop_risk,61385.0,61385.0,0.09668594999999999,0.011830867454390126,-0.0783,0.018385949999999998,2.8327753321977225e-05,7.578397363678144e-07,0.0192,-0.09665762224667801,-0.002042488063941814,stop_intrabar,False,False,False
98,PF_XBTUSD,1,0.0003,2026-06-11T00:21:00+00:00,2026-06-11T01:21:00+00:00,2026-06-11T01:21:00+00:00,61898.0,61930.0,62071.0,62039.0,18.578999999999997,0.39339940886045116,47.226812195313805,47.24084420730061,1.8578999999999999,1.8578999999999999,0.03933994088604512,9.999999999999998,stop_risk,61672.0,61672.0,0.1055355,0.011806703048828452,0.0327,0.018595349999999997,-7.263801322649998e-05,0.0,0.0192,0.014032011986773502,0.0002971196092749589,time_exit,False,False,False
99,PF_ETHUSD,1,0.011,2026-06-11T01:26:00+00:00,2026-06-11T02:22:00+00:00,2026-06-11T02:23:00+00:00,1639.2,1640.2,1633.2,1632.2,18.0422,0.3819195084835456,47.24084420730061,47.13452958929314,1.8042200000000002,1.8042200000000002,0.03819195084835456,10.0,stop_risk,1633.2,1633.2,0.1059982,0.011810211051825155,-0.088,0.0179982,-0.0003164180074877576,6.204477539302877e-06,0.022,-0.10631461800748776,-0.0022504809088711815,stop_intrabar,False,False,False
100,PF_ETHUSD,1,0.017,2026-06-11T08:41:00+00:00,2026-06-11T08:56:00+00:00,2026-06-11T08:57:00+00:00,1660.3,1661.3,1657.8,1656.8,28.2421,0.5991806908032735,47.13452958929314,47.029756619165205,2.8242100000000003,2.8242100000000003,0.05991806908032736,9.999999999999998,stop_risk,1657.8,1657.8,0.10470385,0.011783632397323286,-0.07650000000000001,0.028203850000000003,-6.912012798455307e-05,4.320007999034567e-06,0.034,-0.10477297012798457,-0.0022228495975439694,stop_intrabar,False,False,False
101,PF_XBTUSD,1,0.0005,2026-06-11T11:01:00+00:00,2026-06-11T12:01:00+00:00,2026-06-11T12:01:00+00:00,63010.0,63043.0,62982.0,62950.0,31.5215,0.6702458669997582,47.029756619165205,46.95158077599431,3.1521500000000002,3.1521500000000002,0.06702458669997582,10.0,stop_risk,62930.0,62930.0,0.10398525000000002,0.011757439154791303,-0.0465,0.031498250000000005,-0.00017759317086021614,0.0,0.0325,-0.07817584317086022,-0.001662263400678595,time_exit,False,False,False
102,PF_XBTUSD,-1,0.0002,2026-06-11T12:31:00+00:00,2026-06-11T12:38:00+00:00,2026-06-11T12:39:00+00:00,62563.0,62531.0,62799.0,62835.0,12.5062,0.2663637686591853,46.95158077599431,46.87823638236686,1.25062,1.25062,0.02663637686591853,10.0,stop_risk,62799.0,62799.0,0.0725362,0.01173789519399858,-0.0608,0.0125366,-7.793627424178338e-06,9.742034280222923e-07,0.013600000000000001,-0.07334439362742418,-0.0015621283120870798,stop_intrabar,False,False,False
103,PF_XBTUSD,1,0.0002,2026-06-11T17:36:00+00:00,2026-06-11T18:36:00+00:00,2026-06-11T18:36:00+00:00,63177.0,63210.0,63383.0,63349.0,12.642000000000001,0.26967738071211356,46.87823638236686,46.893324133919286,1.2642000000000002,1.2642000000000002,0.02696773807121136,10.0,stop_risk,62891.0,62891.0,0.0828069,0.011719559095591714,0.027800000000000002,0.012655900000000001,-5.634844743904007e-05,0.0,0.0134,0.01508775155256096,0.00032184981170145266,time_exit,False,False,False
104,PF_XBTUSD,-1,0.0003,2026-06-11T20:51:00+00:00,2026-06-11T21:01:00+00:00,2026-06-11T21:02:00+00:00,63214.0,63181.0,63357.0,63390.0,18.9543,0.4042003920615602,46.893324133919286,46.811623053116755,1.8954300000000002,1.8954300000000002,0.04042003920615603,9.999999999999998,stop_risk,63357.0,63357.0,0.08168565,0.011723331033479823,-0.06269999999999999,0.01898565,-1.543080250898991e-05,3.49045105318448e-06,0.019799999999999998,-0.08170108080250899,-0.0017422753091502902,stop_intrabar,False,False,False
105,PF_ETHUSD,-1,0.012,2026-06-11T23:11:00+00:00,2026-06-11T23:40:00+00:00,2026-06-11T23:41:00+00:00,1670.4,1669.4,1675.0,1676.1,20.0328,0.42794499941326436,46.811623053116755,46.71110012622918,2.00328,2.00328,0.04279449994132643,10.0,stop_risk,1675.0,1675.0,0.09927239999999891,0.01170290576327919,-0.08039999999999782,0.020073,-4.992688761600003e-05,1.6642295872000003e-06,0.02519999999999891,-0.10052292688761381,-0.0021473924707449536,stop_intrabar,False,False,False
106,PF_XBTUSD,1,0.0005,2026-06-12T00:16:00+00:00,2026-06-12T00:24:00+00:00,2026-06-12T00:25:00+00:00,63601.0,63634.0,63530.0,63497.0,31.817,0.6811443086122938,46.71110012622918,46.61080832978468,3.1817,3.1817,0.06811443086122938,10.0,stop_risk,63530.0,63530.0,0.10028274999999999,0.011677775031557295,-0.0685,0.03178275,-9.046444499718752e-06,1.0051604999687502e-06,0.033,-0.10029179644449972,-0.002147065604823637,stop_intrabar,False,False,False
107,PF_XBTUSD,-1,0.0003,2026-06-12T01:26:00+00:00,2026-06-12T02:07:00+00:00,2026-06-12T02:08:00+00:00,63329.0,63296.0,63467.0,63500.0,18.988799999999998,0.4073904890395561,46.61080832978468,46.5306304990194,1.89888,1.89888,0.04073904890395562,10.0,stop_risk,63467.0,63467.0,0.0802194,0.01165270208244617,-0.0612,0.0190194,4.156923471999379e-05,2.725893524380102e-06,0.019799999999999998,-0.08017783076528,-0.0017201553381781993,stop_intrabar,False,False,False
108,PF_XBTUSD,1,0.0004,2026-06-12T04:26:00+00:00,2026-06-12T05:08:00+00:00,2026-06-12T05:09:00+00:00,63656.0,63689.0,63532.0,63499.0,25.4756,0.5475017150377294,46.5306304990194,46.42887715377658,2.5475600000000003,2.5475600000000003,0.05475017150377294,9.999999999999998,stop_risk,63532.0,63532.0,0.1014376,0.011632657624754851,-0.076,0.0254376,-0.0003157452427918201,5.862723290800001e-06,0.0264,-0.10175334524279182,-0.0021868034916255044,stop_intrabar,False,False,False
109,PF_ETHUSD,-1,0.014,2026-06-12T05:46:00+00:00,2026-06-12T06:46:00+00:00,2026-06-12T06:46:00+00:00,1663.1,1662.1,1653.4,1654.4,23.2694,0.501183776702798,46.42887715377658,46.51360718976236,2.32694,2.32694,0.050118377670279796,10.0,stop_risk,1666.8,1666.8,0.10310930000000064,0.011607219288444146,0.10779999999999745,0.023215500000000003,0.0001455359858721866,0.0,0.028,0.08473003598586965,0.0018249426042597629,time_exit,False,False,False
110,PF_XBTUSD,1,0.0003,2026-06-12T08:16:00+00:00,2026-06-12T09:16:00+00:00,2026-06-12T09:16:00+00:00,63235.0,63268.0,63502.0,63469.0,18.9804,0.4080612351255695,46.51360718976236,46.555037712698194,1.89804,1.89804,0.040806123512556955,10.0,stop_risk,63087.0,63087.0,0.0831483,0.011628401797440591,0.06029999999999999,0.01901055,0.00014107293598873886,0.0,0.019799999999999998,0.04143052293598873,0.0008907183389790414,time_exit,False,False,False
111,PF_XBTUSD,1,0.0003,2026-06-12T09:31:00+00:00,2026-06-12T10:26:00+00:00,2026-06-12T10:27:00+00:00,63731.0,63764.0,63537.0,63504.0,19.129199999999997,0.41089430789532755,46.555037712698194,46.458023770160246,1.9129199999999997,1.9129199999999997,0.041089430789532755,10.0,stop_risk,63537.0,63537.0,0.0970902,0.01163875942817455,-0.078,0.019090199999999998,7.625746206215775e-05,2.537143712710727e-06,0.019799999999999998,-0.09701394253793783,-0.002083854880252339,stop_intrabar,False,False,False
112,PF_XBTUSD,-1,0.0004,2026-06-12T12:31:00+00:00,2026-06-12T13:31:00+00:00,2026-06-12T13:31:00+00:00,63427.0,63394.0,63261.0,63294.0,25.3576,0.5458174485735887,46.458023770160246,46.47233574786452,2.5357600000000002,2.5357600000000002,0.05458174485735887,10.0,stop_risk,63523.0,63523.0,0.09019,0.011614505942540062,0.04,0.025337600000000002,-0.0003504222958758081,0.0,0.0264,0.014311977704124191,0.0003080625593316068,time_exit,False,False,False
113,PF_XBTUSD,1,0.0002,2026-06-12T14:36:00+00:00,2026-06-12T15:36:00+00:00,2026-06-12T15:36:00+00:00,63624.0,63657.0,64023.0,63990.0,12.7314,0.2739565333895452,46.47233574786452,46.526403994730025,1.2731400000000002,1.2731400000000002,0.02739565333895452,10.0,stop_risk,63336.0,63336.0,0.083496,0.011618083936966131,0.0666,0.0127647,0.0002329468654376455,0.0,0.0132,0.054068246865437646,0.0011634501686935796,time_exit,False,False,False
114,PF_XBTUSD,-1,0.0003,2026-06-12T20:26:00+00:00,2026-06-12T21:26:00+00:00,2026-06-12T21:26:00+00:00,63499.0,63466.0,63510.0,63543.0,19.0398,0.40922569477229764,46.526403994730025,46.484283508650726,1.90398,1.90398,0.04092256947722977,10.0,stop_risk,63635.0,63635.0,0.0796701,0.011631600998682507,-0.0231,0.01905135,3.086392069990611e-05,0.0,0.019799999999999998,-0.0421204860793001,-0.0009053028487667137,time_exit,False,False,False
115,PF_ETHUSD,-1,0.017,2026-06-12T23:11:00+00:00,2026-06-12T23:35:00+00:00,2026-06-12T23:36:00+00:00,1660.5,1659.5,1662.8,1663.8,28.2115,0.6069040516618879,46.484283508650726,46.38312745771949,2.8211500000000003,2.8211500000000003,0.06069040516618879,10.0,stop_risk,1662.8,1662.8,0.10134804999999923,0.011621070877162682,-0.07309999999999924,0.02824805,0.000191999068705,7.999961196041667e-06,0.034,-0.10115605093129423,-0.002176134454400466,stop_intrabar,False,False,False
116,PF_ETHUSD,1,0.015,2026-06-13T00:16:00+00:00,2026-06-13T01:16:00+00:00,2026-06-13T01:16:00+00:00,1667.4,1668.4,1668.7,1667.7,25.026,0.5395496459960022,46.38312745771949,46.3472689001742,2.5026,2.5026,0.053954964599600225,10.0,stop_risk,1664.4,1664.4,0.09998850000000001,0.011595781864429874,-0.010500000000000682,0.02502075,-0.0003378075454642475,0.0,0.03,-0.03585855754546493,-0.0007730948625262877,time_exit,False,False,False
117,PF_XBTUSD,1,0.0005,2026-06-13T01:51:00+00:00,2026-06-13T02:26:00+00:00,2026-06-13T02:27:00+00:00,63754.0,63787.0,63683.0,63650.0,31.8935,0.6881419500401269,46.3472689001742,46.246815836093795,3.18935,3.18935,0.06881419500401269,10.0,stop_risk,63683.0,63683.0,0.10035925000000001,0.01158681722504355,-0.0685,0.03185925,-9.381408046689384e-05,2.867602406246011e-06,0.033,-0.10045306408046689,-0.002167399859025767,stop_intrabar,False,False,False
118,PF_ETHUSD,-1,0.017,2026-06-13T03:31:00+00:00,2026-06-13T04:31:00+00:00,2026-06-13T04:31:00+00:00,1663.9,1662.9,1665.1,1666.2,28.269300000000005,0.6112701920969215,46.246815836093795,46.16266889745359,2.826930000000001,2.826930000000001,0.06112701920969216,9.999999999999998,stop_risk,1666.3,1666.3,0.10310669999999768,0.01156170395902345,-0.056099999999999234,0.028297350000000006,0.00025041135968405725,0.0,0.03570000000000232,-0.08414693864031518,-0.001819518535904084,time_exit,False,False,False
119,PF_XBTUSD,1,0.0004,2026-06-13T06:36:00+00:00,2026-06-13T07:36:00+00:00,2026-06-13T07:36:00+00:00,63654.0,63687.0,63778.0,63745.0,25.474800000000002,0.5518485089454009,46.16266889745359,46.16036615549443,2.54748,2.54748,0.055184850894540095,10.0,stop_risk,63574.0,63574.0,0.0838456,0.0115406672243634,0.023200000000000002,0.025486400000000003,-1.634195927127672e-05,0.0,0.0264,-0.0023027419592712775,-4.988320680475865e-05,time_exit,False,False,False
120,PF_XBTUSD,1,0.0005,2026-06-13T07:46:00+00:00,2026-06-13T08:23:00+00:00,2026-06-13T08:24:00+00:00,63790.0,63823.0,63724.0,63691.0,31.9115,0.6913181730947253,46.16036615549443,46.06247064922683,3.1911500000000004,3.1911500000000004,0.06913181730947254,9.999999999999998,stop_risk,63724.0,63724.0,0.09787850000000001,0.011540091538873608,-0.066,0.031878500000000004,-1.700626751756254e-05,5.766374611979167e-08,0.033,-0.09789550626751757,-0.0021207697083196805,stop_intrabar,False,False,False
121,PF_XBTUSD,1,0.0004,2026-06-13T11:16:00+00:00,2026-06-13T12:16:00+00:00,2026-06-13T12:16:00+00:00,63916.0,63949.0,63889.0,63856.0,25.579600000000003,0.5553240987612843,46.06247064922683,45.999738056150974,2.5579600000000005,2.5579600000000005,0.05553240987612844,10.0,stop_risk,63827.0,63827.0,0.0875486,0.011515617662306708,-0.037200000000000004,0.025561,2.840692406200735e-05,0.0,0.0264,-0.06273259307593801,-0.0013619024813857003,time_exit,False,False,False
122,PF_XBTUSD,1,0.0005,2026-06-13T12:56:00+00:00,2026-06-13T13:56:00+00:00,2026-06-13T13:56:00+00:00,64078.0,64111.0,64025.0,63992.0,32.0555,0.6968626638888787,45.999738056150974,45.908306204059414,3.2055500000000006,3.2055500000000006,0.06968626638888789,9.999999999999998,stop_risk,64004.0,64004.0,0.1020205,0.011499934514037745,-0.059500000000000004,0.032025750000000006,9.389790825930715e-05,0.0,0.033,-0.09143185209174069,-0.0019876602771113964,time_exit,False,False,False
123,PF_ETHUSD,1,0.014,2026-06-13T15:26:00+00:00,2026-06-13T15:44:00+00:00,2026-06-13T15:45:00+00:00,1681.8,1682.8,1678.4,1677.4,23.5592,0.5131794646328466,45.908306204059414,45.809233808231404,2.3559200000000002,2.3559200000000002,0.051317946463284664,10.0,stop_risk,1678.4,1678.4,0.09912139999999808,0.011477076551014855,-0.07559999999999809,0.023521400000000005,4.9004172000000004e-05,2.7224539999999998e-06,0.028,-0.09907239582799808,-0.0021580494690356853,stop_intrabar,False,False,False
124,PF_ETHUSD,-1,0.013,2026-06-13T16:26:00+00:00,2026-06-13T16:45:00+00:00,2026-06-13T16:46:00+00:00,1671.4,1670.4,1675.2,1676.2,21.7152,0.4740354333561899,45.809233808231404,45.71201752533148,2.17152,2.17152,0.047403543335619,10.0,stop_risk,1675.2,1675.2,0.0971528999999994,0.01145230845205785,-0.07539999999999941,0.0217529,-6.33828999022941e-05,3.1691449951147045e-06,0.026,-0.0972162828999017,-0.002122198404515402,stop_intrabar,False,False,False
125,PF_XBTUSD,1,0.0004,2026-06-13T18:36:00+00:00,2026-06-13T18:49:00+00:00,2026-06-13T18:50:00+00:00,64186.0,64219.0,64075.0,64041.0,25.6876,0.5619441317759629,45.71201752533148,45.615176550338404,2.56876,2.56876,0.05619441317759629,10.0,stop_risk,64075.0,64075.0,0.0964522,0.011428004381332872,-0.0712,0.025652,1.1025006906602318e-05,8.480774543540247e-07,0.0268,-0.09684097499309341,-0.0021185014408832124,stop_intrabar,False,False,False
126,PF_XBTUSD,1,0.0004,2026-06-14T01:16:00+00:00,2026-06-14T02:16:00+00:00,2026-06-14T02:16:00+00:00,64637.0,64670.0,64581.0,64548.0,25.868000000000002,0.5670919627254648,45.615176550338404,45.540583908961466,2.5868,2.5868,0.05670919627254648,10.0,stop_risk,64520.0,64520.0,0.09903140000000002,0.011403794137584602,-0.0488,0.0258436,5.095862313862626e-05,0.0,0.0264,-0.07459264137686138,-0.0016352592934622326,time_exit,False,False,False
127,PF_ETHUSD,-1,0.019,2026-06-14T03:46:00+00:00,2026-06-14T03:50:00+00:00,2026-06-14T03:51:00+00:00,1679.2,1678.2,1680.9,1681.9,31.8858,0.7001623005919676,45.540583908961466,45.43832077382501,3.18858,3.18858,0.07001623005919676,10.0,stop_risk,1680.9,1680.9,0.10222095000000087,0.011385145977240368,-0.07030000000000086,0.031920950000000003,-4.218513646164842e-05,8.437027292329684e-06,0.038,-0.10226313513646251,-0.002245538514413716,stop_intrabar,False,False,False
128,PF_XBTUSD,-1,0.0004,2026-06-14T04:46:00+00:00,2026-06-14T05:46:00+00:00,2026-06-14T05:46:00+00:00,64346.0,64313.0,64348.0,64381.0,25.7252,0.5661564855807598,45.43832077382501,45.38532641258612,2.5725200000000004,2.5725200000000004,0.05661564855807599,9.999999999999998,stop_risk,64424.0,64424.0,0.083354,0.011359580193456254,-0.027200000000000002,0.0257388,-5.556123904327921e-05,0.0,0.0264,-0.05299436123904329,-0.0011662922470843371,time_exit,False,False,False
129,PF_XBTUSD,-1,0.0005,2026-06-14T06:46:00+00:00,2026-06-14T07:20:00+00:00,2026-06-14T07:21:00+00:00,64246.0,64213.0,64310.0,64343.0,32.106500000000004,0.7074202729782798,45.38532641258612,45.288202386670456,3.2106500000000007,3.2106500000000007,0.07074202729782798,10.0,stop_risk,64310.0,64310.0,0.09713900000000002,0.01134633160314653,-0.065,0.032139,1.4974084367863017e-05,9.438471470866368e-07,0.033,-0.09712402591563214,-0.002139987383426596,stop_intrabar,False,False,False
130,PF_XBTUSD,1,0.0004,2026-06-14T09:51:00+00:00,2026-06-14T10:51:00+00:00,2026-06-14T10:51:00+00:00,64552.0,64585.0,64512.0,64479.0,25.834,0.5704355359355938,45.288202386670456,45.219658245994914,2.5834,2.5834,0.057043553593559386,10.0,stop_risk,64452.0,64452.0,0.09220080000000001,0.011322050596667615,-0.0424,0.0258128,-0.00033134067565490676,0.0,0.0264,-0.06854414067565491,-0.001513509856064177,time_exit,False,False,False
131,PF_XBTUSD,-1,0.0005,2026-06-14T12:41:00+00:00,2026-06-14T13:41:00+00:00,2026-06-14T13:41:00+00:00,64313.0,64280.0,64257.0,64290.0,32.14,0.7107528284525818,45.219658245994914,45.1827901820056,3.2140000000000004,3.2140000000000004,0.07107528284525819,9.999999999999998,stop_risk,64384.0,64384.0,0.10067425,0.011304914561498729,-0.005,0.032142500000000004,0.00027443601057805143,0.0,0.033,-0.03686806398942196,-0.0008153105401385325,time_exit,False,False,False
132,PF_XBTUSD,-1,0.0003,2026-06-14T14:36:00+00:00,2026-06-14T15:01:00+00:00,2026-06-14T15:02:00+00:00,63903.0,63870.0,64097.0,64130.0,19.160999999999998,0.4240773959026332,45.1827901820056,45.08565563322531,1.9161,1.9161,0.042407739590263324,10.0,stop_risk,64097.0,64097.0,0.0972,0.011295697545501401,-0.078,0.0192,6.545121969782884e-05,1.8915869759688565e-06,0.019799999999999998,-0.09713454878030219,-0.0021498129794336337,stop_intrabar,False,False,False
133,PF_ETHUSD,1,0.015,2026-06-14T16:31:00+00:00,2026-06-14T16:48:00+00:00,2026-06-14T16:49:00+00:00,1666.3,1667.3,1663.4,1662.4,25.0095,0.5547107976748499,45.08565563322531,44.98718748707597,2.50095,2.50095,0.05547107976748499,10.0,stop_risk,1663.4,1663.4,0.09847274999999794,0.011271413908306327,-0.07349999999999796,0.024972750000000002,4.60385070466902e-06,2.708147473334718e-07,0.03,-0.09846814614929328,-0.0021840238267873476,stop_intrabar,False,False,False
134,PF_XBTUSD,1,0.0005,2026-06-14T20:31:00+00:00,2026-06-14T21:16:00+00:00,2026-06-14T21:17:00+00:00,63898.0,63931.0,64479.0,64446.0,31.965500000000002,0.7105467530990491,44.98718748707597,45.212300812541784,3.1965500000000002,3.1965500000000002,0.07105467530990492,10.0,stop_risk,63826.0,63826.0,0.10093099999999999,0.011246796871768994,0.2575,0.032094250000000005,-0.000292424534109818,5.260278164176567e-06,0.033,0.2251133254658902,0.005003943078916887,target_intrabar,False,False,True
135,PF_XBTUSD,1,0.0002,2026-06-14T21:26:00+00:00,2026-06-14T22:26:00+00:00,2026-06-14T22:26:00+00:00,64843.0,64876.0,65125.0,65091.0,12.975200000000001,0.28698384658187337,45.212300812541784,45.24220098307743,1.2975200000000002,1.2975200000000002,0.028698384658187342,9.999999999999998,stop_risk,64515.0,64515.0,0.09173579999999999,0.011303075203135447,0.043000000000000003,0.0129967,-0.00010312946424790632,0.0,0.0134,0.029900170535752092,0.0006613282225941896,time_exit,False,False,False
136,PF_XBTUSD,-1,0.0004,2026-06-15T05:06:00+00:00,2026-06-15T05:19:00+00:00,2026-06-15T05:20:00+00:00,65605.0,65571.0,65685.0,65719.0,26.2284,0.5797330684643431,45.24220098307743,45.15676275462705,2.62284,2.62284,0.057973306846434314,10.0,stop_risk,65685.0,65685.0,0.08545799999999999,0.011310550245769359,-0.0592,0.026258000000000004,1.9771549608525003e-05,1.5208884314250002e-06,0.027200000000000002,-0.08543822845039148,-0.0018884631294208945,stop_intrabar,False,False,False
137,PF_XBTUSD,1,0.0004,2026-06-15T06:31:00+00:00,2026-06-15T06:34:00+00:00,2026-06-15T06:35:00+00:00,65906.0,65940.0,65798.0,65764.0,26.376,0.5840985578023382,45.15676275462705,45.06001378329942,2.6376000000000004,2.6376000000000004,0.058409855780233826,9.999999999999998,stop_risk,65798.0,65798.0,0.0967408,0.011289190688656765,-0.0704,0.0263408,-8.171327640600586e-06,2.0428319101501464e-06,0.027200000000000002,-0.09674897132764061,-0.0021425134448489025,stop_intrabar,False,False,False
138,PF_XBTUSD,-1,0.0004,2026-06-15T09:41:00+00:00,2026-06-15T10:04:00+00:00,2026-06-15T10:05:00+00:00,65524.0,65490.0,65603.0,65637.0,26.196,0.5813580112509645,45.06001378329942,44.97505824843036,2.6196,2.6196,0.058135801125096455,10.0,stop_risk,65603.0,65603.0,0.0850254,0.011265003445824855,-0.058800000000000005,0.026225400000000003,6.986513095065585e-05,2.4007019207150003e-06,0.027200000000000002,-0.08495553486904935,-0.0018853863489171057,stop_intrabar,False,False,False
139,PF_ETHUSD,1,0.014,2026-06-15T10:51:00+00:00,2026-06-15T10:54:00+00:00,2026-06-15T10:55:00+00:00,1727.6,1728.6,1747.6,1746.5,24.2004,0.5380849062234311,44.97505824843036,45.20132318297733,2.42004,2.42004,0.053808490622343115,9.999999999999998,stop_risk,1724.5,1724.5,0.09556469999999873,0.011243764562107591,0.25060000000000127,0.0243257,-9.36545301914498e-06,2.341363254786245e-06,0.029399999999998726,0.22626493454698213,0.005030898087939193,target_intrabar,False,False,True
140,PF_ETHUSD,1,0.013,2026-06-15T10:56:00+00:00,2026-06-15T11:02:00+00:00,2026-06-15T11:03:00+00:00,1737.8,1738.8,1733.8,1732.7,22.6044,0.5000827057317813,45.20132318297733,45.09944986289851,2.26044,2.26044,0.05000827057317814,10.0,stop_risk,1733.8,1733.8,0.1005654,0.011300330795744334,-0.07929999999999882,0.02256475,-8.570078811017414e-06,6.320663909431907e-08,0.027299999999998815,-0.10187332007880982,-0.0022537685382886087,stop_intrabar,False,False,False
141,PF_XBTUSD,1,0.0002,2026-06-15T11:26:00+00:00,2026-06-15T12:05:00+00:00,2026-06-15T12:06:00+00:00,66304.0,66338.0,66071.0,66037.0,13.2676,0.29418540670303645,45.09944986289851,45.0259474533162,1.3267600000000002,1.3267600000000002,0.02941854067030365,9.999999999999998,stop_risk,66071.0,66071.0,0.0734375,0.011274862465724629,-0.060200000000000004,0.0132375,-6.490958223214605e-05,1.9395710492029164e-06,0.013600000000000001,-0.07350240958223214,-0.0016297850595889329,stop_intrabar,False,False,False
142,PF_ETHUSD,1,0.01,2026-06-15T12:46:00+00:00,2026-06-15T13:08:00+00:00,2026-06-15T13:09:00+00:00,1772.7,1773.8,1799.3,1798.2,17.738,0.39395062188066365,45.0259474533162,45.25203789328029,1.7738,1.7738,0.03939506218806636,10.0,stop_risk,1767.0,1767.0,0.09669849999999863,0.01125648686332905,0.2440000000000009,0.01786,-4.9560035903325885e-05,2.0249058180487103e-06,0.02199999999999818,0.2260904399640976,0.005021336645908733,target_intrabar,False,False,True
143,PF_ETHUSD,1,0.005,2026-06-15T13:16:00+00:00,2026-06-15T14:16:00+00:00,2026-06-15T14:16:00+00:00,1796.1,1797.3,1808.6,1807.5,8.9865,0.1985877414226786,45.25203789328029,45.29397113821823,0.89865,0.89865,0.01985877414226786,10.0,stop_risk,1782.3,1782.3,0.08994600000000023,0.011313009473320073,0.051000000000000226,0.009012,-5.475506220996125e-05,0.0,0.011499999999999773,0.041933244937790264,0.0009266598122427797,time_exit,False,False,False
144,PF_XBTUSD,1,0.0003,2026-06-15T15:46:00+00:00,2026-06-15T16:46:00+00:00,2026-06-15T16:46:00+00:00,66923.0,66957.0,67146.0,67111.0,20.0871,0.4434828630658721,45.29397113821823,45.32006695935149,2.00871,2.00871,0.044348286306587215,9.999999999999998,stop_risk,66720.0,66720.0,0.10134644999999999,0.011323492784554558,0.0462,0.0201102,6.021133199714427e-06,0.0,0.0207,0.026095821133199713,0.0005761433691377203,time_exit,False,False,False
145,PF_XBTUSD,-1,0.0003,2026-06-15T22:31:00+00:00,2026-06-15T22:38:00+00:00,2026-06-15T22:39:00+00:00,66119.0,66085.0,66275.0,66309.0,19.825499999999998,0.4374552230424086,45.32006695935149,45.2330181420533,1.9825499999999998,1.9825499999999998,0.04374552230424086,10.0,stop_risk,66275.0,66275.0,0.08705909999999999,0.011330016739837875,-0.0672,0.019859099999999998,1.02827017769175e-05,1.4689573967024998e-06,0.020399999999999998,-0.08704881729822309,-0.0019207565905915137,stop_intrabar,False,False,False
146,PF_XBTUSD,-1,0.0003,2026-06-16T02:31:00+00:00,2026-06-16T03:26:00+00:00,2026-06-16T03:27:00+00:00,65787.0,65753.0,65921.0,65955.0,19.7259,0.4360951537226909,45.2330181420533,45.15266264940627,1.97259,1.97259,0.04360951537226909,10.0,stop_risk,65921.0,65921.0,0.08035619999999999,0.011308254535513325,-0.060599999999999994,0.0197562,7.073529101920739e-07,1.1854813473594843e-06,0.020399999999999998,-0.0803554926470898,-0.0017764786863157162,stop_intrabar,False,False,False
147,PF_XBTUSD,1,0.0004,2026-06-16T06:16:00+00:00,2026-06-16T07:16:00+00:00,2026-06-16T07:16:00+00:00,66124.0,66158.0,66338.0,66304.0,26.4632,0.5860828231875707,45.15266264940627,45.18459008715731,2.6463200000000002,2.6463200000000002,0.058608282318757074,10.0,stop_risk,66032.0,66032.0,0.0904312,0.011288165662351567,0.0584,0.026492400000000003,1.9837750886593226e-05,0.0,0.027200000000000002,0.031927437750886585,0.000707099778340678,time_exit,False,False,False
148,PF_ETHUSD,1,0.018,2026-06-16T08:21:00+00:00,2026-06-16T08:50:00+00:00,2026-06-16T08:51:00+00:00,1776.4,1777.5,1793.0,1791.9,31.994999999999997,0.708095391333291,45.18459008715731,45.41137616131872,3.1995,3.1995,0.0708095391333291,10.0,stop_risk,1774.8,1774.8,0.10036079999999917,0.011296147521789328,0.2592000000000016,0.032124599999999996,-0.00028932583855986954,9.644194618662321e-06,0.03959999999999672,0.22678607416144173,0.005019102170098042,target_intrabar,False,False,True
149,PF_ETHUSD,1,0.01,2026-06-16T08:56:00+00:00,2026-06-16T09:00:00+00:00,2026-06-16T09:01:00+00:00,1805.1,1806.3,1799.8,1798.6,18.063,0.3977637659742629,45.41137616131872,45.31632599456062,1.8063,1.8063,0.03977637659742629,10.0,stop_risk,1799.8,1799.8,0.09502450000000046,0.011352844040329681,-0.07700000000000046,0.0180245,-2.5666758107360818e-05,4.235214510333434e-06,0.02400000000000091,-0.09505016675810782,-0.0020930915288815068,stop_intrabar,False,False,False
150,PF_XBTUSD,-1,0.0003,2026-06-16T11:41:00+00:00,2026-06-16T12:07:00+00:00,2026-06-16T12:08:00+00:00,66350.0,66316.0,66478.0,66512.0,19.894799999999996,0.43902058614345735,45.31632599456062,45.237653123442236,1.9894799999999997,1.9894799999999997,0.043902058614345735,10.0,stop_risk,66478.0,66478.0,0.0787242,0.011329081498640156,-0.0588,0.019924199999999996,5.1328881680100145e-05,3.498630664758235e-06,0.020399999999999998,-0.0786728711183199,-0.0017360822924559927,stop_intrabar,False,False,False
151,PF_ETHUSD,1,0.006,2026-06-16T12:16:00+00:00,2026-06-16T13:08:00+00:00,2026-06-16T13:09:00+00:00,1814.2,1815.3,1802.2,1801.1,10.8918,0.24076845830792776,45.237653123442236,45.141415461023364,1.08918,1.08918,0.024076845830792778,10.0,stop_risk,1802.2,1802.2,0.09604920000000026,0.01130941328086056,-0.08520000000000028,0.0108492,-0.00018846241893809502,2.3962964408250605e-06,0.013200000000000272,-0.09623766241893837,-0.0021273796444817744,stop_intrabar,False,False,False
152,PF_ETHUSD,-1,0.006,2026-06-16T14:26:00+00:00,2026-06-16T15:26:00+00:00,2026-06-16T15:26:00+00:00,1778.9,1777.8,1779.8,1780.9,10.6668,0.23629741980975494,45.141415461023364,45.112110567947084,1.06668,1.06668,0.023629741980975495,10.0,stop_risk,1790.3,1790.3,0.09230760000000082,0.011285353865255842,-0.018600000000000817,0.0106761,-2.879307631869797e-05,0.0,0.013200000000001638,-0.029304893076319515,-0.0006491797560407108,time_exit,False,False,False
153,PF_ETHUSD,1,0.008,2026-06-16T17:56:00+00:00,2026-06-16T18:56:00+00:00,2026-06-16T18:56:00+00:00,1794.7,1795.8,1797.6,1796.5,14.3664,0.3184599394515487,45.112110567947084,45.10325772417401,1.4366400000000001,1.4366400000000001,0.031845993945154874,10.0,stop_risk,1787.1,1787.1,0.09272719999999965,0.011278027641986772,0.005600000000000364,0.0143692,-8.364377310230637e-05,0.0,0.017599999999998544,-0.008852843773101943,-0.0001962409575089142,time_exit,False,False,False
154,PF_XBTUSD,1,0.0004,2026-06-16T21:01:00+00:00,2026-06-16T21:18:00+00:00,2026-06-16T21:19:00+00:00,65811.0,65845.0,65695.0,65661.0,26.338,0.5839489502303425,45.10325772417401,45.003203406018415,2.6338000000000004,2.6338000000000004,0.058394895023034264,9.999999999999998,stop_risk,65695.0,65695.0,0.0999012,0.011275814431043502,-0.0736,0.026301200000000004,-0.00015311815562835254,8.506564201575145e-06,0.027200000000000002,-0.10005431815562835,-0.0022183390558505535,stop_intrabar,False,False,False
155,PF_XBTUSD,-1,0.0003,2026-06-17T01:26:00+00:00,2026-06-17T01:40:00+00:00,2026-06-17T01:41:00+00:00,65497.0,65463.0,65658.0,65692.0,19.6389,0.43638893486799274,45.003203406018415,44.9148697282954,1.9638900000000001,1.9638900000000001,0.04363889348679928,9.999999999999998,stop_risk,65658.0,65658.0,0.08837324999999999,0.011250800851504605,-0.0687,0.01967325,3.9572277038783055e-05,2.826591217055932e-06,0.020399999999999998,-0.0883336777229612,-0.001962830888415114,stop_intrabar,False,False,False
156,PF_XBTUSD,1,0.0004,2026-06-17T02:31:00+00:00,2026-06-17T02:33:00+00:00,2026-06-17T02:34:00+00:00,66004.0,66038.0,65890.0,65856.0,26.415200000000002,0.588117034732464,44.9148697282954,44.81568511443496,2.6415200000000003,2.6415200000000003,0.0588117034732464,10.0,stop_risk,65890.0,65890.0,0.09917880000000001,0.011228717432073852,-0.0728,0.0263788,-5.8138604273337725e-06,1.937953475777924e-06,0.027200000000000002,-0.09918461386042735,-0.002208280118820943,stop_intrabar,False,False,False
157,PF_XBTUSD,1,0.0004,2026-06-17T04:46:00+00:00,2026-06-17T05:08:00+00:00,2026-06-17T05:09:00+00:00,65864.0,65898.0,65778.0,65744.0,26.3592,0.5881690736779521,44.81568511443496,44.727817461993766,2.6359200000000005,2.6359200000000005,0.058816907367795226,9.999999999999998,stop_risk,65778.0,65778.0,0.0879284,0.011203921278608742,-0.0616,0.026328400000000002,6.074755875746468e-05,2.0132047562523688e-06,0.027200000000000002,-0.08786765244124253,-0.001960645078098799,stop_intrabar,False,False,False
158,PF_ETHUSD,-1,0.008,2026-06-17T08:41:00+00:00,2026-06-17T09:19:00+00:00,2026-06-17T09:20:00+00:00,1761.7,1760.6,1770.1,1771.2,14.0848,0.31490022986183425,44.727817461993766,44.62890313645863,1.40848,1.40848,0.03149002298618342,10.0,stop_risk,1770.1,1770.1,0.09892720000000109,0.011181954365498443,-0.0848000000000011,0.0141272,1.2874464870723705e-05,1.969983528533333e-06,0.017600000000002183,-0.09891432553513038,-0.002211472214560438,stop_intrabar,False,False,False
159,PF_XBTUSD,-1,0.0002,2026-06-17T11:06:00+00:00,2026-06-17T11:46:00+00:00,2026-06-17T11:47:00+00:00,64565.0,64532.0,64784.0,64817.0,12.906400000000001,0.2891937532172148,44.62890313645863,44.55882591568333,1.2906400000000002,1.2906400000000002,0.028919375321721483,10.0,stop_risk,64784.0,64784.0,0.0699349,0.011157225784114658,-0.057,0.012934900000000001,-0.00014232077526414615,3.471238421076734e-06,0.0132,-0.07007722077526414,-0.0015702205487998213,stop_intrabar,False,False,False
160,PF_ETHUSD,-1,0.009,2026-06-17T12:31:00+00:00,2026-06-17T12:39:00+00:00,2026-06-17T12:40:00+00:00,1746.1,1744.9,1752.5,1753.6,15.7041,0.35243522865068677,44.55882591568333,44.46477828498612,1.57041,1.57041,0.035243522865068676,10.0,stop_risk,1752.5,1752.5,0.09494369999999958,0.011139706478920833,-0.07829999999999836,0.01574325,-4.380697193850793e-06,4.867441326500881e-07,0.020699999999997543,-0.09404763069719221,-0.002110639783802974,stop_intrabar,False,False,False
161,PF_XBTUSD,1,0.0004,2026-06-17T12:51:00+00:00,2026-06-17T13:25:00+00:00,2026-06-17T13:26:00+00:00,64936.0,64969.0,64820.0,64787.0,25.9876,0.5844536058054498,44.46477828498612,44.36610771749995,2.5987600000000004,2.5987600000000004,0.05844536058054499,9.999999999999998,stop_risk,64820.0,64820.0,0.0987512,0.01111619457124653,-0.0728,0.0259512,8.063251385089485e-05,1.6456519155587444e-06,0.0264,-0.09867056748614912,-0.002219072517437156,stop_intrabar,False,False,False
162,PF_XBTUSD,1,0.0003,2026-06-17T13:46:00+00:00,2026-06-17T14:40:00+00:00,2026-06-17T14:41:00+00:00,65227.0,65261.0,65036.0,65002.0,19.5783,0.44128955653861546,44.36610771749995,44.26895336046879,1.95783,1.95783,0.04412895565386155,10.0,stop_risk,65036.0,65036.0,0.09723944999999999,0.01109152692937499,-0.07769999999999999,0.01953945,8.50929687440378e-05,1.6953405907667753e-06,0.020399999999999998,-0.09715435703125595,-0.002189832780686641,stop_intrabar,False,False,False
163,PF_XBTUSD,1,0.0002,2026-06-17T15:46:00+00:00,2026-06-17T16:28:00+00:00,2026-06-17T16:29:00+00:00,65436.0,65470.0,66679.0,66643.0,13.094000000000001,0.2957829134422829,44.26895336046879,44.490305091352894,1.3094000000000001,1.3094000000000001,0.029578291344228295,10.0,stop_risk,65173.0,65173.0,0.07926090000000001,0.011067238340117198,0.2346,0.0132113,-3.696911598146983e-05,1.2670417631388159e-06,0.014,0.22135173088401852,0.005000157312995811,target_intrabar,False,False,True
164,PF_ETHUSD,-1,0.004,2026-06-17T19:36:00+00:00,2026-06-17T20:36:00+00:00,2026-06-17T20:36:00+00:00,1739.4,1738.3,1741.8,1742.8,6.9532,0.15628573429026493,44.490305091352894,44.46533194530222,0.69532,0.69532,0.015628573429026495,9.999999999999998,stop_risk,1757.9,1757.9,0.08979460000000018,0.011122576272838225,-0.018000000000000002,0.0069622,-1.0946050697e-05,0.0,0.008400000000000546,-0.024973146050697,-0.0005613165834538358,time_exit,False,False,False
165,PF_XBTUSD,1,0.0002,2026-06-17T23:26:00+00:00,2026-06-18T00:26:00+00:00,2026-06-18T00:26:00+00:00,64476.0,64511.0,64510.0,64477.0,12.9022,0.2901631323897746,44.46533194530222,44.44553405917792,1.2902200000000001,1.2902200000000001,0.02901631323897746,10.0,stop_risk,64256.0,64256.0,0.0708732,0.011116332986325556,-0.0068000000000000005,0.012898800000000002,-9.908612426719166e-05,0.0,0.013600000000000001,-0.019797886124267194,-0.00044524318740318884,time_exit,False,False,False
166,PF_XBTUSD,1,0.0004,2026-06-18T01:16:00+00:00,2026-06-18T01:45:00+00:00,2026-06-18T01:46:00+00:00,64646.0,64679.0,64536.0,64503.0,25.8716,0.5820967291236219,44.44553405917792,44.349220838921525,2.5871600000000003,2.5871600000000003,0.05820967291236219,9.999999999999998,stop_risk,64536.0,64536.0,0.09623640000000001,0.011111383514794482,-0.0704,0.025836400000000002,-7.682025629027096e-05,2.5606752096756986e-06,0.0264,-0.09631322025629027,-0.002166994329015195,stop_intrabar,False,False,False
167,PF_XBTUSD,-1,0.0004,2026-06-18T03:31:00+00:00,2026-06-18T04:11:00+00:00,2026-06-18T04:12:00+00:00,64305.0,64270.0,63619.0,63652.0,25.708000000000002,0.579671965227364,44.349220838921525,44.570980280392256,2.5708,2.5708,0.057967196522736394,10.0,stop_risk,64371.0,64371.0,0.08013520000000002,0.011087305209730383,0.2472,0.0255844,0.0001438414708116688,4.801318347958754e-06,0.027200000000000002,0.22175944147081167,0.005000300733044499,target_intrabar,False,False,True
168,PF_XBTUSD,-1,0.0004,2026-06-18T04:16:00+00:00,2026-06-18T05:16:00+00:00,2026-06-18T05:16:00+00:00,63969.0,63936.0,63884.0,63917.0,25.5744,0.5737903864602847,44.570980280392256,44.55330839801565,2.55744,2.55744,0.057379038646028474,10.0,stop_risk,64086.0,64086.0,0.09881100000000001,0.011142745070098065,0.0076,0.0255706,0.0002987176234205852,0.0,0.0264,-0.017671882376579413,-0.0003964885283071429,time_exit,False,False,False
169,PF_XBTUSD,1,0.0004,2026-06-18T06:51:00+00:00,2026-06-18T07:51:00+00:00,2026-06-18T07:51:00+00:00,64027.0,64060.0,64403.0,64370.0,25.624000000000002,0.575131251109093,44.55330839801565,44.65130525336071,2.5624000000000002,2.5624000000000002,0.0575131251109093,10.0,stop_risk,63920.0,63920.0,0.09478940000000001,0.011138327099503914,0.124,0.025686,-0.0003171446547930242,0.0,0.0264,0.09799685534520697,0.0021995416023823638,time_exit,False,False,False
170,PF_XBTUSD,-1,0.0004,2026-06-18T10:11:00+00:00,2026-06-18T10:53:00+00:00,2026-06-18T10:54:00+00:00,64000.0,63967.0,64116.0,64149.0,25.5868,0.5730358800222126,44.65130525336071,44.552714986604784,2.5586800000000003,2.5586800000000003,0.05730358800222127,9.999999999999998,stop_risk,64116.0,64116.0,0.0984232,0.01116282631334018,-0.0728,0.0256232,-0.0001670667558690016,3.885273392302365e-06,0.0264,-0.098590266755869,-0.0022080041377614272,stop_intrabar,False,False,False
171,PF_ETHUSD,-1,0.014,2026-06-18T13:46:00+00:00,2026-06-18T13:49:00+00:00,2026-06-18T13:50:00+00:00,1731.8,1730.8,1735.1,1736.1,24.2312,0.543877068036939,44.552714986604784,44.45425685166455,2.4231200000000004,2.4231200000000004,0.054387706803693904,9.999999999999998,stop_risk,1735.1,1735.1,0.09846829999999936,0.011138178746651198,-0.07419999999999936,0.0242683,1.0165059772379576e-05,3.3883532574598586e-06,0.028,-0.098458134940227,-0.0022099244674500624,stop_intrabar,False,False,False
172,PF_ETHUSD,-1,0.005,2026-06-18T15:26:00+00:00,2026-06-18T16:26:00+00:00,2026-06-18T16:26:00+00:00,1721.4,1720.3,1685.9,1687.0,8.6015,0.19349103121218691,44.45425685166455,44.61227618573535,0.86015,0.86015,0.01934910312121869,10.0,stop_risk,1735.8,1735.8,0.09164300000000068,0.011113564212916139,0.1664999999999998,0.008518250000000002,3.758407065175001e-05,0.0,0.011000000000000228,0.15801933407065152,0.0035546502238904174,time_exit,False,False,False
173,PF_XBTUSD,1,0.0002,2026-06-18T18:26:00+00:00,2026-06-18T18:41:00+00:00,2026-06-18T18:42:00+00:00,62862.0,62894.0,62624.0,62592.0,12.578800000000001,0.28195826520104883,44.61227618573535,44.53932503111548,1.25788,1.25788,0.02819582652010488,10.0,stop_risk,62624.0,62624.0,0.0729486,0.011153069046433838,-0.0604,0.0125486,-2.554619911536666e-06,1.5966374447104166e-07,0.0128,-0.07295115461991156,-0.0016352260152831541,stop_intrabar,False,False,False
174,PF_ETHUSD,1,0.012,2026-06-18T19:36:00+00:00,2026-06-18T20:20:00+00:00,2026-06-18T20:21:00+00:00,1690.8,1691.8,1713.1,1712.1,20.3016,0.4558129245518912,44.53932503111548,44.76240126454298,2.03016,2.03016,0.04558129245518912,10.0,stop_risk,1686.7,1686.7,0.09346499999999891,0.011134831257778872,0.24359999999999946,0.0204234,-0.00010036657245049977,1.1093321525001137e-06,0.024,0.22307623342754898,0.005008522991125402,target_intrabar,False,False,True
175,PF_XBTUSD,1,0.0005,2026-06-19T00:51:00+00:00,2026-06-19T01:11:00+00:00,2026-06-19T01:12:00+00:00,62959.0,62991.0,62894.0,62862.0,31.4955,0.7036150677856529,44.76240126454298,44.66646381817235,3.14955,3.14955,0.07036150677856529,10.0,stop_risk,62894.0,62894.0,0.09596325,0.011190600316135746,-0.0645,0.03146325,2.5803629344537025e-05,1.4451939177553808e-06,0.032,-0.09593744637065546,-0.002143259603158266,stop_intrabar,False,False,False
176,PF_XBTUSD,-1,0.0003,2026-06-19T03:21:00+00:00,2026-06-19T03:21:00+00:00,2026-06-19T03:22:00+00:00,62467.0,62434.0,62612.0,62645.0,18.7302,0.41933474018105954,44.66646381817235,44.58440196817236,1.8730200000000001,1.8730200000000001,0.04193347401810595,10.0,stop_risk,62612.0,62612.0,0.08206184999999999,0.011166615954543088,-0.0633,0.018761849999999997,0.0,9.948041906182283e-07,0.019799999999999998,-0.08206184999999999,-0.0018372139405092886,stop_intrabar,False,False,False
177,PF_XBTUSD,-1,0.0003,2026-06-19T07:41:00+00:00,2026-06-19T07:52:00+00:00,2026-06-19T07:53:00+00:00,62458.0,62426.0,62615.0,62647.0,18.7278,0.42005273533486637,44.58440196817236,44.499321514099464,1.87278,1.87278,0.04200527353348664,10.0,stop_risk,62615.0,62615.0,0.08506095,0.011146100492043091,-0.0663,0.01876095,-1.9504072882613744e-05,1.6253394068844785e-06,0.0192,-0.08508045407288262,-0.001908300892622028,stop_intrabar,False,False,False
178,PF_XBTUSD,-1,0.0004,2026-06-19T09:16:00+00:00,2026-06-19T10:16:00+00:00,2026-06-19T10:16:00+00:00,62397.0,62365.0,62454.0,62487.0,24.946,0.5605928169510617,44.499321514099464,44.42529523399374,2.4946,2.4946,0.05605928169510617,10.0,stop_risk,62500.0,62500.0,0.0917794,0.011124830378524866,-0.0488,0.024970400000000004,-0.0002558801056489172,0.0,0.026000000000000002,-0.07402628010564893,-0.0016635372762300196,time_exit,False,False,False
179,PF_XBTUSD,1,0.0003,2026-06-19T11:31:00+00:00,2026-06-19T12:16:00+00:00,2026-06-19T12:17:00+00:00,62596.0,62628.0,62451.0,62419.0,18.7884,0.42292121866695725,44.42529523399374,44.344086256921365,1.87884,1.87884,0.04229212186669573,10.0,stop_risk,62451.0,62451.0,0.08145705,0.011106323808498436,-0.06269999999999999,0.01875705,0.000248072927620871,4.8430199135e-06,0.0192,-0.08120897707237913,-0.0018279895866677085,stop_intrabar,False,False,False
180,PF_XBTUSD,1,0.0003,2026-06-19T13:01:00+00:00,2026-06-19T13:45:00+00:00,2026-06-19T13:46:00+00:00,62771.0,62803.0,63638.0,63605.0,18.840899999999998,0.4248796534184815,44.344086256921365,44.56594953736064,1.8840899999999998,1.8840899999999998,0.04248796534184815,10.0,stop_risk,62585.0,62585.0,0.0938034,0.011086021564230343,0.24059999999999998,0.018961199999999998,0.00022448043916045005,5.101828162737499e-06,0.0195,0.22186328043916045,0.0050032213800443644,target_intrabar,False,False,True
181,PF_XBTUSD,1,0.0003,2026-06-19T13:51:00+00:00,2026-06-19T14:23:00+00:00,2026-06-19T14:24:00+00:00,63175.0,63208.0,62972.0,62940.0,18.9624,0.42549076586157764,44.56594953736064,44.466777370219305,1.89624,1.89624,0.042549076586157766,10.0,stop_risk,62972.0,62972.0,0.0993222,0.01114148738434016,-0.0804,0.0189222,0.00015003285864809,4.5268002253674995e-06,0.0195,-0.09917216714135191,-0.00222529011882073,stop_intrabar,False,False,False
182,PF_XBTUSD,-1,0.0004,2026-06-19T17:06:00+00:00,2026-06-19T17:18:00+00:00,2026-06-19T17:19:00+00:00,62920.0,62888.0,63023.0,63056.0,25.1552,0.5657077370497097,44.466777370219305,44.374329476556106,2.5155200000000004,2.5155200000000004,0.05657077370497097,9.999999999999998,stop_risk,63023.0,63023.0,0.09238880000000001,0.011116694342554828,-0.06720000000000001,0.025188800000000004,-5.909366322657595e-05,4.545666402044304e-06,0.026000000000000002,-0.09244789366322659,-0.0020790329124489608,stop_intrabar,False,False,False
183,PF_XBTUSD,1,0.0003,2026-06-19T20:56:00+00:00,2026-06-19T21:54:00+00:00,2026-06-19T21:55:00+00:00,63138.0,63171.0,63013.0,62980.0,18.9513,0.42707800260987316,44.374329476556106,44.2985581270318,1.89513,1.89513,0.04270780026098731,10.0,stop_risk,63013.0,63013.0,0.07622264999999999,0.011093582369139028,-0.0573,0.01892265,0.0004513004756267615,7.851554392228749e-06,0.019799999999999998,-0.07577134952437323,-0.0017075491712929393,stop_intrabar,False,False,False
184,PF_ETHUSD,-1,0.014,2026-06-20T02:26:00+00:00,2026-06-20T03:18:00+00:00,2026-06-20T03:19:00+00:00,1703.9,1702.8,1706.7,1707.7,23.839199999999998,0.5381484411216734,44.2985581270318,44.20606570412932,2.38392,2.38392,0.05381484411216734,10.0,stop_risk,1706.7,1706.7,0.0938742,0.01107463953175795,-0.06860000000000127,0.0238735,-1.8922902536713527e-05,2.0398980721875e-06,0.02940000000000191,-0.092492422902538,-0.0020879330346893934,stop_intrabar,False,False,False
185,PF_ETHUSD,1,0.014,2026-06-20T04:26:00+00:00,2026-06-20T05:10:00+00:00,2026-06-20T05:11:00+00:00,1709.4,1710.4,1729.0,1728.0,23.945600000000002,0.5416813194883169,44.20606570412932,44.428456060677796,2.3945600000000002,2.3945600000000002,0.05416813194883169,10.0,stop_risk,1706.4,1706.4,0.09391060000000001,0.011051516426032332,0.24639999999999873,0.0240688,5.915654858997533e-05,1.1197811328473553e-06,0.028,0.2223903565485887,0.005030765642820258,target_intrabar,False,False,True
186,PF_XBTUSD,1,0.0004,2026-06-20T05:16:00+00:00,2026-06-20T05:28:00+00:00,2026-06-20T05:29:00+00:00,63726.0,63759.0,63634.0,63601.0,25.503600000000002,0.5740375034677926,44.428456060677796,44.339879881999195,2.5503600000000004,2.5503600000000004,0.05740375034677927,10.0,stop_risk,63634.0,63634.0,0.088672,0.01110711401516945,-0.0632,0.025472,9.582132137102004e-05,7.985110114251668e-06,0.0264,-0.08857617867862899,-0.001993681224430955,stop_intrabar,False,False,False
187,PF_XBTUSD,1,0.0004,2026-06-20T07:31:00+00:00,2026-06-20T07:54:00+00:00,2026-06-20T07:55:00+00:00,63737.0,63770.0,63637.0,63604.0,25.508000000000003,0.575283470949491,44.339879881999195,44.24812049555099,2.5508000000000006,2.5508000000000006,0.057528347094949105,9.999999999999998,stop_risk,63637.0,63637.0,0.0918748,0.011084969970499799,-0.0664,0.025474800000000002,0.00011541355176336606,5.017980511450697e-06,0.0264,-0.09175938644823664,-0.0020694550073756175,stop_intrabar,False,False,False
188,PF_ETHUSD,1,0.015,2026-06-20T09:46:00+00:00,2026-06-20T10:36:00+00:00,2026-06-20T10:37:00+00:00,1727.0,1728.0,1724.5,1723.5,25.919999999999998,0.585787593003101,44.24812049555099,44.1543070125744,2.592,2.592,0.05857875930031011,9.999999999999998,stop_risk,1724.5,1724.5,0.09338624999999999,0.011062030123887748,-0.0675,0.02588625,-0.00042723297670914086,7.80075088114569e-06,0.03,-0.09381348297670915,-0.002120168764821136,stop_intrabar,False,False,False
189,PF_ETHUSD,-1,0.01,2026-06-20T13:26:00+00:00,2026-06-20T14:26:00+00:00,2026-06-20T14:26:00+00:00,1712.7,1711.7,1711.1,1712.1,17.117,0.3876632011261182,44.1543070125744,44.13322585438967,1.7117000000000002,1.7117000000000002,0.03876632011261182,10.0,stop_risk,1718.2,1718.2,0.09215450000000001,0.011038576753143601,-0.003999999999998636,0.017119,3.784181518278107e-05,0.0,0.02,-0.021081158184815853,-0.0004774428501122732,time_exit,False,False,False
190,PF_XBTUSD,1,0.0004,2026-06-20T22:31:00+00:00,2026-06-20T23:31:00+00:00,2026-06-20T23:31:00+00:00,64200.0,64233.0,64216.0,64183.0,25.6932,0.5821736232191703,44.13322585438967,44.087185842990564,2.5693200000000003,2.5693200000000003,0.05821736232191704,10.0,stop_risk,64124.0,64124.0,0.0824648,0.011033306463597419,-0.02,0.025683200000000003,-0.00035681139892882255,0.0,0.0264,-0.046040011398928826,-0.0010432052157444889,time_exit,False,False,False
191,PF_ETHUSD,-1,0.015,2026-06-21T05:01:00+00:00,2026-06-21T05:30:00+00:00,2026-06-21T05:31:00+00:00,1731.1,1730.0,1733.6,1734.6,25.95,0.588606405780055,44.087185842990564,43.992308931243244,2.595,2.595,0.0588606405780055,9.999999999999998,stop_risk,1733.6,1733.6,0.09648525000000069,0.011021796460747642,-0.06899999999999863,0.0259845,0.00010758825274486872,3.709939749823061e-06,0.03149999999999863,-0.09487691174725377,-0.0021520292105997115,stop_intrabar,False,False,False
192,PF_XBTUSD,-1,0.0005,2026-06-21T08:16:00+00:00,2026-06-21T09:16:00+00:00,2026-06-21T09:16:00+00:00,64037.0,64004.0,63895.0,63928.0,32.002,0.7274453370932811,43.992308931243244,43.99847488790928,3.2002000000000006,3.2002000000000006,0.07274453370932812,9.999999999999998,stop_risk,64103.0,64103.0,0.098035,0.010998077232810812,0.038,0.031983000000000004,0.0001489566661256641,0.0,0.033,0.006165956666125658,0.0001401598783042417,time_exit,False,False,False
193,PF_XBTUSD,1,0.0004,2026-06-21T10:16:00+00:00,2026-06-21T11:16:00+00:00,2026-06-21T11:16:00+00:00,64187.0,64220.0,64275.0,64242.0,25.688000000000002,0.5838384186143467,43.99847488790928,43.98153944907263,2.5688000000000004,2.5688000000000004,0.05838384186143468,10.0,stop_risk,64101.0,64101.0,0.08645760000000001,0.010999618721977321,0.0088,0.0256924,-4.3038836657250605e-05,0.0,0.0264,-0.01693543883665725,-0.0003849096787968686,time_exit,False,False,False
194,PF_XBTUSD,-1,0.0003,2026-06-21T12:21:00+00:00,2026-06-21T12:57:00+00:00,2026-06-21T12:58:00+00:00,63942.0,63908.0,64126.0,64159.0,19.1724,0.43591925703738094,43.98153944907263,43.88686110616995,1.91724,1.91724,0.04359192570373809,10.0,stop_risk,64126.0,64126.0,0.09511034999999998,0.010995384862268157,-0.07529999999999999,0.01921005,-0.00016829290270611503,4.548456829894999e-06,0.0201,-0.09467834290270612,-0.002152683696129751,stop_intrabar,False,False,False
195,PF_ETHUSD,1,0.013,2026-06-21T15:06:00+00:00,2026-06-21T16:06:00+00:00,2026-06-21T16:06:00+00:00,1728.1,1729.2,1726.9,1725.9,22.479599999999998,0.5122170835051961,43.88686110616995,43.821620072388846,2.24796,2.24796,0.05122170835051962,10.0,stop_risk,1724.8,1724.8,0.09394385,0.01097171527654249,-0.042899999999999404,0.022458150000000003,0.00011711621903106735,0.0,0.02730000000000177,-0.06524103378096834,-0.0014865732507763298,time_exit,False,False,False
196,PF_XBTUSD,-1,0.0005,2026-06-21T18:11:00+00:00,2026-06-21T18:31:00+00:00,2026-06-21T18:32:00+00:00,63933.0,63900.0,63999.0,64032.0,31.95,0.7290921683685326,43.821620072388846,43.72355591586308,3.1950000000000003,3.1950000000000003,0.07290921683685328,9.999999999999998,stop_risk,63999.0,63999.0,0.097983,0.010955405018097213,-0.066,0.031983,-8.115652575362879e-05,3.864596464458512e-06,0.033,-0.09806415652575363,-0.0022378030835866324,stop_intrabar,False,False,False
197,PF_ETHUSD,1,0.012,2026-06-21T18:41:00+00:00,2026-06-21T19:41:00+00:00,2026-06-21T19:41:00+00:00,1732.3,1733.3,1733.3,1732.3,20.7996,0.47570696308471616,43.72355591586308,43.69106114165246,2.0799600000000003,2.0799600000000003,0.04757069630847162,10.0,stop_risk,1728.1,1728.1,0.09516240000000055,0.010930888978965771,-0.012,0.020793600000000002,0.0002988257893762716,0.0,0.024,-0.03249477421062374,-0.0007431869053183413,time_exit,False,False,False
198,PF_XBTUSD,-1,0.0004,2026-06-21T20:41:00+00:00,2026-06-21T21:10:00+00:00,2026-06-21T21:11:00+00:00,63925.0,63892.0,63248.0,63281.0,25.556800000000003,0.5849434491220372,43.69106114165246,43.90982899576539,2.5556800000000006,2.5556800000000006,0.058494344912203726,9.999999999999998,stop_risk,64013.0,64013.0,0.0871876,0.010922765285413118,0.2444,0.0254346,-0.00019754588705049724,6.32803598509097e-06,0.0264,0.2187678541129495,0.005007153600679871,target_intrabar,False,False,True
199,PF_XBTUSD,-1,0.0003,2026-06-21T23:41:00+00:00,2026-06-22T00:09:00+00:00,2026-06-22T00:10:00+00:00,63337.0,63304.0,63491.0,63524.0,18.9912,0.4325045310887339,43.90982899576539,43.82472207515907,1.89912,1.89912,0.04325045310887339,10.0,stop_risk,63491.0,63491.0,0.0850242,0.010977457248941348,-0.06599999999999999,0.019024199999999998,-8.272060634317607e-05,3.0077602906973944e-06,0.019799999999999998,-0.08510692060634317,-0.0019382202698751295,stop_intrabar,False,False,False
200,PF_XBTUSD,1,0.0001,2026-06-22T01:31:00+00:00,2026-06-22T02:31:00+00:00,2026-06-22T02:31:00+00:00,64626.0,64659.0,64459.0,64426.0,6.4659,0.1475400115238844,43.82472207515907,43.794968372954465,0.6465900000000001,0.6465900000000001,0.014754001152388441,9.999999999999998,stop_risk,64233.0,64233.0,0.05234295,0.01095618051878977,-0.0233,0.006454250000000001,5.47795297875755e-07,0.0,0.0066,-0.029753702204702127,-0.0006789250632023347,time_exit,False,False,False
201,PF_XBTUSD,-1,0.0004,2026-06-22T06:46:00+00:00,2026-06-22T07:06:00+00:00,2026-06-22T07:07:00+00:00,63960.0,63927.0,64065.0,64098.0,25.570800000000002,0.5838752932127066,43.794968372954465,43.7009481465638,2.5570800000000005,2.5570800000000005,0.05838752932127067,9.999999999999998,stop_risk,64065.0,64065.0,0.094005,0.010948742093238617,-0.0684,0.025605000000000003,-1.5226390691586665e-05,1.67699123886e-06,0.0264,-0.09402022639069159,-0.002146827132971597,stop_intrabar,False,False,False
202,PF_ETHUSD,1,0.011,2026-06-22T07:21:00+00:00,2026-06-22T08:21:00+00:00,2026-06-22T08:21:00+00:00,1743.5,1744.6,1748.0,1746.9,19.190599999999996,0.43913463697947136,43.7009481465638,43.70694762018927,1.9190599999999998,1.9190599999999998,0.04391346369794714,10.0,stop_risk,1739.0,1739.0,0.092853749999998,0.010925237036640952,0.025300000000001998,0.019203249999999998,-9.72763746086438e-05,0.0,0.024199999999997997,0.005999473625393356,0.0001372847473531325,time_exit,False,False,False
203,PF_XBTUSD,1,0.0003,2026-06-22T11:41:00+00:00,2026-06-22T12:41:00+00:00,2026-06-22T12:41:00+00:00,64545.0,64578.0,65115.0,65081.0,19.373399999999997,0.4432567601918503,43.70694762018927,43.83849770566479,1.9373399999999998,1.9373399999999998,0.04432567601918504,9.999999999999998,stop_risk,64411.0,64411.0,0.0793434,0.010926736905047318,0.15089999999999998,0.019448849999999997,9.893547557150634e-05,0.0,0.0201,0.13155008547557148,0.0030098209240950378,time_exit,False,False,False
204,PF_XBTUSD,1,0.0002,2026-06-22T13:46:00+00:00,2026-06-22T14:23:00+00:00,2026-06-22T14:24:00+00:00,65369.0,65403.0,65048.0,65014.0,13.0806,0.2983815752041551,43.83849770566479,43.74762484042536,1.3080600000000002,1.3080600000000002,0.029838157520415513,9.999999999999998,stop_risk,65048.0,65048.0,0.09084170000000001,0.010959624426416199,-0.07780000000000001,0.0130417,-3.1165239463968915e-05,1.2304537073995105e-06,0.013600000000000001,-0.09087286523946397,-0.0020729009887517523,stop_intrabar,False,False,False
205,PF_ETHUSD,-1,0.005,2026-06-22T14:31:00+00:00,2026-06-22T15:31:00+00:00,2026-06-22T15:31:00+00:00,1749.9,1748.8,1751.6,1752.7,8.744,0.1998737081588949,43.74762484042536,43.71945382613425,0.8744000000000001,0.8744000000000001,0.019987370815889492,9.999999999999998,stop_risk,1763.2,1763.2,0.08628275,0.01093690621010634,-0.019500000000000454,0.008753750000000001,8.273570894678749e-05,0.0,0.011000000000001365,-0.02817101429105367,-0.0006439438573822185,time_exit,False,False,False
206,PF_ETHUSD,-1,0.008,2026-06-22T15:56:00+00:00,2026-06-22T16:56:00+00:00,2026-06-22T16:56:00+00:00,1742.8,1741.8,1738.5,1739.5,13.9344,0.3187231033446811,43.71945382613425,43.72370301399029,1.39344,1.39344,0.031872310334468114,10.0,stop_risk,1750.0,1750.0,0.08837159999999963,0.010929863456533562,0.018399999999999635,0.0139252,-0.00022561214385804422,0.0,0.016,0.0042491878561415905,9.719215324692704e-05,time_exit,False,False,False
207,PF_ETHUSD,1,0.01,2026-06-22T18:11:00+00:00,2026-06-22T18:29:00+00:00,2026-06-22T18:30:00+00:00,1744.2,1745.3,1738.8,1737.8,17.453,0.399165642361434,43.72370301399029,43.63136812722772,1.7453,1.7453,0.0399165642361434,10.0,stop_risk,1738.8,1738.8,0.0924155,0.010930925753497573,-0.075,0.0174155,8.061323743124828e-05,4.478513190624905e-06,0.020999999999999092,-0.09233488676256875,-0.002111781034031457,stop_intrabar,False,False,False
208,PF_XBTUSD,-1,0.0004,2026-06-22T21:46:00+00:00,2026-06-22T21:56:00+00:00,2026-06-22T21:57:00+00:00,64152.0,64119.0,64221.0,64254.0,25.6476,0.5878247944279995,43.63136812722772,43.55175644911423,2.56476,2.56476,0.05878247944279995,10.0,stop_risk,64221.0,64221.0,0.0796746,0.01090784203180693,-0.054,0.0256746,6.292188649219034e-05,6.292188649219032e-06,0.0264,-0.0796116781135078,-0.0018246431760141609,stop_intrabar,False,False,False
209,PF_ETHUSD,1,0.012,2026-06-23T01:06:00+00:00,2026-06-23T01:36:00+00:00,2026-06-23T01:37:00+00:00,1730.6,1731.6,1726.4,1725.4,20.7792,0.47711508545650433,43.55175644911423,43.456473745924384,2.07792,2.07792,0.04771150854565044,9.999999999999998,stop_risk,1726.4,1726.4,0.09514199999999783,0.010887939112278559,-0.07439999999999782,0.020742000000000003,-0.00014070318978469647,4.538812573699885e-06,0.024,-0.0952827031897825,-0.0021878039132844297,stop_intrabar,False,False,False
210,PF_XBTUSD,-1,0.0004,2026-06-23T04:41:00+00:00,2026-06-23T05:41:00+00:00,2026-06-23T05:41:00+00:00,63767.0,63734.0,63407.0,63440.0,25.4936,0.5866467709518411,43.456473745924384,43.54877552489165,2.54936,2.54936,0.058664677095184116,10.0,stop_risk,63870.0,63870.0,0.0931274,0.010864118436481097,0.11760000000000001,0.0254348,0.0001365789673825091,0.0,0.0264,0.09230177896738251,0.0021240052634514356,time_exit,False,False,False
211,PF_XBTUSD,-1,0.0003,2026-06-23T08:21:00+00:00,2026-06-23T08:28:00+00:00,2026-06-23T08:29:00+00:00,62368.0,62336.0,61516.0,61548.0,18.700799999999997,0.4294219475656893,43.54877552489165,43.76655512108197,1.8700799999999997,1.8700799999999997,0.04294219475656893,10.0,stop_risk,62530.0,62530.0,0.08653469999999999,0.010887193881222914,0.23639999999999997,0.018582599999999998,-3.7803809656547506e-05,4.725476207068438e-06,0.0192,0.21777959619034343,0.0050008201967897984,target_intrabar,False,False,True
212,PF_ETHUSD,-1,0.008,2026-06-23T08:31:00+00:00,2026-06-23T09:31:00+00:00,2026-06-23T09:31:00+00:00,1645.8,1644.8,1650.3,1651.3,13.1584,0.3006496619072885,43.76655512108197,43.70103626537416,1.3158400000000001,1.3158400000000001,0.03006496619072885,10.0,stop_risk,1654.1,1654.1,0.09640000000000074,0.010941638780270494,-0.052000000000000005,0.0131844,-0.0003344557078233166,0.0,0.016,-0.06551885570782331,-0.001497007373017198,time_exit,False,False,False
213,PF_XBTUSD,-1,0.0004,2026-06-23T10:41:00+00:00,2026-06-23T11:15:00+00:00,2026-06-23T11:16:00+00:00,62227.0,62195.0,62346.0,62378.0,24.878,0.5692771184858996,43.70103626537416,43.60271033937901,2.4878,2.4878,0.05692771184858996,10.0,stop_risk,62346.0,62346.0,0.0981146,0.010925259066343541,-0.0732,0.024914600000000002,-0.00021132599520188967,4.964806765109584e-06,0.0256,-0.0983259259952019,-0.0022499678359597375,stop_intrabar,False,False,False
214,PF_ETHUSD,-1,0.012,2026-06-23T13:11:00+00:00,2026-06-23T13:31:00+00:00,2026-06-23T13:32:00+00:00,1648.7,1647.7,1652.7,1653.7,19.7724,0.4534672236221727,43.60271033937901,43.51068183226832,1.97724,1.97724,0.04534672236221727,10.0,stop_risk,1652.7,1652.7,0.09180840000000001,0.010900677584844753,-0.07200000000000001,0.019808400000000004,-0.00022010711065244997,1.048129098345e-05,0.024,-0.09202850711065247,-0.002110614372234071,stop_intrabar,False,False,False
215,PF_XBTUSD,1,0.0002,2026-06-23T14:11:00+00:00,2026-06-23T15:11:00+00:00,2026-06-23T15:11:00+00:00,62478.0,62510.0,62291.0,62259.0,12.502,0.28733174185122257,43.51068183226832,43.44805339035962,1.2502000000000002,1.2502000000000002,0.02873317418512226,9.999999999999998,stop_risk,62242.0,62242.0,0.07247200000000001,0.01087767045806708,-0.0502,0.0124769,4.8458091284941204e-05,0.0,0.0128,-0.06262844190871507,-0.001439380843309807,time_exit,False,False,False
216,PF_XBTUSD,-1,0.0003,2026-06-23T18:46:00+00:00,2026-06-23T19:03:00+00:00,2026-06-23T19:04:00+00:00,62076.0,62043.0,62204.0,62236.0,18.6129,0.4283943363991972,43.44805339035962,43.37147873612048,1.8612900000000001,1.8612900000000001,0.042839433639919725,10.0,stop_risk,62204.0,62204.0,0.076842,0.010862013347589905,-0.05789999999999999,0.01864185,-3.280423917192436e-05,9.041652282817701e-07,0.0195,-0.07657465423917192,-0.0017624415425746677,stop_intrabar,False,False,False
217,PF_ETHUSD,1,0.011,2026-06-23T20:11:00+00:00,2026-06-23T20:53:00+00:00,2026-06-23T20:54:00+00:00,1664.0,1665.1,1659.7,1658.7,18.3161,0.42230748256102346,43.37147873612048,43.28283641446757,1.83161,1.83161,0.042230748256102346,10.0,stop_risk,1659.7,1659.7,0.08978035,0.010842869684030122,-0.07039999999999849,0.0182809,3.857834698987499e-05,9.185320711875e-07,0.023099999999999,-0.08864232165300862,-0.002043792931117791,stop_intrabar,False,False,False
218,PF_XBTUSD,1,0.0004,2026-06-23T21:51:00+00:00,2026-06-23T22:35:00+00:00,2026-06-23T22:36:00+00:00,62584.0,62616.0,62471.0,62439.0,25.046400000000002,0.5786681759984676,43.28283641446757,43.18683298047198,2.50464,2.50464,0.057866817599846763,10.0,stop_risk,62471.0,62471.0,0.09581100000000001,0.010820709103616892,-0.0708,0.025011000000000002,-0.0001924339955582436,3.981256447130972e-06,0.0256,-0.09600343399555825,-0.002218048583421129,stop_intrabar,False,False,False
219,PF_ETHUSD,-1,0.015,2026-06-23T23:11:00+00:00,2026-06-23T23:25:00+00:00,2026-06-23T23:26:00+00:00,1660.7,1659.7,1663.3,1664.3,24.8955,0.5764604228158413,43.18683298047198,43.092948595249645,2.48955,2.48955,0.05764604228158413,10.0,stop_risk,1663.3,1663.3,0.09392999999999863,0.010796708245117997,-0.06899999999999863,0.024929999999999997,4.561477767525e-05,3.2581984053749997e-06,0.03,-0.09388438522232337,-0.0021739122492444763,stop_intrabar,False,False,False
220,PF_XBTUSD,1,0.0004,2026-06-24T00:16:00+00:00,2026-06-24T01:16:00+00:00,2026-06-24T01:16:00+00:00,62814.0,62846.0,62863.0,62831.0,25.1384,0.5833529804635168,43.092948595249645,43.06164340809045,2.51384,2.51384,0.05833529804635168,10.0,stop_risk,62707.0,62707.0,0.09350420000000001,0.010773237148812412,-0.006,0.025135400000000002,-0.00016978715917362612,0.0,0.0256,-0.031305187159173624,-0.000726457301708627,time_exit,False,False,False
221,PF_XBTUSD,1,0.0003,2026-06-24T05:36:00+00:00,2026-06-24T06:04:00+00:00,2026-06-24T06:05:00+00:00,62876.0,62908.0,62704.0,62672.0,18.8724,0.43826474110958435,43.06164340809045,42.971989768256705,1.88724,1.88724,0.043826474110958434,10.0,stop_risk,62704.0,62704.0,0.089637,0.010765410852022613,-0.07079999999999999,0.018837,-1.663983369790199e-05,6.858581592098953e-07,0.0192,-0.0896536398336979,-0.002081983703781582,stop_intrabar,False,False,False
222,PF_ETHUSD,-1,0.013,2026-06-24T09:36:00+00:00,2026-06-24T10:36:00+00:00,2026-06-24T10:36:00+00:00,1665.5,1664.5,1663.4,1664.4,21.6385,0.503548942385356,42.971989768256705,42.95183266349087,2.16385,2.16385,0.05035489423853559,10.0,stop_risk,1668.9,1668.9,0.09187360000000118,0.010742997442064178,0.0012999999999988175,0.02163785,0.00018074523406724053,0.0,0.026,-0.020157104765933943,-0.0004690754343617559,time_exit,False,False,False
223,PF_ETHUSD,-1,0.01,2026-06-24T11:16:00+00:00,2026-06-24T11:36:00+00:00,2026-06-24T11:37:00+00:00,1655.2,1654.1,1660.2,1661.2,16.541,0.38510580280919837,42.95183266349087,42.86428252123551,1.6541000000000001,1.6541000000000001,0.03851058028091984,10.0,stop_risk,1660.2,1660.2,0.08857700000000046,0.010737958165872717,-0.07100000000000137,0.0165765,2.6357744676249994e-05,1.3178872338125e-06,0.021000000000001365,-0.0875501422553251,-0.0020383331007373493,stop_intrabar,False,False,False
224,PF_XBTUSD,1,0.0003,2026-06-24T11:51:00+00:00,2026-06-24T11:56:00+00:00,2026-06-24T11:57:00+00:00,62954.0,63001.0,62807.0,62775.0,18.900299999999998,0.44093354392754736,42.86428252123551,42.777606962275584,1.8900299999999999,1.8900299999999999,0.04409335439275474,10.0,stop_risk,62807.0,62807.0,0.09116414999999999,0.010716070630308877,-0.0678,0.0188664,-9.158959921399377e-06,1.5264933202332295e-06,0.0237,-0.0866755589599214,-0.002022092844245818,stop_intrabar,False,False,False
225,PF_XBTUSD,-1,0.0002,2026-06-24T13:16:00+00:00,2026-06-24T14:16:00+00:00,2026-06-24T14:16:00+00:00,62005.0,61973.0,61098.0,61130.0,12.3946,0.2897450530818721,42.777606962275584,42.933859896423385,1.2394600000000002,1.2394600000000002,0.028974505308187213,9.999999999999998,stop_risk,62211.0,62211.0,0.0664216,0.010694401740568897,0.1686,0.0123103,-3.6765852194387504e-05,0.0,0.0128,0.1562529341478056,0.0036526805785466413,time_exit,False,False,False
226,PF_ETHUSD,-1,0.006,2026-06-24T15:51:00+00:00,2026-06-24T16:19:00+00:00,2026-06-24T16:20:00+00:00,1619.3,1618.3,1629.7,1630.7,9.7098,0.2261571641456089,42.933859896423385,42.849668234103085,0.97098,0.97098,0.022615716414560894,10.0,stop_risk,1629.7,1629.7,0.08414700000000054,0.010733464974105848,-0.07440000000000055,0.009746999999999999,-4.466232025128802e-05,1.4440639677e-06,0.012,-0.08419166232025183,-0.0019609618730615326,stop_intrabar,False,False,False
227,PF_XBTUSD,-1,0.0001,2026-06-24T16:56:00+00:00,2026-06-24T17:56:00+00:00,2026-06-24T17:56:00+00:00,59769.0,59738.0,59362.0,59393.0,5.973800000000001,0.1394129813879303,42.849668234103085,42.87819968645188,0.5973800000000001,0.5973800000000001,0.013941298138793029,9.999999999999998,stop_risk,60182.0,60182.0,0.053497550000000005,0.010712417058525771,0.0345,0.0059565500000000006,-1.1997651011211333e-05,0.0,0.006200000000000001,0.02853145234898879,0.0006658500176270035,time_exit,False,False,False
228,PF_ETHUSD,1,0.006,2026-06-24T20:11:00+00:00,2026-06-24T21:11:00+00:00,2026-06-24T21:11:00+00:00,1608.5,1609.5,1608.8,1607.8,9.657,0.22521934387677425,42.87819968645188,42.85808875438917,0.9657,0.9657,0.022521934387677425,10.0,stop_risk,1596.5,1596.5,0.093615,0.01071954992161297,-0.010200000000000273,0.009651900000000001,-0.00025903206282353963,0.0,0.012,-0.020110932062823817,-0.00046902463745879285,time_exit,False,False,False
229,PF_XBTUSD,1,0.0004,2026-06-25T04:46:00+00:00,2026-06-25T05:07:00+00:00,2026-06-25T05:08:00+00:00,60897.0,60928.0,61558.0,61526.0,24.3712,0.5686487827225871,42.85808875438917,43.072764834318356,2.43712,2.43712,0.05686487827225871,10.0,stop_risk,60788.0,60788.0,0.092737,0.010714522188597295,0.23920000000000002,0.0244908,-3.3120070795188134e-05,2.3836325174165306e-06,0.0252,0.21467607992920484,0.005008997978408906,target_intrabar,False,False,True
230,PF_XBTUSD,1,0.0004,2026-06-25T05:11:00+00:00,2026-06-25T05:11:00+00:00,2026-06-25T05:12:00+00:00,61507.0,61540.0,61416.0,61383.0,24.616,0.5714980242082609,43.072764834318356,42.985377850685836,2.4616000000000002,2.4616000000000002,0.057149802420826096,9.999999999999998,stop_risk,61416.0,61416.0,0.0873846,0.01076819120857959,-0.06280000000000001,0.024584599999999998,-2.3836325174165306e-06,2.3836325174165306e-06,0.0264,-0.08738698363251743,-0.0020288222492485923,stop_intrabar,False,False,False
231,PF_XBTUSD,1,0.0004,2026-06-25T07:46:00+00:00,2026-06-25T08:07:00+00:00,2026-06-25T08:08:00+00:00,61800.0,61832.0,61700.0,61668.0,24.7328,0.5753770523062969,42.985377850685836,42.89505697046154,2.4732800000000004,2.4732800000000004,0.0575377052306297,9.999999999999998,stop_risk,61700.0,61700.0,0.0903,0.01074634446267146,-0.0656,0.0247,-2.0880224304294468e-05,8.412103520625001e-07,0.0256,-0.0903208802243043,-0.002101200099672108,stop_intrabar,False,False,False
232,PF_XBTUSD,-1,0.0004,2026-06-25T10:31:00+00:00,2026-06-25T11:31:00+00:00,2026-06-25T11:31:00+00:00,61482.0,61450.0,61190.0,61222.0,24.580000000000002,0.5730263982846863,42.89505697046154,42.96153781741744,2.458,2.458,0.05730263982846863,10.0,stop_risk,61574.0,61574.0,0.0870112,0.010723764242615386,0.0912,0.0245344,-0.00018475304396787292,0.0,0.0256,0.06648084695603214,0.0015498486690858641,time_exit,False,False,False
233,PF_XBTUSD,-1,0.0001,2026-06-25T13:41:00+00:00,2026-06-25T13:55:00+00:00,2026-06-25T13:56:00+00:00,60397.0,60365.0,58121.0,58157.0,6.0365,0.1405094022857042,42.96153781741744,43.17640372920841,0.60365,0.60365,0.014050940228570417,10.0,stop_risk,60942.0,60942.0,0.06696695,0.01074038445435436,0.22080000000000002,0.0059261,-7.988208997415623e-06,5.32547266494375e-07,0.0068000000000000005,0.21486591179100262,0.005001355228580571,target_intrabar,False,False,True
234,PF_XBTUSD,-1,0.0001,2026-06-25T14:01:00+00:00,2026-06-25T14:02:00+00:00,2026-06-25T14:03:00+00:00,58519.0,58486.0,58927.0,58960.0,5.8486,0.1354582479050584,43.17640372920841,43.12312965209077,0.58486,0.58486,0.01354582479050584,10.0,stop_risk,58927.0,58927.0,0.0532723,0.010794100932302104,-0.047400000000000005,0.0058723000000000004,-1.7771176430700003e-06,8.885588215350002e-07,0.0066,-0.05327407711764307,-0.0012338701817725427,stop_intrabar,False,False,False
235,PF_XBTUSD,-1,0.0002,2026-06-25T19:16:00+00:00,2026-06-25T20:01:00+00:00,2026-06-25T20:02:00+00:00,59165.0,59134.0,59424.0,59455.0,11.8268,0.2742565322929106,43.12312965209077,43.04709859091114,1.1826800000000002,1.1826800000000002,0.02742565322929106,9.999999999999998,stop_risk,59424.0,59424.0,0.0760589,0.010780782413022693,-0.06420000000000001,0.0118589,2.7838820260744036e-05,1.07465351983e-06,0.012400000000000001,-0.07603106117973926,-0.0017631155668232674,stop_intrabar,False,False,False
236,PF_ETHUSD,1,0.01,2026-06-25T21:41:00+00:00,2026-06-25T22:20:00+00:00,2026-06-25T22:21:00+00:00,1571.1,1572.1,1565.6,1564.6,15.721,0.36520463665626224,43.04709859091114,42.956282213140305,1.5721,1.5721,0.036520463665626224,10.0,stop_risk,1565.6,1565.6,0.09068350000000001,0.010761774647727786,-0.075,0.0156835,-0.00013287777072023944,2.641361565833245e-06,0.02,-0.09081637777072024,-0.002109697999249013,stop_intrabar,False,False,False
237,PF_XBTUSD,-1,0.0003,2026-06-26T01:11:00+00:00,2026-06-26T02:11:00+00:00,2026-06-26T02:11:00+00:00,59483.0,59452.0,59250.0,59281.0,17.8356,0.41520352975388775,42.956282213140305,42.989596270255596,1.78356,1.78356,0.04152035297538877,10.0,stop_risk,59629.0,59629.0,0.08026679999999999,0.010739070553285077,0.0513,0.017809949999999998,-0.0001759928847684578,0.0,0.0186,0.033314057115231534,0.0007755339940717863,time_exit,False,False,False
238,PF_XBTUSD,-1,0.0001,2026-06-26T02:21:00+00:00,2026-06-26T02:30:00+00:00,2026-06-26T02:31:00+00:00,58501.0,58469.0,58901.0,58931.0,5.846900000000001,0.13600732519661873,42.989596270255596,42.93750862675727,0.58469,0.58469,0.013600732519661873,10.0,stop_risk,58901.0,58901.0,0.05227010000000001,0.0107473990675639,-0.046200000000000005,0.00587,-1.7643498326387503e-05,1.76434983263875e-06,0.006200000000000001,-0.05208764349832639,-0.0012116336978573979,stop_intrabar,False,False,False
239,PF_XBTUSD,1,0.0001,2026-06-26T03:46:00+00:00,2026-06-26T04:46:00+00:00,2026-06-26T04:46:00+00:00,59594.0,59625.0,59870.0,59839.0,5.9625,0.1388646009210782,42.93750862675727,42.95300747357488,0.5962500000000001,0.5962500000000001,0.01388646009210782,10.0,stop_risk,59053.0,59053.0,0.06623235,0.010734377156689318,0.021400000000000002,0.0059732000000000006,7.204681767976546e-05,0.0,0.006200000000000001,0.015498846817679766,0.0003609628810187041,time_exit,False,False,False
240,PF_XBTUSD,1,0.0002,2026-06-26T06:46:00+00:00,2026-06-26T07:46:00+00:00,2026-06-26T07:46:00+00:00,60269.0,60303.0,60445.0,60414.0,12.0606,0.2807859265132902,42.95300747357488,42.96326620799567,1.2060600000000001,1.2060600000000001,0.02807859265132902,10.0,stop_risk,60069.0,60069.0,0.0656338,0.01073825186839372,0.0222,0.012071700000000001,0.0001304344207751385,0.0,0.013000000000000001,0.01025873442077514,0.00023883623113204395,time_exit,False,False,False
241,PF_ETHUSD,-1,0.008,2026-06-26T08:56:00+00:00,2026-06-26T09:56:00+00:00,2026-06-26T09:56:00+00:00,1560.9,1559.9,1553.5,1554.4,12.4792,0.29046208776551447,42.96326620799567,42.99475394279948,1.2479200000000001,1.2479200000000001,0.02904620877655145,10.0,stop_risk,1568.8,1568.8,0.0917187999999989,0.010740816551998919,0.044,0.012457200000000002,-5.506519618511502e-05,0.0,0.015200000000000729,0.03148773480381488,0.00073289899914441,time_exit,False,False,False
242,PF_XBTUSD,-1,0.0003,2026-06-26T10:01:00+00:00,2026-06-26T11:01:00+00:00,2026-06-26T11:01:00+00:00,59642.0,59611.0,59197.0,59228.0,17.8833,0.4159414430837787,42.99475394279948,43.09160529837044,1.78833,1.78833,0.04159414430837787,10.0,stop_risk,59839.0,59839.0,0.09562214999999999,0.01074868848569987,0.11489999999999999,0.017825849999999997,-0.0002227944291871447,0.0,0.0186,0.09685135557081286,0.0022526319303900325,time_exit,False,False,False
243,PF_XBTUSD,1,0.0004,2026-06-26T12:36:00+00:00,2026-06-26T12:36:00+00:00,2026-06-26T12:37:00+00:00,59677.0,59708.0,59585.0,59554.0,23.883200000000002,0.5542425220557559,43.09160529837044,43.00615289837044,2.38832,2.38832,0.055424252205575585,10.0,stop_risk,59585.0,59585.0,0.0854524,0.010772901324592611,-0.0616,0.023852400000000003,0.0,2.123866937189035e-06,0.024800000000000003,-0.0854524,-0.0019830405344224084,stop_intrabar,False,False,False
244,PF_ETHUSD,-1,0.014,2026-06-26T12:46:00+00:00,2026-06-26T12:46:00+00:00,2026-06-26T12:47:00+00:00,1535.0,1533.9,1537.8,1538.9,21.474600000000002,0.4993378517429236,43.00615289837044,42.914638308897835,2.14746,2.14746,0.04993378517429236,10.0,stop_risk,1537.8,1537.8,0.09150960000000001,0.01075153822459261,-0.07,0.021509600000000004,-4.989472602858453e-06,4.989472602858453e-06,0.030800000000000636,-0.09151458947260287,-0.002127941778211705,stop_intrabar,False,False,False
245,PF_XBTUSD,-1,0.0003,2026-06-26T18:56:00+00:00,2026-06-26T19:06:00+00:00,2026-06-26T19:07:00+00:00,59579.0,59548.0,59730.0,59762.0,17.8644,0.41627753848029125,42.914638308897835,42.83256514838535,1.78644,1.78644,0.04162775384802913,10.0,stop_risk,59730.0,59730.0,0.08179634999999999,0.010728659577224459,-0.0642,0.0178965,2.3339487512237686e-05,1.701401428887599e-06,0.018899999999999997,-0.08207316051248775,-0.001912474711349737,stop_intrabar,False,False,False
246,PF_ETHUSD,1,0.01,2026-06-27T02:16:00+00:00,2026-06-27T03:07:00+00:00,2026-06-27T03:08:00+00:00,1581.8,1582.8,1576.4,1575.4,15.828,0.3695319191173089,42.83256514838535,42.74286649906935,1.5828,1.5828,0.036953191911730895,10.0,stop_risk,1576.4,1576.4,0.08979099999999864,0.010708141287096337,-0.07399999999999864,0.015791,9.23506840807228e-05,1.6264467168889768e-06,0.02,-0.08969864931591791,-0.0020941694480630297,stop_intrabar,False,False,False
247,PF_ETHUSD,-1,0.013,2026-06-27T06:11:00+00:00,2026-06-27T06:26:00+00:00,2026-06-27T06:27:00+00:00,1573.4,1572.4,1576.7,1577.7,20.4412,0.47823652633229613,42.74286649906935,42.65345619995705,2.04412,2.04412,0.047823652633229616,10.0,stop_risk,1576.7,1576.7,0.0893756499999994,0.01068571662476734,-0.0688999999999994,0.02047565,-3.464911231484263e-05,2.1655695196776638e-06,0.026,-0.08941029911231424,-0.002091818037385513,stop_intrabar,False,False,False
248,PF_XBTUSD,1,0.0003,2026-06-27T06:46:00+00:00,2026-06-27T07:06:00+00:00,2026-06-27T07:07:00+00:00,60356.0,60387.0,60234.0,60202.0,18.1161,0.42472759804206073,42.65345619995705,42.5797785666271,1.81161,1.81161,0.04247275980420607,10.0,stop_risk,60234.0,60234.0,0.07328849999999999,0.010663364049989264,-0.055499999999999994,0.018088349999999996,-8.928332990226044e-05,4.317131276496141e-06,0.018899999999999997,-0.07367763332990225,-0.0017273543551665678,stop_intrabar,False,False,False
249,PF_XBTUSD,1,0.0006,2026-06-27T08:01:00+00:00,2026-06-27T08:02:00+00:00,2026-06-27T08:03:00+00:00,60399.0,60430.0,60379.0,60348.0,36.257999999999996,0.851530966589339,42.5797785666271,42.49433045684282,3.6258,3.6258,0.08515309665893392,9.999999999999998,stop_risk,60379.0,60379.0,0.08543339999999999,0.010644944641656775,-0.049199999999999994,0.0362334,-1.470978428141626e-05,7.35489214070813e-06,0.0372,-0.08544810978428141,-0.002006776753208702,stop_intrabar,False,False,False
250,PF_XBTUSD,-1,0.0005,2026-06-27T09:21:00+00:00,2026-06-27T09:32:00+00:00,2026-06-27T09:33:00+00:00,60276.0,60245.0,60336.0,60367.0,30.122500000000002,0.7088592684285818,42.49433045684282,42.40322948244344,3.0122500000000003,3.0122500000000003,0.07088592684285819,10.0,stop_risk,60336.0,60336.0,0.09115300000000001,0.010623582614210704,-0.061,0.030153000000000003,5.202560066460625e-05,4.7296000604187504e-06,0.031,-0.09110097439933539,-0.002143838329017971,stop_intrabar,False,False,False
251,PF_ETHUSD,1,0.019,2026-06-27T13:01:00+00:00,2026-06-27T14:01:00+00:00,2026-06-27T14:01:00+00:00,1582.7,1583.7,1588.0,1587.0,30.0903,0.7096228369223276,42.40322948244344,42.43608712672846,3.00903,3.00903,0.07096228369223277,10.0,stop_risk,1581.5,1581.5,0.09085990000000085,0.010600807370610862,0.06269999999999913,0.03012165,0.0002792942850627768,0.0,0.038,0.03285764428506191,0.0007748854199576056,time_exit,False,False,False
252,PF_ETHUSD,1,0.012,2026-06-27T15:16:00+00:00,2026-06-27T15:20:00+00:00,2026-06-27T15:21:00+00:00,1603.3,1604.3,1599.2,1598.2,19.2516,0.45366105368075604,42.43608712672846,42.34366091081741,1.92516,1.92516,0.0453661053680756,10.0,stop_risk,1599.2,1599.2,0.09241499999999891,0.010609021781682116,-0.0731999999999989,0.019215000000000003,-1.1215911051125002e-05,2.2431822102250003e-06,0.024,-0.09242621591105003,-0.0021780098536190247,stop_intrabar,False,False,False
253,PF_XBTUSD,-1,0.0002,2026-06-27T19:31:00+00:00,2026-06-27T20:31:00+00:00,2026-06-27T20:31:00+00:00,60081.0,60050.0,60176.0,60207.0,12.01,0.2836315930569867,42.34366091081741,42.30014324132459,1.201,1.201,0.028363159305698674,10.0,stop_risk,60317.0,60317.0,0.0716398,0.010585915227704355,-0.031400000000000004,0.0120257,-9.196949278838867e-05,0.0,0.012400000000000001,-0.0435176694927884,-0.001027725722262032,time_exit,False,False,False
254,PF_XBTUSD,1,0.0005,2026-06-27T21:21:00+00:00,2026-06-27T21:39:00+00:00,2026-06-27T21:40:00+00:00,60290.0,60321.0,60244.0,60213.0,30.1605,0.7130117699113387,42.30014324132459,42.21609951183344,3.01605,3.01605,0.07130117699113388,10.0,stop_risk,60244.0,60244.0,0.0841335,0.010575035810331148,-0.054,0.0301335,8.977050881418748e-05,4.987250489677083e-06,0.031,-0.08404372949118581,-0.001986842668870217,stop_intrabar,False,False,False
255,PF_ETHUSD,-1,0.01,2026-06-27T22:01:00+00:00,2026-06-27T22:37:00+00:00,2026-06-27T22:38:00+00:00,1571.3,1570.3,1576.7,1577.7,15.703,0.3719670974244873,42.21609951183344,42.12642699668584,1.5703,1.5703,0.03719670974244873,10.0,stop_risk,1576.7,1576.7,0.08974000000000092,0.010554024877958361,-0.07400000000000091,0.01574,6.748485242850001e-05,1.8745792341250001e-06,0.02,-0.08967251514757242,-0.0021241307506970567,stop_intrabar,False,False,False
256,PF_XBTUSD,1,0.0003,2026-06-28T01:36:00+00:00,2026-06-28T02:22:00+00:00,2026-06-28T02:23:00+00:00,60164.0,60196.0,60040.0,60008.0,18.058799999999998,0.4286810272663456,42.12642699668584,42.052355001709174,1.80588,1.80588,0.04286810272663456,10.0,stop_risk,60040.0,60040.0,0.0744306,0.01053160674917146,-0.05639999999999999,0.0180306,0.0003586050233357498,7.0707235140623995e-06,0.0192,-0.07407199497666425,-0.001758326073618625,stop_intrabar,False,False,False
257,PF_XBTUSD,-1,0.0004,2026-06-28T05:31:00+00:00,2026-06-28T05:35:00+00:00,2026-06-28T05:36:00+00:00,59753.0,59722.0,59863.0,59894.0,23.8888,0.5680728225334601,42.052355001709174,41.959615131653514,2.38888,2.38888,0.05680728225334601,10.0,stop_risk,59863.0,59863.0,0.0927232,0.010513088750427294,-0.0688,0.023923200000000002,-1.66700556743625e-05,3.3340111348725004e-06,0.024800000000000003,-0.09273987005567436,-0.0022053430789287553,stop_intrabar,False,False,False
258,PF_XBTUSD,1,0.0004,2026-06-28T07:46:00+00:00,2026-06-28T08:09:00+00:00,2026-06-28T08:10:00+00:00,60143.0,60174.0,60069.0,60038.0,24.0696,0.5736372920599637,41.959615131653514,41.88121451421159,2.40696,2.40696,0.057363729205996375,10.0,stop_risk,60069.0,60069.0,0.0784424,0.01048990378291338,-0.054400000000000004,0.0240424,4.178255806656555e-05,7.963300623584775e-07,0.024800000000000003,-0.07840061744193343,-0.0018684779923729457,stop_intrabar,False,False,False
259,PF_XBTUSD,-1,0.0004,2026-06-28T10:31:00+00:00,2026-06-28T11:02:00+00:00,2026-06-28T11:03:00+00:00,60051.0,60020.0,60128.0,60159.0,24.008000000000003,0.5732403006568337,41.88121451421159,41.80161101998717,2.4008000000000003,2.4008000000000003,0.05732403006568337,10.0,stop_risk,60128.0,60128.0,0.07963579999999999,0.0104703036285529,-0.055600000000000004,0.024035800000000003,3.230577560282678e-05,1.9022064683612555e-06,0.024800000000000003,-0.07960349422439716,-0.0019006968911416176,stop_intrabar,False,False,False
260,PF_XBTUSD,-1,0.0003,2026-06-28T13:11:00+00:00,2026-06-28T13:23:00+00:00,2026-06-28T13:24:00+00:00,59948.0,59917.0,60085.0,60116.0,17.975099999999998,0.4300097427203301,41.80161101998717,41.72393263254835,1.79751,1.79751,0.04300097427203301,9.999999999999998,stop_risk,60085.0,60085.0,0.07770495,0.010450402754996794,-0.059699999999999996,0.01800495,2.65625611729263e-05,2.2135467644105246e-06,0.0186,-0.07767838743882707,-0.0018582630081334821,stop_intrabar,False,False,False
261,PF_XBTUSD,-1,0.0003,2026-06-28T16:36:00+00:00,2026-06-28T17:07:00+00:00,2026-06-28T17:08:00+00:00,59575.0,59544.0,59724.0,59755.0,17.8632,0.4281283875447811,41.72393263254835,41.642623642640785,1.78632,1.78632,0.04281283875447811,10.0,stop_risk,59724.0,59724.0,0.08119484999999999,0.010430983158137088,-0.0633,0.017894849999999997,-0.00011413990755702991,3.532374209028432e-06,0.0186,-0.08130898990755701,-0.0019487374458113478,stop_intrabar,False,False,False
262,PF_XBTUSD,1,0.0003,2026-06-28T20:26:00+00:00,2026-06-28T21:26:00+00:00,2026-06-28T21:26:00+00:00,59609.0,59640.0,59592.0,59561.0,17.892,0.429655925465732,41.642623642640785,41.60105187017534,1.7892000000000001,1.7892000000000001,0.04296559254657321,9.999999999999998,stop_risk,59469.0,59469.0,0.0784617,0.010410655910660198,-0.0237,0.017880149999999997,8.377534629994038e-06,0.0,0.0186,-0.04157177246537,-0.0009982985899764914,time_exit,False,False,False
263,PF_XBTUSD,1,0.0002,2026-06-29T02:51:00+00:00,2026-06-29T03:51:00+00:00,2026-06-29T03:51:00+00:00,59682.0,59713.0,59907.0,59876.0,11.9426,0.2870744719933848,41.60105187017534,41.62155592406665,1.19426,1.19426,0.028707447199338484,10.0,stop_risk,59439.0,59439.0,0.07291210000000001,0.010400262967543837,0.032600000000000004,0.011958900000000001,-0.00013704610881406482,0.0,0.012400000000000001,0.02050405389118594,0.0004928734483727255,time_exit,False,False,False
264,PF_XBTUSD,-1,0.0003,2026-06-29T05:11:00+00:00,2026-06-29T05:26:00+00:00,2026-06-29T05:27:00+00:00,59473.0,59442.0,59623.0,59654.0,17.8326,0.4284462606956203,41.62155592406665,41.540165789552994,1.78326,1.78326,0.04284462606956203,10.0,stop_risk,59623.0,59623.0,0.08146439999999999,0.010405388981016664,-0.06359999999999999,0.0178644,7.426548630913122e-05,4.95103242060875e-06,0.0186,-0.08139013451369086,-0.001955480344420017,stop_intrabar,False,False,False
265,PF_XBTUSD,1,0.0003,2026-06-29T06:06:00+00:00,2026-06-29T07:02:00+00:00,2026-06-29T07:03:00+00:00,60002.0,60033.0,59849.0,59818.0,18.0099,0.43355387870236517,41.540165789552994,41.45748564450513,1.8009899999999999,1.8009899999999999,0.04335538787023652,10.0,stop_risk,59849.0,59849.0,0.08247765,0.010385041447388249,-0.06449999999999999,0.017977649999999998,-0.00020249504775314448,4.729203629548233e-06,0.0186,-0.08268014504775313,-0.001990366275055804,stop_intrabar,False,False,False
266,PF_XBTUSD,1,0.0003,2026-06-29T10:11:00+00:00,2026-06-29T10:31:00+00:00,2026-06-29T10:32:00+00:00,60168.0,60199.0,60036.0,60005.0,18.0597,0.4356197612865525,41.45748564450513,41.38127339662204,1.80597,1.80597,0.04356197612865525,10.0,stop_risk,60036.0,60036.0,0.0762306,0.010364371411126283,-0.058199999999999995,0.0180306,1.835211689864383e-05,9.176058449321916e-07,0.0186,-0.07621224788310135,-0.001838322963833739,stop_intrabar,False,False,False
267,PF_ETHUSD,-1,0.012,2026-06-29T11:21:00+00:00,2026-06-29T11:31:00+00:00,2026-06-29T11:32:00+00:00,1569.0,1568.0,1573.1,1574.1,18.816,0.4546984289163018,41.38127339662204,41.28922819279993,1.8816,1.8816,0.04546984289163018,10.0,stop_risk,1573.1,1573.1,0.0920525999999989,0.010345318349155511,-0.0731999999999989,0.018852599999999997,7.396177912500001e-06,7.3961779125e-07,0.024,-0.0920452038220864,-0.0022243202363511623,stop_intrabar,False,False,False
268,PF_XBTUSD,1,0.0001,2026-06-29T12:11:00+00:00,2026-06-29T12:38:00+00:00,2026-06-29T12:39:00+00:00,60427.0,60464.0,60045.0,60011.0,6.0464,0.14644013135257344,41.28922819279993,41.237907252083424,0.6046400000000001,0.6046400000000001,0.014644013135257344,10.0,stop_risk,60045.0,60045.0,0.05152365,0.010322307048199983,-0.0453,0.0060237500000000005,2.8092835897116026e-06,1.0404754035968896e-07,0.0071,-0.05132094071641028,-0.0012429619773168753,stop_intrabar,False,False,False
269,PF_XBTUSD,-1,0.0002,2026-06-29T13:51:00+00:00,2026-06-29T14:51:00+00:00,2026-06-29T14:51:00+00:00,59407.0,59376.0,59301.0,59332.0,11.875200000000001,0.2879680563663919,41.237907252083424,41.23509936222273,1.1875200000000001,1.1875200000000001,0.02879680563663919,10.0,stop_risk,59656.0,59656.0,0.0741063,0.010309476813020857,0.0088,0.0118708,0.0002629101392691952,0.0,0.012400000000000001,-0.002807889860730806,-6.809001833110591e-05,time_exit,False,False,False
270,PF_XBTUSD,1,0.0002,2026-06-29T15:46:00+00:00,2026-06-29T16:46:00+00:00,2026-06-29T16:46:00+00:00,59714.0,59745.0,59761.0,59730.0,11.949,0.28977740286342074,41.23509936222273,41.219967448666665,1.1949,1.1949,0.028977740286342073,10.0,stop_risk,59415.0,59415.0,0.0841129,0.010308774840555684,-0.003,0.0119475,-0.00018441355606701345,0.0,0.012400000000000001,-0.015131913556067012,-0.0003669668265654773,time_exit,False,False,False
271,PF_XBTUSD,1,0.0002,2026-06-29T17:11:00+00:00,2026-06-29T18:11:00+00:00,2026-06-29T18:11:00+00:00,60188.0,60219.0,60394.0,60363.0,12.043800000000001,0.2921836368502416,41.219967448666665,41.23664445727016,1.2043800000000002,1.2043800000000002,0.029218363685024163,9.999999999999998,stop_risk,59890.0,59890.0,0.08400780000000001,0.010304991862166667,0.028800000000000003,0.012058200000000002,-6.479139652578302e-05,0.0,0.012400000000000001,0.01667700860347422,0.0004045856810596212,time_exit,False,False,False
272,PF_XBTUSD,1,0.0004,2026-06-29T21:56:00+00:00,2026-06-29T22:00:00+00:00,2026-06-29T22:01:00+00:00,60454.0,60485.0,60382.0,60351.0,24.194000000000003,0.5867111720273476,41.23664445727016,41.158831101106415,2.4194000000000004,2.4194000000000004,0.05867111720273476,10.0,stop_risk,60382.0,60382.0,0.07776720000000001,0.01030916111431754,-0.0536,0.0241672,-4.615616375652822e-05,7.120169113226532e-06,0.024800000000000003,-0.07781335616375654,-0.0018869953457145998,stop_intrabar,False,False,False
273,PF_ETHUSD,-1,0.012,2026-06-29T23:21:00+00:00,2026-06-30T00:21:00+00:00,2026-06-30T00:21:00+00:00,1608.6,1607.6,1607.1,1608.1,19.2912,0.4687013572521359,41.158831101106415,41.13360621088801,1.9291200000000002,1.9291200000000002,0.0468701357252136,9.999999999999998,stop_risk,1612.5,1612.5,0.0901266000000011,0.010289707775276604,-0.006,0.0192942,6.930978156537309e-05,0.0,0.024,-0.02522489021843463,-0.0006128670213318217,time_exit,False,False,False
274,PF_XBTUSD,-1,0.0002,2026-06-30T00:31:00+00:00,2026-06-30T01:26:00+00:00,2026-06-30T01:27:00+00:00,59769.0,59738.0,59961.0,59992.0,11.947600000000001,0.29045836484031606,41.13360621088801,41.07094620201909,1.1947600000000003,1.1947600000000003,0.029045836484031612,9.999999999999998,stop_risk,59961.0,59961.0,0.06277300000000001,0.010283401552722005,-0.050800000000000005,0.011973000000000001,0.00011299113104999714,1.38435381514e-06,0.012400000000000001,-0.06266000886895001,-0.0015233288457058255,stop_intrabar,False,False,False
275,PF_XBTUSD,-1,0.0003,2026-06-30T03:51:00+00:00,2026-06-30T04:51:00+00:00,2026-06-30T04:51:00+00:00,59590.0,59559.0,59454.0,59485.0,17.8677,0.4350447616208464,41.07094620201909,41.07553292713232,1.78677,1.78677,0.04350447616208464,10.0,stop_risk,59700.0,59700.0,0.0694935,0.010267736550504773,0.022199999999999998,0.0178566,0.00024332511306515928,0.0,0.0186,0.004586725113065159,0.00011167809698135639,time_exit,False,False,False
276,PF_XBTUSD,-1,0.0003,2026-06-30T08:21:00+00:00,2026-06-30T09:21:00+00:00,2026-06-30T09:21:00+00:00,59325.0,59294.0,59192.0,59223.0,17.7882,0.43306072331565676,41.07553292713232,41.07930174760122,1.77882,1.77882,0.04330607233156568,10.0,stop_risk,59451.0,59451.0,0.0742164,0.010268883231783082,0.0213,0.01777755,0.00024637046896332004,0.0,0.0186,0.00376882046896332,9.175341621614937e-05,time_exit,False,False,False
277,PF_ETHUSD,-1,0.013,2026-06-30T11:26:00+00:00,2026-06-30T11:51:00+00:00,2026-06-30T11:52:00+00:00,1577.3,1576.3,1580.7,1581.7,20.491899999999998,0.49883759285651924,41.07930174760122,40.988608153099854,2.04919,2.04919,0.049883759285651925,10.0,stop_risk,1580.7,1580.7,0.09072700000000117,0.010269825436900306,-0.07020000000000118,0.020526999999999997,3.340549861458048e-05,1.3362199445832192e-06,0.026,-0.0906935945013866,-0.002207768648518534,stop_intrabar,False,False,False
278,PF_XBTUSD,-1,0.0004,2026-06-30T12:11:00+00:00,2026-06-30T12:58:00+00:00,2026-06-30T12:59:00+00:00,58993.0,58963.0,58362.0,58392.0,23.5852,0.5754086577398535,40.988608153099854,41.193837154904294,2.35852,2.35852,0.057540865773985345,10.0,stop_risk,59100.0,59100.0,0.0908188,0.010247152038274964,0.22840000000000002,0.023471,0.00030000180431378717,6.3830171130592985e-06,0.024,0.20522900180431378,0.005006976597930488,target_intrabar,False,False,True
279,PF_XBTUSD,-1,0.0003,2026-06-30T13:01:00+00:00,2026-06-30T13:08:00+00:00,2026-06-30T13:09:00+00:00,58361.0,58331.0,58510.0,58540.0,17.499299999999998,0.4248038349570607,41.193837154904294,41.11360867134841,1.74993,1.74993,0.04248038349570607,9.999999999999998,stop_risk,58510.0,58510.0,0.08023064999999999,0.010298459288726074,-0.06269999999999999,0.01753065,2.166444119465986e-06,3.0949201706656944e-07,0.018,-0.08022848355588053,-0.001947584616946251,stop_intrabar,False,False,False
280,PF_XBTUSD,1,0.0003,2026-06-30T20:16:00+00:00,2026-06-30T20:21:00+00:00,2026-06-30T20:22:00+00:00,58774.0,58804.0,58640.0,58610.0,17.641199999999998,0.4290842027762438,41.11360867134841,41.037773548968204,1.76412,1.76412,0.042908420277624384,10.0,stop_risk,58640.0,58640.0,0.0758121,0.010278402167837104,-0.058199999999999995,0.0176121,-2.3022380215449407e-05,3.837063369241568e-06,0.018,-0.07583512238021545,-0.0018445260542907305,stop_intrabar,False,False,False
281,PF_ETHUSD,-1,0.013,2026-06-30T21:21:00+00:00,2026-06-30T22:21:00+00:00,2026-06-30T22:21:00+00:00,1570.6,1569.6,1571.2,1572.2,20.404799999999998,0.49721995701477395,41.037773548968204,40.9838615018057,2.04048,2.04048,0.0497219957014774,9.999999999999998,stop_risk,1573.8,1573.8,0.08803860000000058,0.010259443387242051,-0.03380000000000177,0.0204217,0.0003096528376104065,0.0,0.026,-0.05391204716239137,-0.001313717643528126,time_exit,False,False,False
282,PF_XBTUSD,-1,0.0005,2026-07-01T00:31:00+00:00,2026-07-01T00:31:00+00:00,2026-07-01T00:32:00+00:00,58394.0,58364.0,58431.0,58461.0,29.182000000000002,0.712036370675181,40.9838615018057,40.90615525180569,2.9182000000000006,2.9182000000000006,0.0712036370675181,9.999999999999998,stop_risk,58431.0,58431.0,0.07770625,0.010245965375451426,-0.0485,0.029206250000000003,0.0,7.199835196125e-07,0.03,-0.07770625,-0.0018960207055300625,stop_intrabar,False,False,False
283,PF_XBTUSD,-1,0.0003,2026-07-01T01:16:00+00:00,2026-07-01T01:30:00+00:00,2026-07-01T01:31:00+00:00,58167.0,58134.0,58342.0,58374.0,17.440199999999997,0.426346594849687,40.90615525180569,40.81666232855475,1.74402,1.74402,0.0426346594849687,9.999999999999998,stop_risk,58342.0,58342.0,0.08977634999999999,0.010226538812951423,-0.072,0.017476199999999997,-1.672325095462354e-05,1.1148833969749025e-06,0.0195,-0.08949292325095462,-0.002187761785483474,stop_intrabar,False,False,False
284,PF_XBTUSD,1,0.0001,2026-07-01T01:46:00+00:00,2026-07-01T02:46:00+00:00,2026-07-01T02:46:00+00:00,58813.0,58843.0,59087.0,59056.0,5.8843000000000005,0.14416416395427387,40.81666232855475,40.83208639572482,0.5884300000000001,0.5884300000000001,0.014416416395427388,9.999999999999998,stop_risk,58462.0,58462.0,0.04696375,0.010204165582138687,0.0213,0.00589495,1.9017170228390067e-05,0.0,0.0061,0.015424067170228388,0.0003778865367793175,time_exit,False,False,False
285,PF_XBTUSD,1,0.0003,2026-07-01T04:51:00+00:00,2026-07-01T05:21:00+00:00,2026-07-01T05:22:00+00:00,59310.0,59341.0,59132.0,59101.0,17.8023,0.4359880077512749,40.83208639572482,40.74237424033848,1.78023,1.78023,0.04359880077512749,10.0,stop_risk,59132.0,59132.0,0.0897663,0.010208021598931206,-0.072,0.0177663,5.414461364889368e-05,1.6643609365759319e-06,0.0186,-0.0897121553863511,-0.002197099470179023,stop_intrabar,False,False,False
286,PF_XBTUSD,-1,0.0003,2026-07-01T06:11:00+00:00,2026-07-01T07:11:00+00:00,2026-07-01T07:11:00+00:00,58874.0,58844.0,58565.0,58597.0,17.6532,0.43328844548587453,40.74237424033848,40.798696504972874,1.76532,1.76532,0.04332884454858746,9.999999999999998,stop_risk,58990.0,58990.0,0.0704796,0.01018559356008462,0.0741,0.017616149999999997,-0.0001615853656906235,0.0,0.0186,0.05632226463430937,0.0013824001591577707,time_exit,False,False,False
287,PF_ETHUSD,-1,0.015,2026-07-01T12:01:00+00:00,2026-07-01T13:01:00+00:00,2026-07-01T13:01:00+00:00,1568.7,1567.7,1569.8,1570.8,23.5155,0.5763787084995164,40.798696504972874,40.72863889741456,2.35155,2.35155,0.057637870849951645,10.0,stop_risk,1571.2,1571.2,0.09104925,0.01019967412624322,-0.04649999999999863,0.023538749999999997,-1.885755849900001e-05,0.0,0.03,-0.07005760755849762,-0.0017171530847795206,time_exit,False,False,False
288,PF_ETHUSD,1,0.019,2026-07-01T13:31:00+00:00,2026-07-01T13:31:00+00:00,2026-07-01T13:32:00+00:00,1572.9,1573.9,1571.7,1570.7,29.9041,0.7342278261574389,40.72863889741456,40.637965025129915,2.9904100000000002,2.9904100000000002,0.07342278261574389,9.999999999999998,stop_risk,1571.7,1571.7,0.09067370000000087,0.010182159724353643,-0.06080000000000086,0.0298737,-1.7228465333333332e-07,1.7228465333333332e-07,0.038,-0.09067387228465419,-0.0022262927202904917,stop_intrabar,False,False,False
289,PF_XBTUSD,1,0.0001,2026-07-01T13:51:00+00:00,2026-07-01T14:51:00+00:00,2026-07-01T14:51:00+00:00,59272.0,59303.0,59561.0,59529.0,5.9303,0.14593004340480115,40.637965025129915,40.65461886887596,0.5930300000000001,0.5930300000000001,0.014593004340480118,9.999999999999998,stop_risk,58933.0,58933.0,0.0459103,0.010159491256282481,0.022600000000000002,0.0059416,-4.556254022711564e-06,0.0,0.0063,0.016653843745977292,0.00040980998275082925,time_exit,False,False,False
290,PF_XBTUSD,-1,0.0003,2026-07-01T20:06:00+00:00,2026-07-01T20:40:00+00:00,2026-07-01T20:41:00+00:00,59849.0,59818.0,60007.0,60038.0,17.9454,0.4414110991393034,40.65461886887596,40.570638784445904,1.79454,1.79454,0.04414110991393034,10.0,stop_risk,60007.0,60007.0,0.0839784,0.01016365471721899,-0.06599999999999999,0.0179784,-1.684430125874999e-06,4.8126575025e-08,0.0186,-0.08398008443012588,-0.002065696020936472,stop_intrabar,False,False,False
291,PF_XBTUSD,1,0.0004,2026-07-01T21:21:00+00:00,2026-07-01T22:21:00+00:00,2026-07-01T22:21:00+00:00,60400.0,60431.0,60776.0,60745.0,24.1724,0.5958101899363558,40.570638784445904,40.67194378380637,2.41724,2.41724,0.05958101899363559,10.0,stop_risk,60295.0,60295.0,0.090939,0.010142659696111478,0.12560000000000002,0.024235200000000002,-5.980063959770156e-05,0.0,0.024800000000000003,0.1013049993604023,0.0024970028176938865,time_exit,False,False,False
292,PF_XBTUSD,-1,0.0002,2026-07-01T23:31:00+00:00,2026-07-02T00:31:00+00:00,2026-07-02T00:31:00+00:00,60176.0,60145.0,59644.0,59675.0,12.029,0.2957567030467173,40.67194378380637,40.75405905071835,1.2029,1.2029,0.02957567030467173,10.0,stop_risk,60445.0,60445.0,0.0782621,0.010167985945951592,0.094,0.011982,9.726691188139387e-05,0.0,0.012400000000000001,0.08211526691188138,0.0020189658834200044,time_exit,False,False,False
293,PF_XBTUSD,-1,0.0003,2026-07-02T00:41:00+00:00,2026-07-02T00:50:00+00:00,2026-07-02T00:51:00+00:00,59584.0,59553.0,59741.0,59772.0,17.8659,0.4383833271126668,40.75405905071835,40.67045883142468,1.7865900000000001,1.7865900000000001,0.043838332711266685,10.0,stop_risk,59741.0,59741.0,0.08359875,0.010188514762679589,-0.0657,0.017898749999999998,-1.4692936410740002e-06,1.4692936410740002e-07,0.0186,-0.08360021929364106,-0.0020513347931699452,stop_intrabar,False,False,False
294,PF_XBTUSD,1,0.0002,2026-07-02T01:41:00+00:00,2026-07-02T02:10:00+00:00,2026-07-02T02:11:00+00:00,60212.0,60243.0,59979.0,59948.0,12.0486,0.29624942393545006,40.67045883142468,40.599496705541796,1.20486,1.20486,0.029624942393545007,10.0,stop_risk,59979.0,59979.0,0.0710191,0.010167614707856171,-0.059000000000000004,0.012019100000000001,5.6974117095717115e-05,8.098259154337501e-07,0.012400000000000001,-0.07096212588290428,-0.0017448076053686971,stop_intrabar,False,False,False
295,PF_XBTUSD,1,0.0002,2026-07-02T02:46:00+00:00,2026-07-02T03:46:00+00:00,2026-07-02T03:46:00+00:00,60369.0,60400.0,60700.0,60669.0,12.08,0.2975406342500569,40.599496705541796,40.64123753050569,1.2080000000000002,1.2080000000000002,0.02975406342500569,9.999999999999998,stop_risk,60177.0,60177.0,0.06285460000000001,0.010149874176385451,0.0538,0.0121069,4.772496404407578e-05,0.0,0.012400000000000001,0.04174082496404407,0.0010281118819472086,time_exit,False,False,False
296,PF_ETHUSD,1,0.012,2026-07-02T04:01:00+00:00,2026-07-02T04:23:00+00:00,2026-07-02T04:24:00+00:00,1634.8,1635.8,1631.3,1630.3,19.6296,0.48299710325665746,40.64123753050569,40.555586635474775,1.96296,1.96296,0.04829971032566575,10.0,stop_risk,1631.3,1631.3,0.0855966,0.010160309382626423,-0.066,0.0195966,-5.429503096651413e-05,2.360653520283224e-06,0.024,-0.08565089503096651,-0.0021074873757639923,stop_intrabar,False,False,False
297,PF_ETHUSD,-1,0.013,2026-07-02T05:46:00+00:00,2026-07-02T06:46:00+00:00,2026-07-02T06:46:00+00:00,1625.9,1624.9,1622.8,1623.8,21.1237,0.5208579570027149,40.555586635474775,40.54886390525934,2.11237,2.11237,0.05208579570027149,10.0,stop_risk,1629.0,1629.0,0.08745684999999881,0.010138896658868695,0.014300000000001773,0.021116549999999998,9.381978447596271e-05,0.0,0.026,-0.006722730215522262,-0.0001657658234843965,time_exit,False,False,False
298,PF_ETHUSD,-1,0.011,2026-07-02T06:56:00+00:00,2026-07-02T07:56:00+00:00,2026-07-02T07:56:00+00:00,1617.4,1616.4,1613.4,1614.4,17.7804,0.4384931731143722,40.54886390525934,40.55324198059452,1.77804,1.77804,0.043849317311437215,10.0,stop_risk,1621.6,1621.6,0.086014499999998,0.010137215976314836,0.022,0.0177694,0.00014747533514517742,0.0,0.022,0.004378075335145175,0.00010797035757584622,time_exit,False,False,False
299,PF_XBTUSD,1,0.0003,2026-07-02T08:41:00+00:00,2026-07-02T09:41:00+00:00,2026-07-02T09:41:00+00:00,60389.0,60420.0,60882.0,60851.0,18.125999999999998,0.4469679639589265,40.55324198059452,40.6640139524391,1.8125999999999998,1.8125999999999998,0.04469679639589265,10.0,stop_risk,60280.0,60280.0,0.06940034999999999,0.010138310495148632,0.1293,0.01819065,-0.0003373781553763394,0.0,0.0186,0.11077197184462366,0.002731519514460277,time_exit,False,False,False
300,PF_XBTUSD,1,0.0006,2026-07-02T09:46:00+00:00,2026-07-02T09:46:00+00:00,2026-07-02T09:47:00+00:00,60838.0,60869.0,60815.0,60784.0,36.5214,0.8981257984692724,40.6640139524391,40.576507084830936,3.65214,3.65214,0.08981257984692724,10.0,stop_risk,60815.0,60815.0,0.0874959,0.010166003488109775,-0.051,0.0364959,-1.0967608161943131e-05,1.0967608161943131e-05,0.0372,-0.08750686760816193,-0.0021519485929379855,stop_intrabar,False,False,False
301,PF_XBTUSD,1,0.0002,2026-07-02T13:16:00+00:00,2026-07-02T14:16:00+00:00,2026-07-02T14:16:00+00:00,61652.0,61684.0,62037.0,62005.0,12.3368,0.3040379984952419,40.576507084830936,40.628363939417795,1.23368,1.23368,0.030403799849524193,10.0,stop_risk,61385.0,61385.0,0.07850370000000001,0.010144126771207735,0.06420000000000001,0.0123689,2.5754587019853348e-05,0.0,0.0128,0.051856854587019864,0.0012780019354205565,time_exit,False,False,False
302,PF_XBTUSD,-1,0.0004,2026-07-02T19:26:00+00:00,2026-07-02T19:50:00+00:00,2026-07-02T19:51:00+00:00,61496.0,61464.0,61597.0,61629.0,24.5856,0.6051338920922423,40.628363939417795,40.53774409813676,2.4585600000000003,2.4585600000000003,0.06051338920922424,9.999999999999998,stop_risk,61597.0,61597.0,0.09061860000000001,0.010157090984854449,-0.066,0.0246186,-1.2412810100660163e-06,4.965124040264067e-08,0.0256,-0.09061984128101006,-0.0022304575546319336,stop_intrabar,False,False,False
303,PF_XBTUSD,-1,0.0003,2026-07-02T20:06:00+00:00,2026-07-02T21:01:00+00:00,2026-07-02T21:02:00+00:00,61387.0,61354.0,61546.0,61578.0,18.4062,0.4540509199387344,40.53774409813676,40.452146730208554,1.84062,1.84062,0.04540509199387344,10.0,stop_risk,61546.0,61546.0,0.08593994999999999,0.01013443602453419,-0.0672,0.0184398,4.243207176710027e-05,3.3295553724221893e-06,0.0195,-0.0855973679282329,-0.002111547394472975,stop_intrabar,False,False,False
304,PF_XBTUSD,-1,0.0003,2026-07-03T00:36:00+00:00,2026-07-03T00:47:00+00:00,2026-07-03T00:48:00+00:00,61214.0,61182.0,61324.0,61357.0,18.354599999999998,0.4537361174529036,40.452146730208554,40.38133288327248,1.8354599999999999,1.8354599999999999,0.04537361174529036,10.0,stop_risk,61324.0,61324.0,0.0705807,0.010113036682552139,-0.0525,0.018380849999999997,6.700306395287999e-05,6.091187632079999e-06,0.0195,-0.07081384693604711,-0.0017505584415169065,stop_intrabar,False,False,False
305,PF_ETHUSD,1,0.016,2026-07-03T01:16:00+00:00,2026-07-03T01:16:00+00:00,2026-07-03T01:17:00+00:00,1707.9,1708.9,1706.0,1705.0,27.3424,0.6771049405188477,40.38133288327248,40.29162168327248,2.7342400000000002,2.7342400000000002,0.06771049405188477,10.0,stop_risk,1706.0,1706.0,0.08971120000000146,0.01009533322081812,-0.062400000000001454,0.0273112,0.0,2.555148107331827e-07,0.032,-0.08971120000000145,-0.0022216007643760397,stop_intrabar,False,False,False
306,PF_ETHUSD,1,0.008,2026-07-03T05:36:00+00:00,2026-07-03T06:36:00+00:00,2026-07-03T06:36:00+00:00,1716.4,1717.4,1716.4,1715.4,13.7392,0.3409939691184975,40.29162168327248,40.26183568564642,1.37392,1.37392,0.034099396911849746,10.0,stop_risk,1709.6,1709.6,0.08410400000000147,0.010072905420818122,-0.016,0.0137312,-5.479762617946572e-05,0.0,0.016,-0.029785997626179464,-0.0007392603320939414,time_exit,False,False,False
307,PF_XBTUSD,-1,0.0002,2026-07-03T09:01:00+00:00,2026-07-03T09:15:00+00:00,2026-07-03T09:16:00+00:00,61481.0,61449.0,61682.0,61714.0,12.289800000000001,0.30524688680256545,40.26183568564642,40.19661176422684,1.2289800000000002,1.2289800000000002,0.030524688680256543,10.0,stop_risk,61682.0,61682.0,0.06531630000000001,0.010065458921411606,-0.053000000000000005,0.012316300000000002,9.237858045547348e-05,6.598470032533821e-06,0.0128,-0.06522392141954453,-0.0016199937312544655,stop_intrabar,False,False,False
308,PF_XBTUSD,1,0.0006,2026-07-03T10:46:00+00:00,2026-07-03T11:00:00+00:00,2026-07-03T11:01:00+00:00,61856.0,61888.0,61838.0,61806.0,37.132799999999996,0.9237793527922795,40.19661176422684,40.11005641853874,3.7132799999999997,3.7132799999999997,0.09237793527922795,10.0,stop_risk,61838.0,61838.0,0.0863082,0.01004915294105671,-0.049199999999999994,0.037108199999999994,-0.00024714568805926456,1.42137738702375e-05,0.0384,-0.08655534568805925,-0.0021532995416566328,stop_intrabar,False,False,False
309,PF_XBTUSD,1,0.0003,2026-07-03T17:11:00+00:00,2026-07-03T17:24:00+00:00,2026-07-03T17:25:00+00:00,62201.0,62233.0,62092.0,62060.0,18.6699,0.4654668097492585,40.11005641853874,40.039471961125535,1.86699,1.86699,0.046546680974925855,10.0,stop_risk,62092.0,62092.0,0.07054395,0.010027514104634686,-0.051899999999999995,0.01864395,-4.0507413252881456e-05,2.8933866609201035e-06,0.0192,-0.07058445741325288,-0.001759769586876696,stop_intrabar,False,False,False
310,PF_ETHUSD,1,0.014,2026-07-03T19:26:00+00:00,2026-07-03T20:26:00+00:00,2026-07-03T20:26:00+00:00,1742.6,1743.6,1749.8,1748.7,24.4104,0.609658389693554,40.039471961125535,40.0859953081933,2.44104,2.44104,0.0609658389693554,10.0,stop_risk,1740.1,1740.1,0.0873789,0.010009867990281385,0.0714000000000019,0.0244461,-0.0004305529322981363,0.0,0.029399999999998726,0.04652334706770377,0.001161937078312957,time_exit,False,False,False
311,PF_ETHUSD,1,0.006,2026-07-03T20:36:00+00:00,2026-07-03T21:36:00+00:00,2026-07-03T21:36:00+00:00,1758.9,1760.0,1759.0,1757.9,10.56,0.2634336485551005,40.0859953081933,40.06264065712507,1.056,1.056,0.02634336485551005,10.0,stop_risk,1748.6,1748.6,0.0855225,0.010021498827048326,-0.012599999999999455,0.010553700000000001,-0.0002009510682844509,0.0,0.013199999999998909,-0.02335465106828391,-0.0005826137255349721,time_exit,False,False,False
312,PF_ETHUSD,-1,0.009,2026-07-04T01:11:00+00:00,2026-07-04T02:11:00+00:00,2026-07-04T02:11:00+00:00,1747.1,1746.0,1747.4,1748.5,15.713999999999999,0.3922357523680928,40.06264065712507,40.02453123119869,1.5714,1.5714,0.039223575236809284,10.0,stop_risk,1752.4,1752.4,0.08324775,0.01001566016428127,-0.0225,0.01572525,0.0001158240736041343,0.0,0.01979999999999836,-0.038109425926395865,-0.0009512459813259506,time_exit,False,False,False
313,PF_XBTUSD,1,0.0004,2026-07-04T03:41:00+00:00,2026-07-04T04:02:00+00:00,2026-07-04T04:03:00+00:00,62649.0,62681.0,62563.0,62531.0,25.072400000000002,0.6264258250814025,40.02453123119869,39.939403103676845,2.5072400000000004,2.5072400000000004,0.06264258250814025,10.0,stop_risk,62563.0,62563.0,0.0850424,0.010006132807799674,-0.060000000000000005,0.0250424,-8.572752184580944e-05,4.3859165814751394e-06,0.0256,-0.08512812752184581,-0.002126898801890011,stop_intrabar,False,False,False
314,PF_ETHUSD,1,0.013,2026-07-04T05:01:00+00:00,2026-07-04T05:07:00+00:00,2026-07-04T05:08:00+00:00,1758.1,1759.2,1755.5,1754.4,22.8696,0.5726074558659243,39.939403103676845,39.854158168768016,2.28696,2.28696,0.057260745586592436,9.999999999999998,stop_risk,1755.5,1755.5,0.08523839999999941,0.009984850775919213,-0.06239999999999941,0.022838400000000002,-6.534908848461307e-06,9.335584069230438e-07,0.02860000000000059,-0.08524493490884787,-0.00213435675760012,stop_intrabar,False,False,False
315,PF_XBTUSD,-1,0.0005,2026-07-04T05:26:00+00:00,2026-07-04T05:42:00+00:00,2026-07-04T05:43:00+00:00,62451.0,62419.0,62502.0,62534.0,31.209500000000002,0.7830926918049305,39.854158168768016,39.76550547476272,3.1209500000000006,3.1209500000000006,0.07830926918049305,9.999999999999998,stop_risk,62502.0,62502.0,0.08873824999999999,0.009963539542192005,-0.0575,0.031238250000000002,8.555599475644166e-05,5.347249672277604e-06,0.032,-0.08865269400524355,-0.0022244277154175804,stop_intrabar,False,False,False
316,PF_XBTUSD,1,0.0005,2026-07-04T12:36:00+00:00,2026-07-04T13:36:00+00:00,2026-07-04T13:36:00+00:00,62562.0,62595.0,62540.0,62508.0,31.2975,0.7870514815878058,39.76550547476272,39.690641581632214,3.12975,3.12975,0.07870514815878057,10.0,stop_risk,62527.0,62527.0,0.08177225,0.00994137636869068,-0.043500000000000004,0.031275750000000005,-8.814313048129378e-05,0.0,0.0325,-0.0748638931304813,-0.001882634012485868,time_exit,False,False,False
317,PF_XBTUSD,1,0.0004,2026-07-04T17:41:00+00:00,2026-07-04T17:51:00+00:00,2026-07-04T17:52:00+00:00,63078.0,63111.0,63704.0,63671.0,25.244400000000002,0.6360290233172358,39.690641581632214,39.889254502370534,2.5244400000000002,2.5244400000000002,0.06360290233172358,10.0,stop_risk,63011.0,63011.0,0.07841780000000001,0.009922660395408053,0.224,0.0253564,-3.067926167744014e-05,2.789023788858194e-06,0.0264,0.19861292073832257,0.005004023941760504,target_intrabar,False,False,True
318,PF_XBTUSD,1,0.0003,2026-07-04T17:56:00+00:00,2026-07-04T18:24:00+00:00,2026-07-04T18:25:00+00:00,63282.0,63315.0,63117.0,63082.0,18.9945,0.47618087219131144,39.889254502370534,39.80034456858018,1.8994499999999999,1.8994499999999999,0.04761808721913115,10.0,stop_risk,63117.0,63117.0,0.08825984999999999,0.009972313625592635,-0.06989999999999999,0.01895955,-5.038379037889494e-05,1.6806687604928133e-06,0.020399999999999998,-0.08890993379037887,-0.0022289194145028494,stop_intrabar,False,False,False
319,PF_ETHUSD,-1,0.008,2026-07-04T20:26:00+00:00,2026-07-04T21:13:00+00:00,2026-07-04T21:14:00+00:00,1782.7,1781.6,1789.0,1790.1,14.252799999999999,0.35810745244782805,39.80034456858018,39.718025095453484,1.4252799999999999,1.4252799999999999,0.03581074524478281,10.0,stop_risk,1789.0,1789.0,0.08228680000000001,0.009950086142145046,-0.068,0.014286799999999999,-3.2673126627109484e-05,4.3238099671119043e-07,0.017600000000000365,-0.08231947312662712,-0.0020683105641153936,stop_intrabar,False,False,False
320,PF_XBTUSD,1,0.0004,2026-07-04T21:31:00+00:00,2026-07-04T21:43:00+00:00,2026-07-04T21:44:00+00:00,63366.0,63399.0,63286.0,63253.0,25.3596,0.6384909606923762,39.718025095453484,39.63429280403722,2.53596,2.53596,0.06384909606923762,10.0,stop_risk,63286.0,63286.0,0.0837304,0.009929506273863372,-0.0584,0.025330400000000003,-1.891416263441269e-06,1.454935587262515e-07,0.0264,-0.08373229141626344,-0.002108168551055381,stop_intrabar,False,False,False
321,PF_XBTUSD,-1,0.0004,2026-07-05T01:26:00+00:00,2026-07-05T01:28:00+00:00,2026-07-05T01:29:00+00:00,62814.0,62782.0,62903.0,62935.0,25.1128,0.6336129201084664,39.63429280403722,39.547945538182766,2.51128,2.51128,0.06336129201084664,10.0,stop_risk,62903.0,62903.0,0.0863434,0.009908573201009307,-0.061200000000000004,0.0251434,-3.8658544580429195e-06,1.2886181526809732e-06,0.0256,-0.08634726585445804,-0.0021785998877634203,stop_intrabar,False,False,False
322,PF_ETHUSD,1,0.013,2026-07-05T04:26:00+00:00,2026-07-05T05:21:00+00:00,2026-07-05T05:22:00+00:00,1766.2,1767.3,1763.4,1762.3,22.974899999999998,0.5809378891203889,39.547945538182766,39.459826815801776,2.29749,2.29749,0.05809378891203889,10.0,stop_risk,1763.4,1763.4,0.0879424,0.009886986384545693,-0.065,0.022942399999999998,-0.00017632238093339715,5.210477268749872e-06,0.02860000000000059,-0.0881187223809334,-0.0022281491789720533,stop_intrabar,False,False,False
323,PF_XBTUSD,1,0.0004,2026-07-05T07:41:00+00:00,2026-07-05T08:41:00+00:00,2026-07-05T08:41:00+00:00,62839.0,62872.0,62883.0,62851.0,25.1488,0.6373266694097377,39.459826815801776,39.426142645330756,2.5148800000000002,2.5148800000000002,0.06373266694097378,10.0,stop_risk,62756.0,62756.0,0.084719,0.009864956703950446,-0.008400000000000001,0.025144600000000003,-0.00013957047102381508,0.0,0.026000000000000002,-0.033684170471023824,-0.0008536319895234544,time_exit,False,False,False
324,PF_XBTUSD,-1,0.0004,2026-07-05T09:31:00+00:00,2026-07-05T10:31:00+00:00,2026-07-05T10:31:00+00:00,62691.0,62659.0,62677.0,62709.0,25.0636,0.6357101739692581,39.426142645330756,39.38131451052139,2.5063600000000004,2.5063600000000004,0.06357101739692582,9.999999999999998,stop_risk,62762.0,62762.0,0.0790906,0.00985653566133269,-0.02,0.0250736,0.0002454651906318844,0.0,0.0256,-0.04482813480936811,-0.001137015487734434,time_exit,False,False,False
325,PF_XBTUSD,-1,0.0004,2026-07-05T12:11:00+00:00,2026-07-05T12:15:00+00:00,2026-07-05T12:16:00+00:00,62562.0,62530.0,62621.0,62653.0,25.012,0.6351235430020401,39.38131451052139,39.30710901595722,2.5012000000000003,2.5012000000000003,0.06351235430020402,9.999999999999998,stop_risk,62621.0,62621.0,0.0742366,0.00984532862763035,-0.0492,0.0250366,3.1105435831216116e-05,7.776358957804029e-06,0.0256,-0.07420549456416878,-0.001884281809444007,stop_intrabar,False,False,False
326,PF_ETHUSD,1,0.011,2026-07-05T15:06:00+00:00,2026-07-05T15:42:00+00:00,2026-07-05T15:43:00+00:00,1773.9,1775.0,1770.4,1769.3,19.525,0.49672948453353766,39.30710901595722,39.22466251745041,1.9525,1.9525,0.049672948453353766,10.0,stop_risk,1770.4,1770.4,0.08219365000000049,0.009826777253989305,-0.06270000000000049,0.01949365,-0.0002528485066886166,6.833743424016667e-06,0.0242000000000005,-0.0824464985066891,-0.0020974958619627533,stop_intrabar,False,False,False
327,PF_XBTUSD,-1,0.0005,2026-07-05T21:11:00+00:00,2026-07-05T21:12:00+00:00,2026-07-05T21:13:00+00:00,62626.0,62594.0,62651.0,62683.0,31.297,0.7978908674122174,39.22466251745041,39.148849856958876,3.1297,3.1297,0.07978908674122175,10.0,stop_risk,62651.0,62651.0,0.07581925,0.009806165629362604,-0.0445,0.03131925,6.589508456033854e-06,6.589508456033854e-06,0.032,-0.07581266049154396,-0.0019327804403114022,stop_intrabar,False,False,False
328,PF_XBTUSD,1,0.0003,2026-07-05T22:01:00+00:00,2026-07-05T22:20:00+00:00,2026-07-05T22:21:00+00:00,63009.0,63042.0,63792.0,63759.0,18.912599999999998,0.4830946520549748,39.148849856958876,39.344850601582834,1.89126,1.89126,0.04830946520549748,9.999999999999998,stop_risk,62893.0,62893.0,0.07318545,0.00978721246423972,0.21509999999999999,0.01902015,-7.910537609169997e-05,3.955268804584999e-06,0.019799999999999998,0.1960007446239083,0.005006551797563686,target_intrabar,False,False,True
329,PF_XBTUSD,1,0.0002,2026-07-05T22:26:00+00:00,2026-07-05T23:26:00+00:00,2026-07-05T23:26:00+00:00,63519.0,63552.0,63640.0,63606.0,12.7104,0.32305116948362905,39.344850601582834,39.34272126799157,1.2710400000000002,1.2710400000000002,0.03230511694836291,9.999999999999998,stop_risk,63227.0,63227.0,0.0842746,0.00983621265039571,0.0108,0.012715800000000001,-0.0002135335911711058,0.0,0.0134,-0.002129333591171106,-5.411975286762033e-05,time_exit,False,False,False
330,PF_XBTUSD,-1,0.0003,2026-07-06T00:31:00+00:00,2026-07-06T00:40:00+00:00,2026-07-06T00:41:00+00:00,63392.0,63359.0,63544.0,63577.0,19.0077,0.4831312981764755,39.34272126799157,39.25832714736685,1.90077,1.90077,0.04831312981764755,10.0,stop_risk,63544.0,63544.0,0.0844404,0.009835680316997893,-0.0654,0.0190404,4.627937525784096e-05,5.142152806426773e-06,0.019799999999999998,-0.08439412062474216,-0.0021451012513820054,stop_intrabar,False,False,False
331,PF_XBTUSD,-1,0.0003,2026-07-06T03:31:00+00:00,2026-07-06T04:04:00+00:00,2026-07-06T04:05:00+00:00,63159.0,63126.0,63320.0,63353.0,18.9378,0.48238937764494644,39.25832714736685,39.17142890383378,1.89378,1.89378,0.048238937764494644,10.0,stop_risk,63320.0,63320.0,0.08707184999999999,0.009814581786841713,-0.0681,0.01897185,0.0001736064668899504,5.16467780899875e-06,0.019799999999999998,-0.08689824353311004,-0.0022134983797682914,stop_intrabar,False,False,False
332,PF_XBTUSD,-1,0.0004,2026-07-06T05:36:00+00:00,2026-07-06T05:37:00+00:00,2026-07-06T05:38:00+00:00,63006.0,62973.0,63067.0,63100.0,25.1892,0.6430503227707041,39.17142890383378,39.09541828662774,2.51892,2.51892,0.06430503227707042,10.0,stop_risk,63067.0,63067.0,0.0760146,0.009792857225958445,-0.050800000000000005,0.0252146,3.982793964355696e-06,3.982793964355696e-06,0.0264,-0.07601061720603566,-0.0019404606707772248,stop_intrabar,False,False,False
333,PF_XBTUSD,1,0.0004,2026-07-06T08:11:00+00:00,2026-07-06T08:12:00+00:00,2026-07-06T08:13:00+00:00,63062.0,63095.0,63000.0,62968.0,25.238,0.6455487907807459,39.09541828662774,39.01939314080112,2.5238,2.5238,0.0645548790780746,10.0,stop_risk,63000.0,63000.0,0.0760126,0.009773854571656936,-0.050800000000000005,0.0252126,-1.2545826617103054e-05,6.272913308551527e-06,0.026000000000000002,-0.0760251458266171,-0.0019446049987044353,stop_intrabar,False,False,False
334,PF_XBTUSD,-1,0.0003,2026-07-06T09:31:00+00:00,2026-07-06T10:07:00+00:00,2026-07-06T10:08:00+00:00,62683.0,62651.0,62784.0,62816.0,18.795299999999997,0.4816912434331649,39.01939314080112,38.951242479233166,1.87953,1.87953,0.048169124343316494,9.999999999999998,stop_risk,62784.0,62784.0,0.06832005,0.009754848285200282,-0.049499999999999995,0.018820049999999998,0.0001693884321471321,3.1269469729934377e-06,0.0192,-0.06815066156785286,-0.0017465843541423576,stop_intrabar,False,False,False
335,PF_XBTUSD,1,0.0004,2026-07-06T10:41:00+00:00,2026-07-06T10:41:00+00:00,2026-07-06T10:42:00+00:00,62914.0,62946.0,62853.0,62821.0,25.1784,0.6464081348219854,38.951242479233166,38.87608490997054,2.51784,2.51784,0.06464081348219855,10.0,stop_risk,62853.0,62853.0,0.07515340000000001,0.009737810619808293,-0.05,0.0251534,-4.169262630657918e-06,4.169262630657918e-06,0.0256,-0.07515756926263065,-0.001929529444476665,stop_intrabar,False,False,False
336,PF_XBTUSD,-1,0.0002,2026-07-06T12:06:00+00:00,2026-07-06T12:12:00+00:00,2026-07-06T12:13:00+00:00,61870.0,61835.0,62071.0,62106.0,12.367,0.318113308699669,38.87608490997054,38.80950281905922,1.2367000000000001,1.2367000000000001,0.0318113308699669,10.0,stop_risk,62071.0,62071.0,0.0667942,0.009719021227492635,-0.054200000000000005,0.012394100000000002,1.2009088680627081e-05,2.0015147801045138e-06,0.014,-0.06658209091131938,-0.0017126747990573272,stop_intrabar,False,False,False
337,PF_XBTUSD,1,0.0001,2026-07-06T16:01:00+00:00,2026-07-06T17:01:00+00:00,2026-07-06T17:01:00+00:00,63379.0,63412.0,63729.0,63696.0,6.341200000000001,0.1633929718080763,38.80950281905922,38.83151614642356,0.6341200000000001,0.6341200000000001,0.016339297180807632,9.999999999999998,stop_risk,62985.0,62985.0,0.0523182,0.009702375704764806,0.0284,0.006355400000000001,-3.127263551508696e-05,0.0,0.0066,0.022013327364484914,0.0005672148769108746,time_exit,False,False,False
338,PF_XBTUSD,-1,0.0003,2026-07-06T23:31:00+00:00,2026-07-07T00:24:00+00:00,2026-07-07T00:25:00+00:00,64077.0,64044.0,64176.0,64209.0,19.213199999999997,0.4947836681821027,38.83151614642356,38.762726396632296,1.9213199999999997,1.9213199999999997,0.049478366818210266,10.0,stop_risk,64176.0,64176.0,0.06873795,0.009707879036605891,-0.049499999999999995,0.019237949999999997,-5.179979136077755e-05,1.61112900248531e-06,0.019799999999999998,-0.06878974979136077,-0.0017714927620124975,stop_intrabar,False,False,False
339,PF_XBTUSD,-1,0.0002,2026-07-07T02:31:00+00:00,2026-07-07T03:31:00+00:00,2026-07-07T03:31:00+00:00,63483.0,63450.0,63267.0,63300.0,12.690000000000001,0.3273763529982893,38.762726396632296,38.78010280817344,1.2690000000000001,1.2690000000000001,0.032737635299828934,10.0,stop_risk,63685.0,63685.0,0.06631680000000001,0.009690681599158075,0.030000000000000002,0.012675000000000002,5.141154124532852e-05,0.0,0.0132,0.017376411541245328,0.0004482762993357193,time_exit,False,False,False
340,PF_XBTUSD,-1,0.0003,2026-07-07T03:51:00+00:00,2026-07-07T04:51:00+00:00,2026-07-07T04:51:00+00:00,63150.0,63117.0,63028.0,63061.0,18.9351,0.48826843223347943,38.78010280817344,38.77799492135104,1.89351,1.89351,0.048826843223347946,9.999999999999998,stop_risk,63279.0,63279.0,0.07746434999999999,0.00969502570204336,0.0168,0.018926699999999998,1.8813177752830952e-05,0.0,0.019799999999999998,-0.0021078868222471694,-5.43548538969552e-05,time_exit,False,False,False
341,PF_XBTUSD,-1,0.0004,2026-07-07T05:16:00+00:00,2026-07-07T05:18:00+00:00,2026-07-07T05:19:00+00:00,62805.0,62773.0,62896.0,62928.0,25.1092,0.6475115603817607,38.77799492135104,38.69085777542198,2.5109200000000005,2.5109200000000005,0.06475115603817608,9.999999999999998,stop_risk,62896.0,62896.0,0.08714020000000001,0.00969449873033776,-0.062,0.0251402,3.054070939430831e-06,1.5270354697154154e-06,0.0256,-0.08713714592906056,-0.0022470771401613427,stop_intrabar,False,False,False
342,PF_ETHUSD,1,0.01,2026-07-07T06:46:00+00:00,2026-07-07T07:39:00+00:00,2026-07-07T07:40:00+00:00,1773.7,1774.8,1769.2,1768.1,17.748,0.4587130144029595,38.69085777542198,38.60628374415838,1.7748000000000002,1.7748000000000002,0.04587130144029595,10.0,stop_risk,1769.2,1769.2,0.08471450000000046,0.009672714443855496,-0.06700000000000046,0.0177145,0.00014046873629124047,1.6587008851040678e-06,0.022000000000000457,-0.08457403126370923,-0.0021858918650657084,stop_intrabar,False,False,False
343,PF_XBTUSD,-1,0.0003,2026-07-07T08:11:00+00:00,2026-07-07T08:12:00+00:00,2026-07-07T08:13:00+00:00,63041.0,63008.0,63131.0,63164.0,18.9024,0.48961977602571427,38.60628374415838,38.54055823462062,1.8902400000000001,1.8902400000000001,0.04896197760257143,10.0,stop_risk,63131.0,63131.0,0.0657258,0.009651570936039596,-0.046799999999999994,0.0189258,2.9046223864e-07,2.9046223864e-07,0.019799999999999998,-0.06572550953776136,-0.001702456262646789,stop_intrabar,False,False,False
344,PF_XBTUSD,1,0.0004,2026-07-07T09:51:00+00:00,2026-07-07T10:51:00+00:00,2026-07-07T10:51:00+00:00,63238.0,63271.0,63196.0,63163.0,25.308400000000002,0.6566692637385233,38.54055823462062,38.47203654761113,2.5308400000000004,2.5308400000000004,0.06566692637385234,10.0,stop_risk,63152.0,63152.0,0.086078,0.009635139558655156,-0.0432,0.0252868,-3.488700954442534e-05,0.0,0.0264,-0.06852168700954445,-0.0017779111187858213,time_exit,False,False,False
345,PF_XBTUSD,1,0.0003,2026-07-07T12:11:00+00:00,2026-07-07T12:31:00+00:00,2026-07-07T12:32:00+00:00,63651.0,63684.0,63554.0,63521.0,19.1052,0.49659965300657605,38.47203654761113,38.40403571581803,1.91052,1.91052,0.0496599653006576,10.0,stop_risk,63554.0,63554.0,0.06798074999999999,0.009618009136902785,-0.0489,0.01908075,-2.0081793084047223e-05,9.562758611451055e-07,0.019799999999999998,-0.06800083179308405,-0.0017675391763815132,stop_intrabar,False,False,False
346,PF_XBTUSD,-1,0.0003,2026-07-07T13:31:00+00:00,2026-07-07T13:46:00+00:00,2026-07-07T13:47:00+00:00,63137.0,63104.0,63224.0,63257.0,18.931199999999997,0.49294819273909085,38.40403571581803,38.33921914652724,1.8931199999999997,1.8931199999999997,0.049294819273909087,10.0,stop_risk,63224.0,63224.0,0.06485415,0.00960100892895451,-0.045899999999999996,0.01895415,3.7580709168337514e-05,2.5053806112225e-06,0.019799999999999998,-0.06481656929083165,-0.0016877541144493496,stop_intrabar,False,False,False
347,PF_ETHUSD,1,0.005,2026-07-07T15:01:00+00:00,2026-07-07T16:01:00+00:00,2026-07-07T16:01:00+00:00,1787.5,1788.7,1794.8,1793.6,8.9435,0.2332728782456202,38.33921914652724,38.35469001033217,0.8943500000000001,0.8943500000000001,0.02332728782456202,10.0,stop_risk,1775.2,1775.2,0.08240675000000022,0.00958480478663181,0.024499999999999317,0.00895575,-7.338619523943751e-05,0.0,0.012000000000000455,0.01547086380475988,0.0004035257928867137,time_exit,False,False,False
348,PF_ETHUSD,-1,0.008,2026-07-07T18:56:00+00:00,2026-07-07T19:56:00+00:00,2026-07-07T19:56:00+00:00,1787.1,1786.0,1788.9,1790.0,14.288,0.3725228908420595,38.35469001033217,38.3084375741645,1.4288,1.4288,0.03725228908420595,10.0,stop_risk,1793.7,1793.7,0.08472319999999964,0.009588672502583044,-0.032,0.014304,5.1563832495418116e-05,0.0,0.017599999999998544,-0.04625243616750458,-0.0012059134399220767,time_exit,False,False,False
349,PF_XBTUSD,-1,0.0003,2026-07-07T21:26:00+00:00,2026-07-07T22:26:00+00:00,2026-07-07T22:26:00+00:00,63386.0,63353.0,63397.0,63430.0,19.005899999999997,0.49612829975654554,38.3084375741645,38.26640504987707,1.9005899999999998,1.9005899999999998,0.049612829975654554,10.0,stop_risk,63537.0,63537.0,0.08413844999999999,0.009577109393541125,-0.0231,0.019017449999999998,8.492571257164702e-05,0.0,0.019799999999999998,-0.042032524287428354,-0.0010972132237461807,time_exit,False,False,False
350,PF_ETHUSD,1,0.009,2026-07-08T00:46:00+00:00,2026-07-08T01:04:00+00:00,2026-07-08T01:05:00+00:00,1781.7,1782.8,1776.7,1775.6,16.045199999999998,0.4193025182032756,38.26640504987707,38.18558222660077,1.60452,1.60452,0.041930251820327565,9.999999999999998,stop_risk,1776.7,1776.7,0.08081280000000039,0.00956660126246927,-0.0648000000000004,0.0160128,-1.0023276320751238e-05,6.255627509249998e-07,0.019800000000000408,-0.08082282327632116,-0.0021121091247263846,stop_intrabar,False,False,False
351,PF_XBTUSD,-1,0.0003,2026-07-08T05:46:00+00:00,2026-07-08T06:46:00+00:00,2026-07-08T06:46:00+00:00,62577.0,62545.0,62503.0,62535.0,18.763499999999997,0.4913765590545062,38.18558222660077,38.16989673796777,1.8763499999999997,1.8763499999999997,0.04913765590545062,10.0,stop_risk,62701.0,62701.0,0.0751917,0.009546395556650194,0.0029999999999999996,0.018761999999999997,7.651136711687622e-05,0.0,0.0192,-0.015685488632883122,-0.00041076992200360704,time_exit,False,False,False
352,PF_XBTUSD,1,0.0003,2026-07-08T07:36:00+00:00,2026-07-08T08:16:00+00:00,2026-07-08T08:17:00+00:00,62800.0,62832.0,62696.0,62664.0,18.8496,0.49383418900502857,38.16989673796777,38.10060788021038,1.88496,1.88496,0.04938341890050286,10.0,stop_risk,62696.0,62696.0,0.06922439999999999,0.009542474184491943,-0.05039999999999999,0.018824399999999998,-6.445775731707927e-05,2.9524710476401043e-06,0.0192,-0.06928885775731707,-0.0018152749595572032,stop_intrabar,False,False,False
353,PF_XBTUSD,-1,0.0002,2026-07-08T08:26:00+00:00,2026-07-08T09:26:00+00:00,2026-07-08T09:26:00+00:00,62145.0,62112.0,61783.0,61815.0,12.422400000000001,0.326042042138972,38.10060788021038,38.14774733595665,1.2422400000000002,1.2422400000000002,0.0326042042138972,10.0,stop_risk,62368.0,62368.0,0.0702513,0.009525151970052596,0.0594,0.012392700000000001,0.00013215574631158397,0.0,0.013000000000000001,0.047139455746311586,0.0012372363163999811,time_exit,False,False,False
354,PF_ETHUSD,1,0.011,2026-07-08T11:51:00+00:00,2026-07-08T12:43:00+00:00,2026-07-08T12:44:00+00:00,1745.9,1747.0,1742.2,1741.2,19.217,0.5037518947255574,38.14774733595665,38.06446261208875,1.9217,1.9217,0.050375189472555745,10.0,stop_risk,1742.2,1742.2,0.08298509999999949,0.009536936833989164,-0.0637999999999995,0.019185099999999997,-0.00029962386773754355,6.1857772772964215e-06,0.023099999999999,-0.08328472386773704,-0.0021832147291495755,stop_intrabar,False,False,False
355,PF_XBTUSD,-1,0.0002,2026-07-08T13:06:00+00:00,2026-07-08T13:35:00+00:00,2026-07-08T13:36:00+00:00,61859.0,61827.0,62026.0,62059.0,12.365400000000001,0.32485418554347123,38.06446261208875,38.00575493418442,1.2365400000000002,1.2365400000000002,0.032485418554347126,10.0,stop_risk,62026.0,62026.0,0.0585885,0.009516115653022187,-0.046400000000000004,0.012388600000000003,8.092209563619667e-05,2.790417090903333e-06,0.013000000000000001,-0.058707677904363806,-0.0015423225201587126,stop_intrabar,False,False,False
356,PF_XBTUSD,-1,0.0002,2026-07-08T13:56:00+00:00,2026-07-08T13:58:00+00:00,2026-07-08T13:59:00+00:00,61640.0,61608.0,61814.0,61846.0,12.3216,0.3242035323686543,38.00575493418442,37.9458151150186,1.2321600000000001,1.2321600000000001,0.032420353236865436,9.999999999999998,stop_risk,61814.0,61814.0,0.059945399999999996,0.009501438733546105,-0.0476,0.012345400000000001,5.580834181806666e-06,2.790417090903333e-06,0.0128,-0.0599398191658182,-0.0015771248135872471,stop_intrabar,False,False,False
357,PF_XBTUSD,1,0.0002,2026-07-08T17:31:00+00:00,2026-07-08T17:53:00+00:00,2026-07-08T17:54:00+00:00,62259.0,62291.0,62094.0,62062.0,12.4582,0.3283155194383784,37.9458151150186,37.88749868270297,1.2458200000000001,1.2458200000000001,0.03283155194383784,9.999999999999998,stop_risk,62094.0,62094.0,0.05823530000000001,0.00948645377875465,-0.0458,0.0124353,-8.113231554695747e-05,3.5274919803025003e-06,0.0128,-0.05831643231554696,-0.0015368343554824802,stop_intrabar,False,False,False
358,PF_XBTUSD,-1,0.0003,2026-07-08T21:16:00+00:00,2026-07-08T21:30:00+00:00,2026-07-08T21:31:00+00:00,61960.0,61928.0,62086.0,62118.0,18.5784,0.4903569949441323,37.88749868270297,37.811960644861884,1.85784,1.85784,0.049035699494413235,10.0,stop_risk,62086.0,62086.0,0.07560689999999999,0.009471874670675742,-0.056999999999999995,0.018606899999999996,6.886215888570523e-05,4.91872563469323e-06,0.0192,-0.07553803784111429,-0.0019937457068286268,stop_intrabar,False,False,False
359,PF_ETHUSD,-1,0.005,2026-07-09T01:51:00+00:00,2026-07-09T02:51:00+00:00,2026-07-09T02:51:00+00:00,1730.9,1729.9,1723.6,1724.6,8.649500000000002,0.22875037031901035,37.811960644861884,37.82996125587017,0.8649500000000002,0.8649500000000002,0.022875037031901038,10.0,stop_risk,1742.6,1742.6,0.0771837499999991,0.009452990161215473,0.02650000000000091,0.00863625,0.00013686100843271915,0.0,0.01,0.01800061100843363,0.0004760560071851143,time_exit,False,False,False
360,PF_XBTUSD,1,0.0003,2026-07-09T04:41:00+00:00,2026-07-09T05:41:00+00:00,2026-07-09T05:41:00+00:00,62212.0,62244.0,62331.0,62299.0,18.673199999999998,0.49360875295906975,37.82996125587017,37.8276475318036,1.8673199999999999,1.8673199999999999,0.04936087529590698,10.0,stop_risk,62093.0,62093.0,0.07354575,0.009457490313967544,0.016499999999999997,0.01868145,-0.0001322740665897126,0.0,0.0192,-0.002313724066589714,-6.116115348203503e-05,time_exit,False,False,False
361,PF_ETHUSD,1,0.009,2026-07-09T06:06:00+00:00,2026-07-09T07:06:00+00:00,2026-07-09T07:06:00+00:00,1749.1,1750.2,1753.3,1752.2,15.7518,0.4164097169076314,37.8276475318036,37.829816747259784,1.57518,1.57518,0.04164097169076315,10.0,stop_risk,1743.6,1743.6,0.0850171500000004,0.0094569118829509,0.018,0.0157608,-6.998454394312973e-05,0.0,0.019800000000000408,0.002169215456056869,5.7344709428020884e-05,time_exit,False,False,False
362,PF_ETHUSD,-1,0.014,2026-07-09T11:26:00+00:00,2026-07-09T11:56:00+00:00,2026-07-09T11:57:00+00:00,1741.6,1740.6,1743.6,1744.7,24.368399999999998,0.6441585525725586,37.829816747259784,37.74816554893516,2.43684,2.43684,0.06441585525725586,9.999999999999998,stop_risk,1743.6,1743.6,0.08179710000000191,0.009457454186814948,-0.05740000000000191,0.0243971,0.00014590167544575007,4.863389181525e-06,0.02940000000000191,-0.08165119832455615,-0.002158382073856347,stop_intrabar,False,False,False
363,PF_ETHUSD,-1,0.011,2026-07-09T12:51:00+00:00,2026-07-09T13:01:00+00:00,2026-07-09T13:02:00+00:00,1739.3,1738.3,1742.7,1743.7,19.121299999999998,0.5065491189290228,37.74816554893516,37.66962213713851,1.9121299999999999,1.9121299999999999,0.05065491189290228,10.0,stop_risk,1742.7,1742.7,0.078551000000001,0.009437041387233792,-0.059400000000000994,0.019150999999999998,7.5882033423634585e-06,2.2876414632499997e-07,0.022,-0.07854341179665864,-0.0020807212921337384,stop_intrabar,False,False,False
364,PF_XBTUSD,1,0.0002,2026-07-09T14:01:00+00:00,2026-07-09T14:15:00+00:00,2026-07-09T14:16:00+00:00,62973.0,63005.0,62719.0,62687.0,12.601,0.3345135757965744,37.66962213713851,37.593421480445365,1.2601000000000002,1.2601000000000002,0.03345135757965745,9.999999999999998,stop_risk,62719.0,62719.0,0.0761692,0.009417405534284629,-0.0636,0.0125692,-3.145669319213751e-05,2.097112879475834e-06,0.0128,-0.07620065669319215,-0.0020228675619781665,stop_intrabar,False,False,False
365,PF_ETHUSD,-1,0.009,2026-07-09T16:36:00+00:00,2026-07-09T16:42:00+00:00,2026-07-09T16:43:00+00:00,1734.0,1733.0,1739.0,1740.0,15.597,0.41488641857493475,37.593421480445365,37.51480095660449,1.5597,1.5597,0.04148864185749348,10.0,stop_risk,1739.0,1739.0,0.07862849999999999,0.009398355370111341,-0.063,0.0156285,7.976159146350522e-06,1.329359857725087e-06,0.018,-0.07862052384085365,-0.002091337280426816,stop_intrabar,False,False,False
366,PF_XBTUSD,1,0.0002,2026-07-09T17:46:00+00:00,2026-07-09T18:46:00+00:00,2026-07-09T18:46:00+00:00,62988.0,63020.0,63292.0,63259.0,12.604000000000001,0.33597406033367383,37.51480095660449,37.54988143378491,1.2604000000000002,1.2604000000000002,0.03359740603336738,10.0,stop_risk,62823.0,62823.0,0.058381100000000005,0.009378700239151123,0.0478,0.012627900000000001,-9.16228195063701e-05,0.0,0.013000000000000001,0.035080477180493626,0.0009351103107563656,time_exit,False,False,False
367,PF_XBTUSD,1,0.0002,2026-07-10T01:31:00+00:00,2026-07-10T02:31:00+00:00,2026-07-10T02:31:00+00:00,63330.0,63363.0,63764.0,63731.0,12.672600000000001,0.33748708427606455,37.54988143378491,37.610634242413695,1.2672600000000003,1.2672600000000003,0.03374870842760646,9.999999999999998,stop_risk,63152.0,63152.0,0.0614482,0.009387470358446228,0.0736,0.012709400000000001,-0.0001377913713211634,0.0,0.0132,0.06075280862867883,0.0016179227818817411,time_exit,False,False,False
368,PF_ETHUSD,1,0.01,2026-07-10T03:51:00+00:00,2026-07-10T04:30:00+00:00,2026-07-10T04:31:00+00:00,1776.5,1777.6,1772.2,1771.1,17.776,0.47263228493908027,37.610634242413695,37.52740807923528,1.7776,1.7776,0.04726322849390803,10.0,stop_risk,1772.2,1772.2,0.0827435,0.009402658560603426,-0.065,0.0177435,-0.00048266317828788623,1.0415010163097124e-05,0.022000000000000457,-0.0832261631782879,-0.002212835940012768,stop_intrabar,False,False,False
369,PF_XBTUSD,1,0.0003,2026-07-10T04:46:00+00:00,2026-07-10T05:02:00+00:00,2026-07-10T05:03:00+00:00,64063.0,64096.0,63921.0,63888.0,19.2288,0.5123935007555107,37.52740807923528,37.445759568639865,1.9228800000000001,1.9228800000000001,0.051239350075551075,9.999999999999998,stop_risk,63921.0,63921.0,0.08159759999999999,0.00938185201980882,-0.0624,0.019197600000000002,-5.091059541942902e-05,2.7288664898394814e-06,0.019799999999999998,-0.08164851059541942,-0.002175703433155494,stop_intrabar,False,False,False
370,PF_XBTUSD,-1,0.0003,2026-07-10T06:31:00+00:00,2026-07-10T07:24:00+00:00,2026-07-10T07:25:00+00:00,63877.0,63844.0,63973.0,64006.0,19.1532,0.5114918276631902,37.445759568639865,37.37814458027657,1.91532,1.91532,0.051149182766319023,10.0,stop_risk,63973.0,63973.0,0.0677775,0.009361439892159967,-0.0486,0.0191775,0.0001625116366893458,3.1277038128407268e-06,0.019799999999999998,-0.06761498836331065,-0.0018056781099437746,stop_intrabar,False,False,False
371,PF_XBTUSD,1,0.0004,2026-07-10T08:26:00+00:00,2026-07-10T08:36:00+00:00,2026-07-10T08:37:00+00:00,64225.0,64258.0,64167.0,64134.0,25.703200000000002,0.687653180451415,37.37814458027657,37.302801258439246,2.5703200000000006,2.5703200000000006,0.06876531804514151,9.999999999999998,stop_risk,64167.0,64167.0,0.07527840000000001,0.009344536145069143,-0.049600000000000005,0.025678400000000004,-6.492183729334268e-05,5.901985208485698e-06,0.0264,-0.07534332183729335,-0.0020157052385379763,stop_intrabar,False,False,False
372,PF_ETHUSD,1,0.01,2026-07-10T09:41:00+00:00,2026-07-10T10:41:00+00:00,2026-07-10T10:41:00+00:00,1791.4,1792.5,1796.4,1795.3,17.925,0.480526914743292,37.302801258439246,37.3120695241066,1.7925000000000002,1.7925000000000002,0.0480526914743292,10.0,stop_risk,1787.7,1787.7,0.07689550000000091,0.009325700314609811,0.027999999999999546,0.017939,-0.0007927343325181244,0.0,0.022000000000000457,0.009268265667481424,0.00024846031275961095,time_exit,False,False,False
373,PF_XBTUSD,-1,0.0002,2026-07-10T13:01:00+00:00,2026-07-10T13:45:00+00:00,2026-07-10T13:46:00+00:00,64257.0,64224.0,64419.0,64452.0,12.844800000000001,0.3442532178951164,37.3120695241066,37.253563647523734,1.2844800000000003,1.2844800000000003,0.034425321789511645,9.999999999999998,stop_risk,64419.0,64419.0,0.05846760000000001,0.00932801738102665,-0.0456,0.012867600000000002,-3.82765828386407e-05,8.505907297475714e-07,0.0132,-0.058505876582838644,-0.0015680147825903664,stop_intrabar,False,False,False
374,PF_ETHUSD,-1,0.007,2026-07-10T14:26:00+00:00,2026-07-10T15:16:00+00:00,2026-07-10T15:17:00+00:00,1785.9,1784.7,1793.6,1794.7,12.4929,0.33534778358929995,37.253563647523734,37.171113385110544,1.2492900000000002,1.2492900000000002,0.03353477835893,9.999999999999998,stop_risk,1793.6,1793.6,0.08322824999999937,0.009313390911880935,-0.07,0.012527900000000002,7.763758677110875e-05,3.9175898693749997e-07,0.016100000000001273,-0.0824502624132289,-0.002213218128427545,stop_intrabar,False,False,False
375,PF_ETHUSD,1,0.01,2026-07-10T17:06:00+00:00,2026-07-10T17:10:00+00:00,2026-07-10T17:11:00+00:00,1795.4,1796.5,1791.5,1790.4,17.965,0.4833054047607881,37.171113385110544,37.09218114196395,1.7965,1.7965,0.04833054047607881,10.0,stop_risk,1791.5,1791.5,0.07893449999999909,0.009292778346277637,-0.06099999999999909,0.0179345,2.25685340625e-06,5.642133515625e-07,0.02199999999999818,-0.07893224314659283,-0.0021234834245834116,stop_intrabar,False,False,False
376,PF_ETHUSD,-1,0.012,2026-07-10T18:56:00+00:00,2026-07-10T19:04:00+00:00,2026-07-10T19:05:00+00:00,1782.2,1781.1,1784.7,1785.8,21.3732,0.5762184735968411,37.09218114196395,37.014379948987674,2.1373200000000003,2.1373200000000003,0.05762184735968412,9.999999999999998,stop_risk,1784.7,1784.7,0.07780140000000055,0.009273045285490987,-0.05640000000000055,0.0214014,2.0702370601773677e-07,5.904307813832145e-07,0.026400000000000545,-0.07780119297629454,-0.002097509248068315,stop_intrabar,False,False,False
377,PF_XBTUSD,1,0.0003,2026-07-10T23:36:00+00:00,2026-07-10T23:51:00+00:00,2026-07-10T23:52:00+00:00,64167.0,64200.0,64084.0,64051.0,19.259999999999998,0.520338312475953,37.014379948987674,36.9504261230064,1.926,1.926,0.05203383124759531,10.0,stop_risk,64084.0,64084.0,0.06393764999999998,0.009253594987246918,-0.0447,0.019237650000000002,-1.6175981317885045e-05,1.010998832367815e-06,0.019799999999999998,-0.06395382598131788,-0.0017278102745326952,stop_intrabar,False,False,False
378,PF_XBTUSD,1,0.0003,2026-07-11T01:31:00+00:00,2026-07-11T01:38:00+00:00,2026-07-11T01:39:00+00:00,64178.0,64211.0,64098.0,64065.0,19.263299999999997,0.5213282232760534,36.9504261230064,36.88740715965998,1.9263299999999999,1.9263299999999999,0.05213282232760534,10.0,stop_risk,64098.0,64098.0,0.0630414,0.009237606530751601,-0.0438,0.0192414,2.243665359517312e-05,3.2052362278818744e-06,0.019799999999999998,-0.06301896334640482,-0.0017055003137613992,stop_intrabar,False,False,False
379,PF_ETHUSD,1,0.014,2026-07-11T04:41:00+00:00,2026-07-11T04:50:00+00:00,2026-07-11T04:51:00+00:00,1797.7,1798.8,1795.9,1794.8,25.1832,0.6827045308714546,36.88740715965998,36.806215977647945,2.51832,2.51832,0.06827045308714545,10.0,stop_risk,1795.9,1795.9,0.08115520000000001,0.009221851789914996,-0.056,0.0251552,-3.5982012063375013e-05,3.5982012063375003e-06,0.030800000000000636,-0.08119118201206338,-0.0022010541879683523,stop_intrabar,False,False,False
380,PF_ETHUSD,-1,0.014,2026-07-11T09:21:00+00:00,2026-07-11T09:38:00+00:00,2026-07-11T09:39:00+00:00,1797.4,1796.3,1799.2,1800.3,25.1482,0.6832595889583503,36.806215977647945,36.72516309970493,2.5148200000000003,2.5148200000000003,0.06832595889583504,9.999999999999998,stop_risk,1799.2,1799.2,0.0811762,0.009201553994411986,-0.056,0.0251762,0.0001233220569867246,7.254238646277918e-06,0.030800000000000636,-0.08105287794301327,-0.0022021518863073533,stop_intrabar,False,False,False
381,PF_XBTUSD,-1,0.0004,2026-07-11T10:46:00+00:00,2026-07-11T11:06:00+00:00,2026-07-11T11:07:00+00:00,64109.0,64076.0,64147.0,64180.0,25.6304,0.6978975132231865,36.72516309970493,36.657979360190566,2.5630400000000004,2.5630400000000004,0.06978975132231865,9.999999999999998,stop_risk,64147.0,64147.0,0.0672512,0.009181290774926232,-0.041600000000000005,0.0256512,6.746048568499252e-05,5.000177468960976e-06,0.0264,-0.06718373951431501,-0.0018293653136929105,stop_intrabar,False,False,False
382,PF_ETHUSD,1,0.013,2026-07-11T11:41:00+00:00,2026-07-11T12:41:00+00:00,2026-07-11T12:41:00+00:00,1798.2,1799.3,1796.9,1795.8,23.3909,0.6380848155913851,36.657979360190566,36.58905306725258,2.33909,2.33909,0.06380848155913851,9.999999999999998,stop_risk,1796.3,1796.3,0.07666424999999881,0.009164494840047643,-0.0455,0.023368149999999997,-5.814293806247675e-05,0.0,0.02860000000000059,-0.06892629293806246,-0.0018802534711696163,time_exit,False,False,False
383,PF_XBTUSD,1,0.0004,2026-07-11T14:26:00+00:00,2026-07-11T15:26:00+00:00,2026-07-11T15:26:00+00:00,64307.0,64340.0,64398.0,64365.0,25.736,0.7033797773529666,36.58905306725258,36.573192665440324,2.5736000000000003,2.5736000000000003,0.07033797773529668,9.999999999999998,stop_risk,64259.0,64259.0,0.07131320000000001,0.009147263266813145,0.01,0.025741,-0.00011940181225785386,0.0,0.0264,-0.015860401812257854,-0.000433473962365345,time_exit,False,False,False
384,PF_XBTUSD,-1,0.0002,2026-07-11T15:46:00+00:00,2026-07-11T16:33:00+00:00,2026-07-11T16:34:00+00:00,64034.0,64001.0,64196.0,64229.0,12.8002,0.34998858636958685,36.573192665440324,36.51481588163063,1.2800200000000002,1.2800200000000002,0.03499885863695869,9.999999999999998,stop_risk,64196.0,64196.0,0.058423,0.009143298166360081,-0.0456,0.012823000000000001,4.621619033621349e-05,9.486583332075e-07,0.0132,-0.05837678380966379,-0.0015961631882585594,stop_intrabar,False,False,False
385,PF_XBTUSD,1,0.0003,2026-07-11T17:36:00+00:00,2026-07-11T18:00:00+00:00,2026-07-11T18:01:00+00:00,64339.0,64372.0,64249.0,64216.0,19.3116,0.5288702553670827,36.51481588163063,36.44870787952338,1.93116,1.93116,0.05288702553670827,10.0,stop_risk,64249.0,64249.0,0.06608819999999999,0.009128703970407657,-0.046799999999999994,0.0192882,-1.9802107173864128e-05,1.2051985340415593e-06,0.019799999999999998,-0.06610800210717385,-0.0018104432546360051,stop_intrabar,False,False,False
386,PF_ETHUSD,-1,0.011,2026-07-11T19:36:00+00:00,2026-07-11T19:45:00+00:00,2026-07-11T19:46:00+00:00,1818.6,1817.5,1821.6,1822.7,19.9925,0.5485105278925851,36.44870787952338,36.371439635250894,1.99925,1.99925,0.05485105278925852,10.0,stop_risk,1821.6,1821.6,0.0772211000000005,0.009112176969880847,-0.057200000000000494,0.0200211,-4.7144272514395816e-05,4.714427251439582e-06,0.0242000000000005,-0.0772682442725149,-0.0021199172417281664,stop_intrabar,False,False,False
387,PF_ETHUSD,-1,0.011,2026-07-11T22:26:00+00:00,2026-07-11T23:26:00+00:00,2026-07-11T23:26:00+00:00,1812.4,1811.3,1795.2,1796.3,19.9243,0.5478006974650939,36.371439635250894,36.516289250990525,1.99243,1.99243,0.05478006974650939,10.0,stop_risk,1815.7,1815.7,0.08045455,0.009092859908812725,0.16499999999999998,0.0198418,-0.00030858426044407775,0.0,0.0242000000000005,0.1448496157395559,0.003982509826176055,time_exit,False,False,False
388,PF_ETHUSD,-1,0.007,2026-07-11T23:31:00+00:00,2026-07-12T00:31:00+00:00,2026-07-12T00:31:00+00:00,1794.1,1792.9,1781.9,1783.0,12.5503,0.34369045314919466,36.516289250990525,36.572786630850565,1.25503,1.25503,0.034369045314919466,10.0,stop_risk,1801.0,1801.0,0.07768284999999969,0.009129072312747632,0.06930000000000064,0.01251565,-0.00028697013997855164,0.0,0.01609999999999809,0.056497379860022075,0.001547182942705208,time_exit,False,False,False
389,PF_ETHUSD,1,0.007,2026-07-12T01:26:00+00:00,2026-07-12T02:26:00+00:00,2026-07-12T02:26:00+00:00,1799.5,1800.6,1805.0,1803.9,12.604199999999999,0.34463329598647174,36.572786630850565,36.583475527048996,1.2604199999999999,1.2604199999999999,0.034463329598647174,10.0,stop_risk,1792.9,1792.9,0.07417339999999968,0.009143196657712642,0.023100000000001272,0.012615750000000002,0.0002046461985880206,0.0,0.015399999999998727,0.010688896198589294,0.0002922636523838956,time_exit,False,False,False
390,PF_XBTUSD,-1,0.0004,2026-07-12T04:41:00+00:00,2026-07-12T05:41:00+00:00,2026-07-12T05:41:00+00:00,63971.0,63938.0,63931.0,63964.0,25.575200000000002,0.6990915879791213,36.583475527048996,36.54777150156866,2.5575200000000002,2.5575200000000002,0.06990915879791212,10.0,stop_risk,64041.0,64041.0,0.0800024,0.00914586888176225,-0.010400000000000001,0.025580400000000003,0.00027637451954595825,0.0,0.0264,-0.035704025480454045,-0.0009759604566289853,time_exit,False,False,False
391,PF_XBTUSD,-1,0.0003,2026-07-12T06:11:00+00:00,2026-07-12T07:11:00+00:00,2026-07-12T07:11:00+00:00,63729.0,63696.0,63765.0,63798.0,19.1088,0.522844463969023,36.54777150156866,36.49822461162133,1.91088,1.91088,0.052284446396902294,10.0,stop_risk,63814.0,63814.0,0.06443145,0.009136942875392165,-0.0306,0.019124099999999998,0.0001772100525747896,0.0,0.019799999999999998,-0.04954688994742521,-0.0013556747213793491,time_exit,False,False,False
392,PF_XBTUSD,1,0.0005,2026-07-12T08:11:00+00:00,2026-07-12T08:47:00+00:00,2026-07-12T08:48:00+00:00,63945.0,63978.0,63911.0,63878.0,31.989,0.8764535902881819,36.49822461162133,36.4160645559917,3.1989,3.1989,0.08764535902881819,10.0,stop_risk,63911.0,63911.0,0.081964,0.009124556152905333,-0.05,0.031964000000000006,-0.00019605562954693462,5.298800798565802e-06,0.033,-0.08216005562954694,-0.0022510699219979733,stop_intrabar,False,False,False
393,PF_XBTUSD,-1,0.0004,2026-07-12T09:26:00+00:00,2026-07-12T09:28:00+00:00,2026-07-12T09:29:00+00:00,63761.0,63728.0,63799.0,63832.0,25.491200000000003,0.6999987590862785,36.4160645559917,36.34895690338092,2.5491200000000003,2.5491200000000003,0.06999987590862786,10.0,stop_risk,63799.0,63799.0,0.067112,0.009104016138997927,-0.041600000000000005,0.025512,4.3473892215563955e-06,2.1736946107781977e-06,0.0264,-0.06710765261077845,-0.001842803538191139,stop_intrabar,False,False,False
394,PF_ETHUSD,1,0.012,2026-07-12T11:41:00+00:00,2026-07-12T12:41:00+00:00,2026-07-12T12:41:00+00:00,1803.3,1804.4,1803.7,1802.6,21.652800000000003,0.5956924722091822,36.34895690338092,36.30599486958713,2.1652800000000005,2.1652800000000005,0.05956924722091823,9.999999999999998,stop_risk,1800.7,1800.7,0.07922400000000218,0.009087239225845232,-0.021600000000002183,0.021642,0.00027996620625874905,0.0,0.026400000000003275,-0.04296203379374344,-0.0011819330581601206,time_exit,False,False,False
395,PF_ETHUSD,1,0.009,2026-07-12T14:51:00+00:00,2026-07-12T15:51:00+00:00,2026-07-12T15:51:00+00:00,1814.6,1815.7,1822.9,1821.8,16.3413,0.45009922076777487,36.30599486958713,36.34437071889124,1.63413,1.63413,0.04500992207677749,10.0,stop_risk,1810.4,1810.4,0.07391250000000081,0.009076498717396783,0.05489999999999918,0.016368749999999998,-0.00015540069592810687,0.0,0.019800000000002455,0.03837584930407107,0.0010570113680101305,time_exit,False,False,False
396,PF_ETHUSD,-1,0.01,2026-07-12T21:26:00+00:00,2026-07-12T22:26:00+00:00,2026-07-12T22:26:00+00:00,1813.0,1811.9,1802.2,1803.3,18.119,0.49853662731274156,36.34437071889124,36.412399131215494,1.8119,1.8119,0.04985366273127416,10.0,stop_risk,1816.5,1816.5,0.07514749999999819,0.009086092679722811,0.08600000000000137,0.018076000000000002,0.00010441232424389506,0.0,0.02199999999999818,0.06802841232424527,0.0018717730140498802,time_exit,False,False,False
397,PF_ETHUSD,1,0.003,2026-07-13T00:11:00+00:00,2026-07-13T00:39:00+00:00,2026-07-13T00:40:00+00:00,1836.0,1837.1,1814.4,1813.3,5.511299999999999,0.1513577828294014,36.412399131215494,36.335507987875864,0.55113,0.55113,0.015135778282940143,9.999999999999998,stop_risk,1814.4,1814.4,0.07687559999999986,0.009103099782803874,-0.07139999999999987,0.0054756,-1.5543339711567545e-05,5.359772314333635e-07,0.006600000000000136,-0.07689114333971143,-0.0021116747364716888,stop_intrabar,False,False,False
398,PF_XBTUSD,-1,0.0002,2026-07-13T02:06:00+00:00,2026-07-13T03:06:00+00:00,2026-07-13T03:06:00+00:00,63310.0,63277.0,63228.0,63261.0,12.6554,0.34829291513476984,36.335507987875864,36.32606686264487,1.26554,1.26554,0.03482929151347699,10.0,stop_risk,63540.0,63540.0,0.071885,0.009083876996968967,0.0032,0.0126538,1.2674769028597085e-05,0.0,0.0132,-0.009441125230971403,-0.00025983193173249815,time_exit,False,False,False
399,PF_XBTUSD,-1,0.0003,2026-07-13T03:16:00+00:00,2026-07-13T04:16:00+00:00,2026-07-13T04:16:00+00:00,63068.0,63035.0,62791.0,62823.0,18.9105,0.5205765895741993,36.32606686264487,36.37082108468276,1.89105,1.89105,0.05205765895741992,10.0,stop_risk,63170.0,63170.0,0.0693357,0.009081516715661219,0.06359999999999999,0.018878699999999998,3.2922037902446265e-05,0.0,0.0195,0.044754222037902434,0.0012320139751745179,time_exit,False,False,False
400,PF_XBTUSD,1,0.0004,2026-07-13T07:31:00+00:00,2026-07-13T08:31:00+00:00,2026-07-13T08:31:00+00:00,62895.0,62931.0,63040.0,63007.0,25.1724,0.692104254159968,36.37082108468276,36.37594318125375,2.51724,2.51724,0.0692104254159968,10.0,stop_risk,62841.0,62841.0,0.0755472,0.00909270527117069,0.0304,0.0251876,-9.030342891929242e-05,0.0,0.027600000000000003,0.005122096571080705,0.00014082983057090866,time_exit,False,False,False
401,PF_XBTUSD,1,0.0002,2026-07-13T08:51:00+00:00,2026-07-13T09:34:00+00:00,2026-07-13T09:35:00+00:00,63199.0,63232.0,63031.0,62998.0,12.6464,0.34765833938616025,36.37594318125375,36.31646890401064,1.26464,1.26464,0.03476583393861603,10.0,stop_risk,63031.0,63031.0,0.059423000000000004,0.009093985795313439,-0.0468,0.012623,-5.127724302681745e-05,1.2720879747882631e-06,0.0132,-0.05947427724302682,-0.0016349892825233115,stop_intrabar,False,False,False
402,PF_ETHUSD,-1,0.012,2026-07-13T10:16:00+00:00,2026-07-13T10:19:00+00:00,2026-07-13T10:20:00+00:00,1780.6,1779.5,1783.2,1784.3,21.354,0.5879976948321027,36.31646890401064,36.23748815265689,2.1354,2.1354,0.058799769483210286,9.999999999999998,stop_risk,1783.2,1783.2,0.07898279999999946,0.00907911722600266,-0.05759999999999946,0.0213828,2.04864624975e-06,6.8288208325e-07,0.026399999999997818,-0.0789807513537497,-0.002174791595584542,stop_intrabar,False,False,False
403,PF_ETHUSD,-1,0.009,2026-07-13T10:51:00+00:00,2026-07-13T11:03:00+00:00,2026-07-13T11:04:00+00:00,1776.6,1775.5,1781.1,1782.2,15.979499999999998,0.4409659944608606,36.23748815265689,36.161188034205814,1.59795,1.59795,0.044096599446086064,9.999999999999998,stop_risk,1781.1,1781.1,0.07630965000000041,0.009059372038164223,-0.0603000000000004,0.01600965,9.531548920687768e-06,1.640698286250089e-06,0.019800000000000408,-0.0763001184510797,-0.002105557596311638,stop_intrabar,False,False,False
404,PF_XBTUSD,-1,0.0003,2026-07-13T12:31:00+00:00,2026-07-13T13:31:00+00:00,2026-07-13T13:31:00+00:00,62715.0,62682.0,62560.0,62592.0,18.804599999999997,0.5200216315407623,36.161188034205814,36.16978364207276,1.8804599999999998,1.8804599999999998,0.05200216315407623,10.0,stop_risk,62804.0,62804.0,0.06532784999999999,0.009040297008551454,0.026999999999999996,0.018791099999999998,0.0003867078671330422,0.0,0.0195,0.00859560786713304,0.00023770258485429822,time_exit,False,False,False
405,PF_XBTUSD,-1,0.0002,2026-07-13T13:51:00+00:00,2026-07-13T14:20:00+00:00,2026-07-13T14:21:00+00:00,62272.0,62240.0,62466.0,62498.0,12.448,0.34415467129088556,36.16978364207276,36.10581473812328,1.2448000000000001,1.2448000000000001,0.03441546712908856,10.0,stop_risk,62466.0,62466.0,0.06407380000000001,0.00904244591051819,-0.0516,0.0124738,0.00010489605048686246,3.5393860412081253e-06,0.0128,-0.06396890394951314,-0.0017685730327428443,stop_intrabar,False,False,False
406,PF_ETHUSD,1,0.008,2026-07-13T15:26:00+00:00,2026-07-13T15:41:00+00:00,2026-07-13T15:42:00+00:00,1782.0,1783.1,1776.4,1775.3,14.2648,0.39508317714094215,36.10581473812328,36.02914370838997,1.42648,1.42648,0.039508317714094215,10.0,stop_risk,1776.4,1776.4,0.07663359999999964,0.009026453684530821,-0.062399999999999636,0.014233599999999999,-3.742973330329016e-05,2.3393583314556353e-06,0.017600000000000365,-0.07667102973330292,-0.0021235091989863833,stop_intrabar,False,False,False
407,PF_XBTUSD,-1,0.0002,2026-07-13T16:26:00+00:00,2026-07-13T17:26:00+00:00,2026-07-13T17:26:00+00:00,62258.0,62226.0,62137.0,62169.0,12.4452,0.3454203658218481,36.02914370838997,36.02833243016749,1.24452,1.24452,0.03454203658218481,10.0,stop_risk,62405.0,62405.0,0.0546663,0.009007285927097491,0.0114,0.0124395,0.00022822177752521727,0.0,0.0128,-0.0008112782224747823,-2.2517277375256164e-05,time_exit,False,False,False
408,PF_XBTUSD,-1,0.0004,2026-07-13T17:31:00+00:00,2026-07-13T18:31:00+00:00,2026-07-13T18:31:00+00:00,62167.0,62135.0,61861.0,61893.0,24.854000000000003,0.6898459718659941,36.02833243016749,36.10084604691182,2.4854000000000003,2.4854000000000003,0.06898459718659941,10.0,stop_risk,62243.0,62243.0,0.080882,0.009007083107541872,0.09680000000000001,0.024805600000000004,0.0005192167444035874,0.0,0.0256,0.07251361674440358,0.002012683126118987,time_exit,False,False,False
409,PF_XBTUSD,1,0.0003,2026-07-13T20:01:00+00:00,2026-07-13T20:15:00+00:00,2026-07-13T20:16:00+00:00,62198.0,62230.0,62117.0,62085.0,18.668999999999997,0.5171346947309841,36.10084604691182,36.038586247490514,1.8668999999999998,1.8668999999999998,0.05171346947309841,10.0,stop_risk,62117.0,62117.0,0.062147249999999994,0.009025211511727955,-0.0435,0.018647249999999997,-0.00011254942127327653,7.50329475155177e-06,0.0192,-0.06225979942127327,-0.0017246077651578797,stop_intrabar,False,False,False
410,PF_ETHUSD,-1,0.01,2026-07-13T21:36:00+00:00,2026-07-13T21:58:00+00:00,2026-07-13T21:59:00+00:00,1756.6,1755.5,1760.4,1761.5,17.555,0.4871167775406954,36.038586247490514,35.96107463011852,1.7555,1.7555,0.04871167775406954,10.0,stop_risk,1760.4,1760.4,0.077585,0.00900964656187263,-0.06,0.017585000000000003,7.338262804950216e-05,3.335574002250098e-06,0.02199999999999818,-0.07751161737195049,-0.002150795173807571,stop_intrabar,False,False,False
411,PF_ETHUSD,1,0.01,2026-07-13T23:56:00+00:00,2026-07-14T00:56:00+00:00,2026-07-14T00:56:00+00:00,1772.7,1773.8,1784.7,1783.6,17.738,0.4932555598642726,35.96107463011852,36.040845400654376,1.7738,1.7738,0.049325555986427266,10.0,stop_risk,1769.1,1769.1,0.07570899999999955,0.008990268657529629,0.09799999999999955,0.017786999999999997,-0.0004422294640893336,0.0,0.022000000000000457,0.07977077053591021,0.0022182532462225063,time_exit,False,False,False
412,PF_ETHUSD,1,0.008,2026-07-14T01:01:00+00:00,2026-07-14T02:01:00+00:00,2026-07-14T02:01:00+00:00,1783.3,1784.4,1781.3,1780.1,14.275200000000002,0.39608393868976266,36.040845400654376,35.991987008970966,1.4275200000000003,1.4275200000000003,0.03960839386897627,9.999999999999998,stop_risk,1778.2,1778.2,0.07264600000000145,0.009010211350163595,-0.03440000000000146,0.014258,-0.0002003916832645954,0.0,0.018400000000001457,-0.048858391683266056,-0.0013556394457489324,time_exit,False,False,False
413,PF_XBTUSD,1,0.0004,2026-07-14T04:41:00+00:00,2026-07-14T05:41:00+00:00,2026-07-14T05:41:00+00:00,62651.0,62683.0,62685.0,62653.0,25.0732,0.6966328364630308,35.991987008970966,35.95505437362873,2.50732,2.50732,0.06966328364630307,10.0,stop_risk,62589.0,62589.0,0.075448,0.008997996752242741,-0.012,0.025067199999999998,0.00013456465773921625,0.0,0.0256,-0.03693263534226078,-0.0010261349375641684,time_exit,False,False,False
414,PF_XBTUSD,1,0.0003,2026-07-14T08:46:00+00:00,2026-07-14T08:51:00+00:00,2026-07-14T08:52:00+00:00,62708.0,62740.0,62601.0,62569.0,18.822,0.5234869012965536,35.95505437362873,35.8849493722267,1.8822,1.8822,0.052348690129655366,9.999999999999998,stop_risk,62601.0,62601.0,0.07009634999999999,0.008988763593407181,-0.0513,0.018796349999999996,-8.651402029646873e-06,1.441900338274479e-06,0.0192,-0.07010500140202965,-0.0019497954494389037,stop_intrabar,False,False,False
415,PF_XBTUSD,1,0.0003,2026-07-14T10:46:00+00:00,2026-07-14T11:46:00+00:00,2026-07-14T11:46:00+00:00,62726.0,62758.0,62773.0,62741.0,18.827399999999997,0.5246600686183924,35.8849493722267,35.86102223109866,1.8827399999999999,1.8827399999999999,0.05246600686183924,10.0,stop_risk,62633.0,62633.0,0.06590385,0.008971237343056675,-0.0050999999999999995,0.018824849999999997,-2.2911279405456333e-06,0.0,0.0192,-0.023927141127940543,-0.000666773718411849,time_exit,False,False,False
416,PF_XBTUSD,1,0.0003,2026-07-14T12:26:00+00:00,2026-07-14T12:29:00+00:00,2026-07-14T12:30:00+00:00,62962.0,62994.0,62831.0,62799.0,18.8982,0.526984419970368,35.86102223109866,35.78365538498189,1.88982,1.88982,0.052698441997036806,10.0,stop_risk,62831.0,62831.0,0.07736894999999999,0.008965255557774665,-0.058499999999999996,0.01886895,2.103883227140625e-06,7.01294409046875e-07,0.0192,-0.07736684611677284,-0.002157407717443156,stop_intrabar,False,False,False
417,PF_ETHUSD,1,0.006,2026-07-14T12:41:00+00:00,2026-07-14T12:48:00+00:00,2026-07-14T12:49:00+00:00,1820.5,1821.9,1854.7,1853.6,10.9314,0.3054858393418303,35.78365538498189,35.96283970316435,1.09314,1.09314,0.030548583934183034,10.0,stop_risk,1812.3,1812.3,0.0768984,0.008945913846245475,0.19019999999999893,0.0110265,1.0818182454012497e-05,1.5454546362875e-06,0.015000000000001365,0.17918431818245295,0.0050074347143879315,target_intrabar,False,False,True
418,PF_ETHUSD,1,0.003,2026-07-14T12:56:00+00:00,2026-07-14T13:56:00+00:00,2026-07-14T13:56:00+00:00,1847.0,1848.4,1868.8,1867.7,5.5452,0.15419249552509842,35.96283970316435,36.0151980129924,0.55452,0.55452,0.015419249552509841,10.0,stop_risk,1831.0,1831.0,0.06161715000000014,0.008990709925791087,0.05789999999999987,0.00557415,3.245982818197499e-05,0.0,0.0075,0.05235830982818184,0.001455900319895341,time_exit,False,False,False
419,PF_XBTUSD,1,0.0003,2026-07-14T15:06:00+00:00,2026-07-14T15:31:00+00:00,2026-07-14T15:32:00+00:00,64184.0,64218.0,64917.0,64884.0,19.2654,0.5349241726520579,36.0151980129924,36.1955214829165,1.9265400000000001,1.9265400000000001,0.053492417265205795,9.999999999999998,stop_risk,64074.0,64074.0,0.0726387,0.009003799503248101,0.19979999999999998,0.0193653,-0.00011123007587566882,4.278079841371875e-06,0.0201,0.18032346992412432,0.0050068715395948414,target_intrabar,False,False,True
420,PF_XBTUSD,1,0.0002,2026-07-14T15:36:00+00:00,2026-07-14T16:36:00+00:00,2026-07-14T16:36:00+00:00,64739.0,64772.0,64841.0,64808.0,12.954400000000001,0.3579006316047746,36.1955214829165,36.189660328597874,1.2954400000000001,1.2954400000000001,0.03579006316047746,10.0,stop_risk,64477.0,64477.0,0.07852160000000001,0.009048880370729125,0.007200000000000001,0.012958,-0.00010315431853623,0.0,0.0132,-0.00586115431853623,-0.00016193037365969622,time_exit,False,False,False
421,PF_ETHUSD,-1,0.008,2026-07-14T17:16:00+00:00,2026-07-14T17:56:00+00:00,2026-07-14T17:57:00+00:00,1866.7,1865.6,1871.8,1872.9,14.9248,0.412405086549157,36.189660328597874,36.116156704392004,1.49248,1.49248,0.0412405086549157,10.0,stop_risk,1871.8,1871.8,0.07335400000000146,0.00904741508214947,-0.05840000000000146,0.014954000000000002,-0.0001496242057775146,3.6493708726223053e-06,0.017600000000002183,-0.07350362420577898,-0.0020310669826236194,stop_intrabar,False,False,False
422,PF_ETHUSD,1,0.008,2026-07-14T19:21:00+00:00,2026-07-14T20:21:00+00:00,2026-07-14T20:21:00+00:00,1877.9,1879.0,1875.3,1874.1,15.032,0.4162126142888286,36.116156704392004,36.06175489601819,1.5032,1.5032,0.04162126142888286,10.0,stop_risk,1872.1,1872.1,0.079,0.009029039176098002,-0.03920000000000073,0.015012399999999999,-0.00018940837385689988,0.0,0.018399999999999635,-0.05440180837385763,-0.0015063011499017542,time_exit,False,False,False
423,PF_XBTUSD,1,0.0003,2026-07-14T21:41:00+00:00,2026-07-14T21:51:00+00:00,2026-07-14T21:52:00+00:00,64733.0,64766.0,64629.0,64596.0,19.429799999999997,0.538792414734796,36.06175489601819,35.99133144542761,1.9429799999999997,1.9429799999999997,0.053879241473479604,10.0,stop_risk,64629.0,64629.0,0.07040429999999999,0.00901543872400455,-0.051,0.0194043,-1.915059055616785e-05,1.7409627778334407e-06,0.019799999999999998,-0.07042345059055616,-0.0019528570030387527,stop_intrabar,False,False,False
424,PF_ETHUSD,-1,0.008,2026-07-15T01:11:00+00:00,2026-07-15T02:11:00+00:00,2026-07-15T02:11:00+00:00,1873.8,1872.6,1870.1,1871.2,14.9808,0.4162335595368251,35.99133144542761,35.98765653109323,1.49808,1.49808,0.041623355953682516,10.0,stop_risk,1879.1,1879.1,0.07661160000000036,0.008997832861356903,0.011199999999998909,0.014975200000000001,0.00010028566552010464,0.0,0.018400000000001457,-0.003674914334480987,-0.0001021055400535301,time_exit,False,False,False
425,PF_XBTUSD,-1,0.0003,2026-07-15T02:26:00+00:00,2026-07-15T03:26:00+00:00,2026-07-15T03:26:00+00:00,64527.0,64494.0,64562.0,64595.0,19.3482,0.5376343409102844,35.98765653109323,35.93811120260088,1.93482,1.93482,0.05376343409102844,10.0,stop_risk,64635.0,64635.0,0.0715743,0.008996914132773308,-0.030299999999999997,0.01936335,0.00011802150747986983,0.0,0.019799999999999998,-0.04954532849252013,-0.0013767311703031596,time_exit,False,False,False
426,PF_ETHUSD,1,0.005,2026-07-15T06:06:00+00:00,2026-07-15T06:56:00+00:00,2026-07-15T06:57:00+00:00,1888.1,1889.3,1878.3,1877.2,9.4465,0.26285465996655794,35.93811120260088,35.868110647768795,0.9446500000000001,0.9446500000000001,0.026285465996655794,10.0,stop_risk,1878.3,1878.3,0.07041600000000023,0.00898452780065022,-0.06049999999999955,0.009416250000000001,-8.430483194797656e-05,1.6530359205485586e-06,0.011499999999999773,-0.07000055483194753,-0.0019478083986473255,stop_intrabar,False,False,False
427,PF_XBTUSD,-1,0.0002,2026-07-15T07:31:00+00:00,2026-07-15T08:31:00+00:00,2026-07-15T08:31:00+00:00,64523.0,64490.0,64590.0,64623.0,12.898000000000001,0.3595951882344919,35.868110647768795,35.82873013152563,1.2898000000000003,1.2898000000000003,0.03595951882344919,9.999999999999998,stop_risk,64729.0,64729.0,0.0673252,0.0089670276619422,-0.026600000000000002,0.0129113,0.00013078375686787595,0.0,0.0132,-0.03938051624313212,-0.0010979255815801333,time_exit,False,False,False
428,PF_ETHUSD,1,0.008,2026-07-15T09:11:00+00:00,2026-07-15T10:11:00+00:00,2026-07-15T10:11:00+00:00,1883.4,1884.5,1883.1,1881.9,15.076,0.4207796353556683,35.82873013152563,35.7924712121641,1.5076,1.5076,0.04207796353556683,10.0,stop_risk,1877.5,1877.5,0.07984359999999927,0.008957182532881408,-0.020799999999999274,0.015065600000000002,-0.0003933193614601159,0.0,0.018399999999997817,-0.03625891936145939,-0.0010120068232492348,time_exit,False,False,False
429,PF_ETHUSD,-1,0.009,2026-07-15T10:36:00+00:00,2026-07-15T10:49:00+00:00,2026-07-15T10:50:00+00:00,1874.3,1873.2,1878.3,1879.5,16.8588,0.4710152562550786,35.7924712121641,35.71897260717703,1.68588,1.68588,0.047101525625507866,9.999999999999998,stop_risk,1878.3,1878.3,0.07268670000000041,0.008948117803041026,-0.056699999999999584,0.01688715,8.854501296419874e-05,6.811154843399905e-06,0.02069999999999959,-0.07349860498703539,-0.002053465505395359,stop_intrabar,False,False,False
430,PF_XBTUSD,1,0.0003,2026-07-15T12:41:00+00:00,2026-07-15T13:02:00+00:00,2026-07-15T13:03:00+00:00,64762.0,64795.0,65490.0,65456.0,19.438499999999998,0.5442065821370856,35.71897260717703,35.89765873305266,1.9438499999999999,1.9438499999999999,0.05442065821370857,10.0,stop_risk,64669.0,64669.0,0.06711465,0.008929743151794258,0.19829999999999998,0.019537649999999997,-7.622412432385183e-05,2.5619951803599997e-06,0.0201,0.17868612587567612,0.005002555024210652,target_intrabar,False,False,True
431,PF_XBTUSD,-1,0.0002,2026-07-15T16:41:00+00:00,2026-07-15T16:46:00+00:00,2026-07-15T16:47:00+00:00,64789.0,64754.0,65016.0,65050.0,12.950800000000001,0.3607700462112754,35.89765873305266,35.82547280364072,1.2950800000000002,1.2950800000000002,0.03607700462112754,9.999999999999998,stop_risk,65016.0,65016.0,0.07258060000000001,0.008974414683263165,-0.0592,0.012980400000000001,-5.52941195595e-06,9.21568659325e-07,0.013800000000000002,-0.07218592941195595,-0.0020108812652311217,stop_intrabar,False,False,False
432,PF_XBTUSD,-1,0.0003,2026-07-15T19:01:00+00:00,2026-07-15T19:41:00+00:00,2026-07-15T19:42:00+00:00,64822.0,64789.0,64929.0,64962.0,19.4367,0.5425385481032582,35.82547280364072,35.75413212091466,1.94367,1.94367,0.05425385481032582,9.999999999999998,stop_risk,64929.0,64929.0,0.07136264999999999,0.008956368200910182,-0.051899999999999995,0.019462649999999998,2.1967273909695654e-05,5.491818477423918e-07,0.019799999999999998,-0.0713406827260903,-0.001991339601213592,stop_intrabar,False,False,False
433,PF_XBTUSD,-1,0.0004,2026-07-15T21:41:00+00:00,2026-07-15T22:02:00+00:00,2026-07-15T22:03:00+00:00,64772.0,64739.0,64830.0,64863.0,25.8956,0.7242687338186616,35.75413212091466,35.678637946646056,2.5895600000000005,2.5895600000000005,0.07242687338186618,9.999999999999998,stop_risk,64830.0,64830.0,0.0755204,0.008938533030228665,-0.049600000000000005,0.025920400000000003,2.622573142844468e-05,1.6005298142941666e-06,0.0264,-0.07549417426857155,-0.0021114811013524964,stop_intrabar,False,False,False
434,PF_XBTUSD,-1,0.0003,2026-07-16T00:31:00+00:00,2026-07-16T01:31:00+00:00,2026-07-16T01:31:00+00:00,64549.0,64516.0,64541.0,64574.0,19.354799999999997,0.5424758655008979,35.678637946646056,35.64188246839313,1.9354799999999999,1.9354799999999999,0.054247586550089794,10.0,stop_risk,64628.0,64628.0,0.06287655,0.008919659486661515,-0.0174,0.0193635,8.021747042310844e-06,0.0,0.019799999999999998,-0.036755478252957684,-0.0010301816540172284,time_exit,False,False,False
435,PF_XBTUSD,1,0.0002,2026-07-16T05:21:00+00:00,2026-07-16T06:21:00+00:00,2026-07-16T06:21:00+00:00,64781.0,64814.0,64833.0,64800.0,12.962800000000001,0.36369571701200926,35.64188246839313,35.62596019815225,1.2962800000000003,1.2962800000000003,0.036369571701200934,9.999999999999998,stop_risk,64644.0,64644.0,0.0535425,0.008910470617098282,-0.0028,0.012961400000000001,-0.0001608702409025065,0.0,0.0132,-0.01592227024090251,-0.0004467292168145782,time_exit,False,False,False
436,PF_XBTUSD,-1,0.0003,2026-07-16T07:26:00+00:00,2026-07-16T08:26:00+00:00,2026-07-16T08:26:00+00:00,64529.0,64496.0,64013.0,64046.0,19.348799999999997,0.5431095721317156,35.62596019815225,35.741857989153516,1.9348799999999997,1.9348799999999997,0.05431095721317156,10.0,stop_risk,64631.0,64631.0,0.06977399999999999,0.008906490049538062,0.13499999999999998,0.019281299999999998,0.0001790910012793461,0.0,0.019799999999999998,0.11589779100127932,0.003253183643518762,time_exit,False,False,False
437,PF_XBTUSD,-1,0.0002,2026-07-16T12:46:00+00:00,2026-07-16T12:54:00+00:00,2026-07-16T12:55:00+00:00,63826.0,63793.0,63978.0,64011.0,12.758600000000001,0.35696521439573226,35.741857989153516,35.685498302398365,1.2758600000000002,1.2758600000000002,0.03569652143957323,10.0,stop_risk,63978.0,63978.0,0.0563804,0.00893546449728838,-0.0436,0.0127804,2.0713244834926665e-05,2.589155604365833e-06,0.0132,-0.056359686755165075,-0.0015768538605986403,stop_intrabar,False,False,False
438,PF_XBTUSD,1,0.0002,2026-07-16T14:16:00+00:00,2026-07-16T14:55:00+00:00,2026-07-16T14:56:00+00:00,64553.0,64586.0,64373.0,64340.0,12.917200000000001,0.36197336774002276,35.685498302398365,35.623323147478736,1.2917200000000002,1.2917200000000002,0.036197336774002276,10.0,stop_risk,64373.0,64373.0,0.062092600000000005,0.008921374575599592,-0.0492,0.0128926,-8.255491972617514e-05,2.063872993154377e-06,0.0132,-0.06217515491972618,-0.001742308721398672,stop_intrabar,False,False,False
439,PF_XBTUSD,-1,0.0003,2026-07-16T17:16:00+00:00,2026-07-16T18:16:00+00:00,2026-07-16T18:16:00+00:00,64170.0,64137.0,64112.0,64145.0,19.2411,0.5401264761387597,35.623323147478736,35.60170945309859,1.92411,1.92411,0.05401264761387597,10.0,stop_risk,64291.0,64291.0,0.07536915,0.008905830786869684,-0.0024,0.019242299999999997,2.8605619782245584e-05,0.0,0.019799999999999998,-0.021613694380217752,-0.0006067287515748647,time_exit,False,False,False
440,PF_XBTUSD,-1,0.0004,2026-07-16T22:31:00+00:00,2026-07-16T22:31:00+00:00,2026-07-16T22:32:00+00:00,63989.0,63956.0,64047.0,64080.0,25.5824,0.7185722369231188,35.60170945309859,35.52650225309859,2.55824,2.55824,0.07185722369231189,10.0,stop_risk,64047.0,64047.0,0.0752072,0.008900427363274649,-0.049600000000000005,0.025607200000000004,0.0,4.234236986035414e-06,0.0264,-0.0752072,-0.002112460360901416,stop_intrabar,False,False,False
441,PF_XBTUSD,-1,0.0003,2026-07-16T23:01:00+00:00,2026-07-17T00:01:00+00:00,2026-07-17T00:01:00+00:00,63927.0,63894.0,63792.0,63825.0,19.1682,0.5395465014664698,35.52650225309859,35.52817508841253,1.91682,1.91682,0.05395465014664697,10.0,stop_risk,64013.0,64013.0,0.06479099999999999,0.008881625563274648,0.0207,0.019157849999999997,0.00013068531395454052,0.0,0.019799999999999998,0.0016728353139545413,4.708696910371012e-05,time_exit,False,False,False
442,PF_XBTUSD,-1,0.0004,2026-07-17T00:41:00+00:00,2026-07-17T00:44:00+00:00,2026-07-17T00:45:00+00:00,63683.0,63650.0,63733.0,63766.0,25.46,0.7166143472509441,35.52817508841253,35.45629394935039,2.5460000000000003,2.5460000000000003,0.07166143472509443,10.0,stop_risk,63733.0,63733.0,0.07188320000000001,0.008882043772103134,-0.046400000000000004,0.0254832,2.060937851367092e-06,6.869792837890306e-07,0.0264,-0.07188113906214864,-0.002023215064755538,stop_intrabar,False,False,False
443,PF_XBTUSD,1,0.0003,2026-07-17T01:11:00+00:00,2026-07-17T01:20:00+00:00,2026-07-17T01:21:00+00:00,63958.0,63991.0,63833.0,63800.0,19.1973,0.5414356059723416,35.45629394935039,35.379816794520835,1.91973,1.91973,0.054143560597234165,10.0,stop_risk,63833.0,63833.0,0.07646865,0.008864073487337597,-0.0573,0.01916865,-8.504829540249999e-06,8.504829540249999e-07,0.019799999999999998,-0.07647715482954025,-0.002156941583877562,stop_intrabar,False,False,False
444,PF_XBTUSD,-1,0.0002,2026-07-17T05:36:00+00:00,2026-07-17T06:36:00+00:00,2026-07-17T06:36:00+00:00,63093.0,63060.0,62886.0,62918.0,12.612,0.35647442928402,35.379816794520835,35.395793946476644,1.2612,1.2612,0.035647442928402,10.0,stop_risk,63239.0,63239.0,0.055033200000000004,0.00884495419863021,0.0284,0.0125978,0.00017495195562101246,0.0,0.013000000000000001,0.015977151955621015,0.00045158944853822275,time_exit,False,False,False
445,PF_XBTUSD,-1,0.0003,2026-07-17T08:41:00+00:00,2026-07-17T08:46:00+00:00,2026-07-17T08:47:00+00:00,62660.0,62628.0,62783.0,62815.0,18.7884,0.5308088308009327,35.395793946476644,35.32089032905619,1.87884,1.87884,0.053080883080093275,10.0,stop_risk,62783.0,62783.0,0.07491645,0.008848948486619162,-0.0561,0.01881645,1.283257953564531e-05,2.566515907129062e-06,0.0192,-0.07490361742046435,-0.00211617282928387,stop_intrabar,False,False,False
446,PF_XBTUSD,1,0.0003,2026-07-17T09:46:00+00:00,2026-07-17T10:46:00+00:00,2026-07-17T10:46:00+00:00,63001.0,63034.0,63129.0,63096.0,18.9102,0.5353828803246167,35.32089032905619,35.32033238607143,1.8910200000000001,1.8910200000000001,0.05353828803246167,9.999999999999998,stop_risk,62891.0,62891.0,0.07138395,0.008830222582264048,0.0186,0.0189195,-0.0002384429845969978,0.0,0.019799999999999998,-0.0005579429845969982,-1.579640205552845e-05,time_exit,False,False,False
447,PF_XBTUSD,1,0.0003,2026-07-17T10:51:00+00:00,2026-07-17T11:13:00+00:00,2026-07-17T11:14:00+00:00,63139.0,63172.0,63045.0,63012.0,18.9516,0.5365634669812327,35.32033238607143,35.25328158246482,1.89516,1.89516,0.05365634669812327,10.0,stop_risk,63045.0,63045.0,0.06692759999999999,0.008830083096517857,-0.047999999999999994,0.018927599999999996,-0.00012320360655906776,6.12057417584573e-06,0.019799999999999998,-0.06705080360655906,-0.0018983627581319292,stop_intrabar,False,False,False
448,PF_XBTUSD,1,0.0003,2026-07-17T11:46:00+00:00,2026-07-17T12:19:00+00:00,2026-07-17T12:20:00+00:00,63266.0,63299.0,63170.0,63137.0,18.9897,0.5386647468712694,35.25328158246482,35.18554596626061,1.89897,1.89897,0.05386647468712695,10.0,stop_risk,63170.0,63170.0,0.0675654,0.008813320395616206,-0.0486,0.0189654,-0.00017021620414617156,4.226408284216561e-06,0.019799999999999998,-0.06773561620414617,-0.0019213988929143618,stop_intrabar,False,False,False
449,PF_ETHUSD,-1,0.009,2026-07-17T12:46:00+00:00,2026-07-17T13:06:00+00:00,2026-07-17T13:07:00+00:00,1827.5,1826.4,1803.9,1805.0,16.4376,0.46716910448858745,35.18554596626061,35.361917120256294,1.64376,1.64376,0.04671691044885875,10.0,stop_risk,1832.1,1832.1,0.07766819999999959,0.008796386491565153,0.1926000000000008,0.0163413,0.00011245399566832578,4.977332619199908e-06,0.01979999999999836,0.17637115399566913,0.005012602452290815,target_intrabar,False,False,True
450,PF_XBTUSD,-1,0.0003,2026-07-17T13:11:00+00:00,2026-07-17T13:57:00+00:00,2026-07-17T13:58:00+00:00,62799.0,62767.0,62925.0,62957.0,18.830099999999998,0.5324965820140332,35.361917120256294,35.286248834043036,1.8830099999999999,1.8830099999999999,0.053249658201403316,10.0,stop_risk,62925.0,62925.0,0.0758586,0.008840479280064073,-0.056999999999999995,0.018858599999999996,0.00019031378661737514,4.1372562308125e-06,0.0192,-0.0756682862133826,-0.0021398242056858874,stop_intrabar,False,False,False
451,PF_XBTUSD,1,0.0001,2026-07-17T14:16:00+00:00,2026-07-17T14:32:00+00:00,2026-07-17T14:33:00+00:00,63389.0,63422.0,63058.0,63025.0,6.3422,0.17973573869606818,35.286248834043036,35.240218347511814,0.63422,0.63422,0.01797357386960682,10.0,stop_risk,63058.0,63058.0,0.046022350000000004,0.00882156220851076,-0.0397,0.00632235,-8.13653120780482e-06,4.786194828120483e-07,0.0066,-0.04603048653120781,-0.0013044879535848842,stop_intrabar,False,False,False
452,PF_ETHUSD,1,0.007,2026-07-17T16:51:00+00:00,2026-07-17T17:51:00+00:00,2026-07-17T17:51:00+00:00,1837.9,1839.0,1843.4,1842.3,12.873000000000001,0.3652928558233215,35.240218347511814,35.25028667336671,1.2873,1.2873,0.03652928558233215,10.0,stop_risk,1831.9,1831.9,0.07024430000000033,0.008810054586877954,0.023099999999999683,0.012884550000000002,-0.0001471241452350499,0.0,0.015400000000000318,0.010068325854764632,0.0002857055468691646,time_exit,False,False,False
453,PF_XBTUSD,-1,0.0003,2026-07-17T22:36:00+00:00,2026-07-17T23:35:00+00:00,2026-07-17T23:36:00+00:00,63893.0,63860.0,63973.0,64006.0,19.157999999999998,0.543484941768567,35.25028667336671,35.18732857210044,1.9158,1.9158,0.0543484941768567,9.999999999999998,stop_risk,63973.0,63973.0,0.06297989999999999,0.008812571668341677,-0.0438,0.0191799,2.179873364110539e-05,5.61868251784399e-08,0.019799999999999998,-0.06295810126635888,-0.001786030900960779,stop_intrabar,False,False,False
454,PF_XBTUSD,1,0.0005,2026-07-18T06:26:00+00:00,2026-07-18T06:31:00+00:00,2026-07-18T06:32:00+00:00,63947.0,63980.0,63930.0,63897.0,31.990000000000002,0.9091340916787994,35.18732857210044,35.11384885314363,3.1990000000000003,3.1990000000000003,0.09091340916787995,10.0,stop_risk,63930.0,63930.0,0.07346925,0.00879683214302511,-0.0415,0.031969250000000005,-1.0468956812999999e-05,1.7448261355e-06,0.033,-0.073479718956813,-0.0020882437496284978,stop_intrabar,False,False,False
455,PF_ETHUSD,1,0.014,2026-07-18T08:36:00+00:00,2026-07-18T08:41:00+00:00,2026-07-18T08:42:00+00:00,1847.0,1848.2,1845.7,1844.6,25.8748,0.7368830488567621,35.11384885314363,35.03758181665332,2.5874800000000002,2.5874800000000002,0.07368830488567622,10.0,stop_risk,1845.7,1845.7,0.07764890000000065,0.008778462213285909,-0.05040000000000191,0.0258496,-1.743649031985e-05,2.906081719975e-06,0.032200000000002546,-0.07626703649032175,-0.00217199307342504,stop_intrabar,False,False,False
456,PF_XBTUSD,1,0.0004,2026-07-18T12:06:00+00:00,2026-07-18T12:17:00+00:00,2026-07-18T12:18:00+00:00,64113.0,64146.0,64059.0,64026.0,25.6584,0.7323108122662904,35.03758181665332,34.96390507107165,2.56584,2.56584,0.07323108122662904,10.0,stop_risk,64059.0,64059.0,0.0736344,0.008759395454163332,-0.048,0.0256344,-4.234558164543838e-05,3.528798470453198e-06,0.0264,-0.07367674558164544,-0.0021027919668425,stop_intrabar,False,False,False
457,PF_XBTUSD,-1,0.0003,2026-07-18T13:21:00+00:00,2026-07-18T13:30:00+00:00,2026-07-18T13:31:00+00:00,63936.0,63903.0,64037.0,64070.0,19.1709,0.5483054584729888,34.96390507107165,34.89461801975037,1.91709,1.91709,0.05483054584729888,10.0,stop_risk,64037.0,64037.0,0.06929595,0.008740976267767913,-0.0501,0.019195950000000003,8.898678691042499e-06,9.887420767825e-07,0.019799999999999998,-0.06928705132130895,-0.0019816737055105295,stop_intrabar,False,False,False
458,PF_XBTUSD,-1,0.0005,2026-07-18T15:46:00+00:00,2026-07-18T15:47:00+00:00,2026-07-18T15:48:00+00:00,64017.0,63984.0,64039.0,64072.0,31.992,0.9168176015536985,34.89461801975037,34.81860826835154,3.1992000000000003,3.1992000000000003,0.09168176015536986,10.0,stop_risk,64039.0,64039.0,0.07601400000000001,0.008723654504937593,-0.044,0.032014,4.2486011711687505e-06,4.2486011711687505e-06,0.033,-0.07600975139882883,-0.00217826575306849,stop_intrabar,False,False,False
459,PF_XBTUSD,1,0.0004,2026-07-18T17:01:00+00:00,2026-07-18T18:01:00+00:00,2026-07-18T18:01:00+00:00,64244.0,64277.0,64439.0,64406.0,25.710800000000003,0.7384212430848334,34.81860826835154,34.84434021202174,2.5710800000000003,2.5710800000000003,0.07384212430848335,10.0,stop_risk,64198.0,64198.0,0.0704884,0.008704652067087886,0.0516,0.025736600000000002,-0.0001314563298242275,0.0,0.0264,0.025731943670175766,0.0007390284951040068,time_exit,False,False,False
460,PF_XBTUSD,1,0.0004,2026-07-18T18:26:00+00:00,2026-07-18T18:32:00+00:00,2026-07-18T18:33:00+00:00,64492.0,64525.0,64455.0,64422.0,25.810000000000002,0.7407228790371879,34.84434021202174,34.777320177934335,2.5810000000000004,2.5810000000000004,0.0740722879037188,10.0,stop_risk,64455.0,64455.0,0.0669894,0.008711085053005435,-0.0412,0.025789400000000004,-3.063408740119878e-05,4.376298200171254e-06,0.0264,-0.0670200340874012,-0.0019234123441453036,stop_intrabar,False,False,False
461,PF_XBTUSD,1,0.0003,2026-07-18T20:21:00+00:00,2026-07-18T21:21:00+00:00,2026-07-18T21:21:00+00:00,64650.0,64683.0,64791.0,64758.0,19.404899999999998,0.5579757123526758,34.777320177934335,34.780438280496725,1.9404899999999998,1.9404899999999998,0.05579757123526759,10.0,stop_risk,64522.0,64522.0,0.0775758,0.008694330044483584,0.0225,0.01941615,3.425256246174643e-05,0.0,0.019799999999999998,0.003118102562461747,8.965908087536125e-05,time_exit,False,False,False
462,PF_ETHUSD,1,0.008,2026-07-19T02:16:00+00:00,2026-07-19T03:15:00+00:00,2026-07-19T03:16:00+00:00,1870.6,1871.7,1865.4,1864.3,14.973600000000001,0.4305178640717851,34.780438280496725,34.70643698794628,1.4973600000000002,1.4973600000000002,0.043051786407178515,9.999999999999998,stop_risk,1865.4,1865.4,0.07414400000000074,0.008695109570124182,-0.05920000000000073,0.014944000000000002,0.000142707449664155,1.8741927696723054e-06,0.017600000000002183,-0.07400129255033656,-0.002127669926224969,stop_intrabar,False,False,False
463,PF_XBTUSD,-1,0.0003,2026-07-19T03:26:00+00:00,2026-07-19T04:26:00+00:00,2026-07-19T04:26:00+00:00,64607.0,64574.0,64633.0,64666.0,19.3722,0.5581731137289622,34.70643698794628,34.65941294420757,1.93722,1.93722,0.055817311372896215,10.0,stop_risk,64680.0,64680.0,0.06109305,0.00867660924698657,-0.027599999999999996,0.019386,-3.8043738861638425e-05,0.0,0.019799999999999998,-0.04702404373886163,-0.0013549084210284484,time_exit,False,False,False
464,PF_XBTUSD,-1,0.0004,2026-07-19T08:26:00+00:00,2026-07-19T08:50:00+00:00,2026-07-19T08:51:00+00:00,64625.0,64592.0,64673.0,64706.0,25.8368,0.7454482867782664,34.65941294420757,34.58797407284255,2.58368,2.58368,0.07454482867782665,10.0,stop_risk,64673.0,64673.0,0.0714596,0.008664853236051892,-0.0456,0.0258596,2.0728635009603218e-05,8.63693125400134e-07,0.0264,-0.0714388713649904,-0.0020611679568834007,stop_intrabar,False,False,False
465,PF_XBTUSD,-1,0.0004,2026-07-19T09:26:00+00:00,2026-07-19T10:26:00+00:00,2026-07-19T10:26:00+00:00,64527.0,64494.0,64554.0,64587.0,25.797600000000003,0.7458546125213941,34.58797407284255,34.52504829137544,2.5797600000000003,2.5797600000000003,0.0745854612521394,10.0,stop_risk,64581.0,64581.0,0.0738216,0.008646993518210638,-0.037200000000000004,0.025816200000000004,9.04185327711533e-05,0.0,0.0264,-0.06292578146722885,-0.0018192965374238645,time_exit,False,False,False
466,PF_ETHUSD,1,0.01,2026-07-19T10:56:00+00:00,2026-07-19T11:01:00+00:00,2026-07-19T11:02:00+00:00,1872.4,1873.6,1869.0,1867.9,18.736,0.5426784588938681,34.52504829137544,34.44936095179681,1.8736000000000002,1.8736000000000002,0.054267845889386816,10.0,stop_risk,1869.0,1869.0,0.07670699999999954,0.008631262072843862,-0.056999999999998184,0.018707500000000002,2.016042137202726e-05,2.275889014388785e-06,0.022999999999997273,-0.07568733957862615,-0.0021922442784108515,stop_intrabar,False,False,False
467,PF_XBTUSD,-1,0.0003,2026-07-19T11:56:00+00:00,2026-07-19T12:56:00+00:00,2026-07-19T12:56:00+00:00,64423.0,64389.0,64393.0,64426.0,19.316699999999997,0.5607273826364688,34.44936095179681,34.419054836619246,1.9316699999999998,1.9316699999999998,0.05607273826364688,10.0,stop_risk,64495.0,64495.0,0.061337699999999995,0.008612340237949203,-0.011099999999999999,0.01932225,0.00011613482232551462,0.0,0.0201,-0.030306115177674484,-0.0008797293865648261,time_exit,False,False,False
468,PF_ETHUSD,-1,0.01,2026-07-19T17:01:00+00:00,2026-07-19T17:11:00+00:00,2026-07-19T17:12:00+00:00,1865.4,1864.2,1868.4,1869.5,18.642,0.541618591460168,34.419054836619246,34.347384509417466,1.8642,1.8642,0.0541618591460168,10.0,stop_risk,1868.4,1868.4,0.07266899999999864,0.008604763709154811,-0.05299999999999955,0.018668499999999998,-1.8272018043125e-06,1.6610925493750003e-07,0.022999999999999545,-0.07167032720180386,-0.002082286324886298,stop_intrabar,False,False,False
469,PF_XBTUSD,1,0.0003,2026-07-19T20:11:00+00:00,2026-07-19T21:11:00+00:00,2026-07-19T21:11:00+00:00,64473.0,64506.0,64462.0,64429.0,19.351799999999997,0.5634140787253848,34.347384509417466,34.304971887824756,1.93518,1.93518,0.05634140787253849,9.999999999999998,stop_risk,64406.0,64406.0,0.059231849999999996,0.008586846127354367,-0.0231,0.019340249999999996,2.762840746631756e-05,0.0,0.019799999999999998,-0.04241262159253368,-0.0012348137186662602,time_exit,False,False,False
470,PF_XBTUSD,1,0.0002,2026-07-19T22:21:00+00:00,2026-07-19T23:00:00+00:00,2026-07-19T23:01:00+00:00,64788.0,64821.0,64618.0,64585.0,12.9642,0.377910235355743,34.304971887824756,34.24487191724542,1.2964200000000001,1.2964200000000001,0.0377910235355743,9.999999999999998,stop_risk,64618.0,64618.0,0.060140599999999995,0.00857624297195619,-0.0472,0.0129406,4.062942067539052e-05,3.136535391582663e-07,0.0132,-0.060099970579324605,-0.0017519317834116868,stop_intrabar,False,False,False
471,PF_ETHUSD,1,0.005,2026-07-20T00:16:00+00:00,2026-07-20T00:21:00+00:00,2026-07-20T00:22:00+00:00,1888.9,1890.0,1878.9,1877.7,9.450000000000001,0.2759537259428634,34.24487191724542,34.17395405772813,0.9450000000000002,0.9450000000000002,0.027595372594286342,10.0,stop_risk,1878.9,1878.9,0.07041950000000023,0.008561217979311355,-0.06149999999999978,0.00941925,1.3904827178122402e-06,2.78096543562448e-07,0.011499999999999773,-0.07091785951728197,-0.0020709045047287316,stop_intrabar,False,False,False
472,PF_XBTUSD,-1,0.0002,2026-07-20T05:11:00+00:00,2026-07-20T06:11:00+00:00,2026-07-20T06:11:00+00:00,64323.0,64288.0,64086.0,64119.0,12.857600000000001,0.3762397520134891,34.17395405772813,34.19494966442812,1.2857600000000002,1.2857600000000002,0.037623975201348914,10.0,stop_risk,64478.0,64478.0,0.057880100000000004,0.008543488514432034,0.033800000000000004,0.0128407,3.630670000643631e-05,0.0,0.013600000000000001,0.020995606700006435,0.0006143745223201197,time_exit,False,False,False
473,PF_XBTUSD,-1,0.0001,2026-07-20T06:41:00+00:00,2026-07-20T07:30:00+00:00,2026-07-20T07:31:00+00:00,63833.0,63800.0,64099.0,64132.0,6.38,0.18657725958394678,34.19494966442812,34.155415536140666,0.638,0.638,0.01865772595839468,10.0,stop_risk,64099.0,64099.0,0.0395966,0.008548737416107031,-0.0332,0.0063966000000000005,6.247171260430269e-05,1.652520128014619e-06,0.0066,-0.03953412828739569,-0.0011561393912072851,stop_intrabar,False,False,False
474,PF_ETHUSD,1,0.012,2026-07-20T10:31:00+00:00,2026-07-20T11:31:00+00:00,2026-07-20T11:31:00+00:00,1866.7,1867.8,1877.5,1876.4,22.4136,0.6562239003148309,34.155415536140666,34.23600314351512,2.24136,2.24136,0.06562239003148308,10.0,stop_risk,1864.8,1864.8,0.07158899999999892,0.008538853884035167,0.10320000000000164,0.022465199999999998,-0.00014719262559142505,0.0,0.026399999999997818,0.0805876073744102,0.0023594386456560167,time_exit,False,False,False
475,PF_XBTUSD,1,0.0002,2026-07-20T11:41:00+00:00,2026-07-20T12:03:00+00:00,2026-07-20T12:04:00+00:00,64838.0,64871.0,64673.0,64640.0,12.974200000000002,0.3789636291833772,34.23600314351512,34.17678391488123,1.2974200000000002,1.2974200000000002,0.03789636291833773,10.0,stop_risk,64673.0,64673.0,0.0591511,0.008559000785878781,-0.046200000000000005,0.0129511,-6.812863382964337e-05,2.3987897104917386e-06,0.0132,-0.05921922863382965,-0.0017297354596442363,stop_intrabar,False,False,False
476,PF_XBTUSD,1,0.0002,2026-07-20T15:16:00+00:00,2026-07-20T16:16:00+00:00,2026-07-20T16:16:00+00:00,64891.0,64924.0,65443.0,65409.0,12.9848,0.3799304238906508,34.17678391488123,34.26052143187595,1.29848,1.29848,0.03799304238906508,10.0,stop_risk,64665.0,64665.0,0.0713556,0.008544195978720307,0.097,0.013033300000000001,-0.00022918300543765853,0.0,0.0134,0.08373751699456235,0.0024501286371214535,time_exit,False,False,False
477,PF_ETHUSD,1,0.007,2026-07-20T18:01:00+00:00,2026-07-20T18:44:00+00:00,2026-07-20T18:45:00+00:00,1907.0,1908.1,1900.4,1899.3,13.3567,0.3898568802158668,34.26052143187595,34.18565410984181,1.3356700000000001,1.3356700000000001,0.03898568802158668,9.999999999999998,stop_risk,1900.4,1900.4,0.07492589999999968,0.008565130357968988,-0.06159999999999968,0.013325900000000002,5.857796588818933e-05,1.3622782764695187e-06,0.015400000000000318,-0.07486732203411149,-0.0021852359189272297,stop_intrabar,False,False,False
478,PF_XBTUSD,-1,0.0002,2026-07-20T18:56:00+00:00,2026-07-20T19:56:00+00:00,2026-07-20T19:56:00+00:00,65165.0,65131.0,65109.0,65143.0,13.026200000000001,0.38104287717138774,34.18565410984181,34.17007169704024,1.3026200000000001,1.3026200000000001,0.03810428771713877,10.0,stop_risk,65339.0,65339.0,0.0614504,0.008546413527460453,-0.0024000000000000002,0.013027400000000001,-0.00015501280141080206,0.0,0.013600000000000001,-0.015582412801410803,-0.00045581730720561914,time_exit,False,False,False
479,PF_XBTUSD,1,0.0003,2026-07-21T00:26:00+00:00,2026-07-21T01:26:00+00:00,2026-07-21T01:26:00+00:00,65358.0,65392.0,65427.0,65393.0,19.6176,0.5741164424217244,34.17007169704024,34.15075232107286,1.96176,1.96176,0.05741164424217244,10.0,stop_risk,65260.0,65260.0,0.06939269999999999,0.008542517924260062,0.0003,0.01961775,-1.625967285387865e-06,0.0,0.020399999999999998,-0.01931937596728539,-0.0005653888039385883,time_exit,False,False,False
480,PF_ETHUSD,1,0.006,2026-07-21T03:06:00+00:00,2026-07-21T04:06:00+00:00,2026-07-21T04:06:00+00:00,1922.7,1923.8,1929.0,1927.8,11.5428,0.3379954822511324,34.15075232107286,34.16293348067103,1.15428,1.15428,0.03379954822511324,10.0,stop_risk,1915.6,1915.6,0.06731489999999973,0.008537688080268216,0.024,0.0115548,-0.0002640404019032497,0.0,0.013799999999999727,0.01218115959809675,0.0003566878844592925,time_exit,False,False,False
481,PF_XBTUSD,1,0.0002,2026-07-21T07:56:00+00:00,2026-07-21T08:56:00+00:00,2026-07-21T08:56:00+00:00,66168.0,66204.0,66210.0,66176.0,13.2408,0.38757795806649575,34.16293348067103,34.14415531493192,1.3240800000000001,1.3240800000000001,0.03875779580664958,9.999999999999998,stop_risk,66015.0,66015.0,0.0582183,0.008540733370167758,-0.0056,0.013238,5.9834261080476916e-05,0.0,0.014,-0.018778165738919522,-0.0005496649094710786,time_exit,False,False,False
482,PF_XBTUSD,1,0.0003,2026-07-21T10:21:00+00:00,2026-07-21T10:50:00+00:00,2026-07-21T10:51:00+00:00,66296.0,66330.0,66223.0,66189.0,19.898999999999997,0.5827937407283807,34.14415531493192,34.0821023584085,1.9898999999999998,1.9898999999999998,0.05827937407283807,10.0,stop_risk,66223.0,66223.0,0.06217784999999999,0.00853603882873298,-0.0423,0.01987785,0.0001248934764725998,4.306671602503442e-06,0.020399999999999998,-0.0620529565235274,-0.0018173815094025888,stop_intrabar,False,False,False
483,PF_ETHUSD,-1,0.009,2026-07-21T11:01:00+00:00,2026-07-21T11:50:00+00:00,2026-07-21T11:51:00+00:00,1932.2,1931.0,1936.1,1937.3,17.378999999999998,0.5099157269478821,34.0821023584085,34.00805724322634,1.7378999999999998,1.7378999999999998,0.05099157269478821,10.0,stop_risk,1936.1,1936.1,0.07410734999999959,0.008520525589602125,-0.056699999999999584,0.01740735,6.223481787599522e-05,1.2700983239999034e-06,0.021600000000000816,-0.07404511518212359,-0.0021725512822965776,stop_intrabar,False,False,False
484,PF_ETHUSD,-1,0.01,2026-07-21T13:46:00+00:00,2026-07-21T13:49:00+00:00,2026-07-21T13:50:00+00:00,1928.9,1927.7,1931.9,1933.1,19.277,0.5668362606581874,34.00805724322634,33.93476371559749,1.9277000000000002,1.9277000000000002,0.05668362606581873,10.0,stop_risk,1931.9,1931.9,0.07330399999999865,0.008502014310806586,-0.05399999999999864,0.019304,1.0472371160625323e-05,3.4907903868751076e-06,0.023999999999998637,-0.07329352762883802,-0.0021551812590951953,stop_intrabar,False,False,False
485,PF_XBTUSD,1,0.0002,2026-07-21T14:01:00+00:00,2026-07-21T15:01:00+00:00,2026-07-21T15:01:00+00:00,66696.0,66730.0,66724.0,66690.0,13.346,0.3932840114005496,33.93476371559749,33.91353781998797,1.3346,1.3346,0.03932840114005496,10.0,stop_risk,66552.0,66552.0,0.055724800000000005,0.008483690928899374,-0.008,0.013342,0.00011610439037593256,0.0,0.013600000000000001,-0.021225895609624068,-0.0006254911861922873,time_exit,False,False,False
486,PF_XBTUSD,-1,0.0003,2026-07-21T17:21:00+00:00,2026-07-21T18:21:00+00:00,2026-07-21T18:21:00+00:00,66398.0,66364.0,66221.0,66255.0,19.9092,0.587057596458306,33.91353781998797,33.92599499877253,1.99092,1.99092,0.05870575964583061,9.999999999999998,stop_risk,66513.0,66513.0,0.07483664999999999,0.008478384454996993,0.0327,0.019892849999999997,-0.0003499712152929411,0.0,0.020399999999999998,0.012457178784707059,0.00036732171237425555,time_exit,False,False,False
487,PF_ETHUSD,1,0.014,2026-07-21T21:46:00+00:00,2026-07-21T21:46:00+00:00,2026-07-21T21:47:00+00:00,1924.4,1925.5,1923.1,1922.0,26.957,0.7945824433734464,33.92599499877253,33.850060360264415,2.6957000000000004,2.6957000000000004,0.07945824433734465,9.999999999999998,stop_risk,1923.1,1923.1,0.0759325,0.008481498749693133,-0.049,0.0269325,-2.1385081186875e-06,2.1385081186875e-06,0.030799999999997454,-0.0759346385081187,-0.0022382435212546037,stop_intrabar,False,False,False
488,PF_XBTUSD,-1,0.0004,2026-07-21T22:26:00+00:00,2026-07-21T22:31:00+00:00,2026-07-21T22:32:00+00:00,66230.0,66196.0,66269.0,66303.0,26.4784,0.7822260793095132,33.850060360264415,33.78077028086477,2.6478400000000004,2.6478400000000004,0.07822260793095133,9.999999999999998,stop_risk,66269.0,66269.0,0.06929980000000001,0.008462515090066104,-0.042800000000000005,0.026499800000000004,9.720600361861846e-06,1.9441200723723694e-06,0.027200000000000002,-0.06929007939963815,-0.002046970630545041,stop_intrabar,False,False,False
489,PF_XBTUSD,1,0.0003,2026-07-21T23:36:00+00:00,2026-07-22T00:36:00+00:00,2026-07-22T00:36:00+00:00,66383.0,66417.0,66646.0,66612.0,19.925099999999997,0.5898355731481539,33.78077028086477,33.81929976541235,1.9925099999999998,1.9925099999999998,0.058983557314815395,10.0,stop_risk,66298.0,66298.0,0.06580215,0.008445192570216194,0.058499999999999996,0.01995435,-1.616545238755104e-05,0.0,0.020399999999999998,0.038529484547612444,0.0011405744814953968,time_exit,False,False,False
490,PF_XBTUSD,-1,0.0003,2026-07-22T01:31:00+00:00,2026-07-22T01:48:00+00:00,2026-07-22T01:49:00+00:00,66337.0,66303.0,66436.0,66470.0,19.8909,0.5881523313011585,33.81929976541235,33.74928770056583,1.98909,1.98909,0.05881523313011586,9.999999999999998,stop_risk,66436.0,66436.0,0.07001595,0.008454824941353089,-0.0501,0.01991595,3.8851534539175104e-06,2.2853843846573596e-07,0.020399999999999998,-0.07001206484654608,-0.0020701807941673816,stop_intrabar,False,False,False
491,PF_XBTUSD,-1,0.0003,2026-07-22T05:26:00+00:00,2026-07-22T06:26:00+00:00,2026-07-22T06:26:00+00:00,66069.0,66035.0,65834.0,65868.0,19.810499999999998,0.5869901663040984,33.74928770056583,33.7796666963539,1.9810499999999998,1.9810499999999998,0.058699016630409835,10.0,stop_risk,66137.0,66137.0,0.060630899999999995,0.00843732192514146,0.0501,0.019785449999999996,6.44457880377651e-05,0.0,0.020399999999999998,0.03037899578803777,0.0009001373912708814,time_exit,False,False,False
492,PF_ETHUSD,-1,0.007,2026-07-22T06:31:00+00:00,2026-07-22T07:31:00+00:00,2026-07-22T07:31:00+00:00,1912.3,1911.2,1915.6,1916.7,13.378400000000001,0.3960489048118416,33.7796666963539,33.72769042963213,1.3378400000000001,1.3378400000000001,0.03960489048118416,10.0,stop_risk,1918.6,1918.6,0.07290815,0.008444916674088475,-0.0385,0.01339765,-7.861672187474612e-05,0.0,0.015400000000000318,-0.05197626672187474,-0.0015386850080283635,time_exit,False,False,False
493,PF_XBTUSD,1,0.0003,2026-07-22T08:16:00+00:00,2026-07-22T08:44:00+00:00,2026-07-22T08:45:00+00:00,65996.0,66030.0,65905.0,65871.0,19.808999999999997,0.5873215671653701,33.72769042963213,33.66015792789783,1.9808999999999999,1.9808999999999999,0.05873215671653701,10.0,stop_risk,65905.0,65905.0,0.06748515,0.008431922607408033,-0.04769999999999999,0.019785149999999998,-4.735173424952751e-05,1.6328184223975e-06,0.020399999999999998,-0.06753250173424952,-0.0020022865744438135,stop_intrabar,False,False,False
494,PF_ETHUSD,1,0.01,2026-07-22T10:51:00+00:00,2026-07-22T11:00:00+00:00,2026-07-22T11:01:00+00:00,1931.5,1932.7,1928.4,1927.2,19.327,0.574180312564179,33.66015792789783,33.5858238292477,1.9327000000000003,1.9327000000000003,0.0574180312564179,10.0,stop_risk,1928.4,1928.4,0.0742995,0.008415039481974458,-0.055,0.0192995,-3.459865009631335e-05,2.942916985312393e-06,0.02400000000000091,-0.07433409865009631,-0.002208370466036571,stop_intrabar,False,False,False
495,PF_XBTUSD,-1,0.0003,2026-07-22T12:26:00+00:00,2026-07-22T13:26:00+00:00,2026-07-22T13:26:00+00:00,65820.0,65786.0,65549.0,65583.0,19.735799999999998,0.587622923896045,33.5858238292477,33.62726845368486,1.97358,1.97358,0.05876229238960451,10.0,stop_risk,65913.0,65913.0,0.06805995,0.008396455957311926,0.060899999999999996,0.019705349999999996,0.0002499744371657914,0.0,0.020399999999999998,0.04144462443716579,0.0012339915985944752,time_exit,False,False,False
496,PF_ETHUSD,1,0.007,2026-07-22T13:41:00+00:00,2026-07-22T14:28:00+00:00,2026-07-22T14:29:00+00:00,1931.5,1932.7,1925.6,1924.3,13.5289,0.4023193266093996,33.62726845368486,33.554890989527,1.3528900000000001,1.3528900000000001,0.04023193266093996,9.999999999999998,stop_risk,1925.6,1925.6,0.07159984999999967,0.008406817113421216,-0.058800000000000636,0.013499500000000001,-7.796415775357442e-05,1.8190677245028533e-06,0.0175,-0.07237746415775421,-0.0021523444361066777,stop_intrabar,False,False,False
497,PF_XBTUSD,1,0.0003,2026-07-22T16:41:00+00:00,2026-07-22T16:50:00+00:00,2026-07-22T16:51:00+00:00,66247.0,66281.0,66158.0,66124.0,19.8843,0.59259021303947,33.554890989527,33.48792218591781,1.9884300000000001,1.9884300000000001,0.05925902130394701,9.999999999999998,stop_risk,66158.0,66158.0,0.06696074999999999,0.008388722747381751,-0.047099999999999996,0.01986075,-8.053609169088603e-06,8.0536091690886e-07,0.020399999999999998,-0.06696880360916908,-0.0019957985746421013,stop_intrabar,False,False,False
498,PF_XBTUSD,-1,0.0002,2026-07-22T18:41:00+00:00,2026-07-22T18:54:00+00:00,2026-07-22T18:55:00+00:00,65714.0,65680.0,65861.0,65895.0,13.136000000000001,0.39226082547229196,33.48792218591781,33.43177605473939,1.3136,1.3136,0.0392260825472292,10.0,stop_risk,65861.0,65861.0,0.056157500000000006,0.008371980546479453,-0.043000000000000003,0.0131575,1.1368821572590575e-05,8.745247363531212e-07,0.013600000000000001,-0.05614613117842741,-0.00167660838635243,stop_intrabar,False,False,False
499,PF_XBTUSD,1,0.0004,2026-07-22T21:46:00+00:00,2026-07-22T21:46:00+00:00,2026-07-22T21:47:00+00:00,66047.0,66081.0,66030.0,65996.0,26.4324,0.790637026184939,33.43177605473939,33.371357720092355,2.6432400000000005,2.6432400000000005,0.07906370261849391,9.999999999999998,stop_risk,66030.0,66030.0,0.0604154,0.008357944013684847,-0.034,0.026415400000000002,-2.934647025112369e-06,2.934647025112369e-06,0.027200000000000002,-0.06041833464702511,-0.0018072128309336419,stop_intrabar,False,False,False
500,PF_ETHUSD,1,0.01,2026-07-22T21:51:00+00:00,2026-07-22T22:17:00+00:00,2026-07-22T22:18:00+00:00,1935.8,1937.0,1933.1,1931.9,19.37,0.5804378761712065,33.371357720092355,33.301081527926236,1.9370000000000003,1.9370000000000003,0.05804378761712065,9.999999999999998,stop_risk,1933.1,1933.1,0.07034449999999909,0.00834283943002309,-0.050999999999999095,0.0193445,6.830783387399913e-05,2.871416008999892e-06,0.023999999999998637,-0.07027619216612509,-0.002105883517104038,stop_intrabar,False,False,False
501,PF_XBTUSD,-1,0.0003,2026-07-22T23:21:00+00:00,2026-07-22T23:26:00+00:00,2026-07-22T23:27:00+00:00,65896.0,65862.0,65951.0,65985.0,19.758599999999998,0.5933320809244729,33.301081527926236,33.24441839737664,1.97586,1.97586,0.05933320809244729,9.999999999999998,stop_risk,65951.0,65951.0,0.05667704999999999,0.008325270381981558,-0.036899999999999995,0.019777049999999997,1.3919450405634923e-05,2.7838900811269847e-06,0.020399999999999998,-0.056663130549594355,-0.0017015402488377664,stop_intrabar,False,False,False
502,PF_XBTUSD,1,0.0002,2026-07-23T00:06:00+00:00,2026-07-23T01:00:00+00:00,2026-07-23T01:01:00+00:00,66146.0,66180.0,66008.0,65974.0,13.236,0.3981420231747676,33.24441839737664,33.189895083720515,1.3236,1.3236,0.03981420231747676,10.0,stop_risk,66008.0,66008.0,0.0544154,0.00831110459934416,-0.0412,0.013215400000000002,-0.00010791365598025892,6.79906745344371e-07,0.013600000000000001,-0.05452331365598026,-0.0016400742225131772,stop_intrabar,False,False,False
503,PF_XBTUSD,-1,0.0002,2026-07-23T01:26:00+00:00,2026-07-23T02:26:00+00:00,2026-07-23T02:26:00+00:00,65892.0,65858.0,65671.0,65705.0,13.1716,0.3968557287323456,33.189895083720515,33.20724538212901,1.31716,1.31716,0.03968557287323456,9.999999999999998,stop_risk,66011.0,66011.0,0.050590300000000005,0.00829747377093013,0.030600000000000002,0.0131563,-9.340159148284286e-05,0.0,0.013600000000000001,0.01735029840851716,0.0005227584590054157,time_exit,False,False,False
504,PF_XBTUSD,-1,0.0003,2026-07-23T03:21:00+00:00,2026-07-23T04:21:00+00:00,2026-07-23T04:21:00+00:00,65608.0,65574.0,65647.0,65681.0,19.672199999999997,0.5924068610215677,33.20724538212901,33.15539657815766,1.9672199999999997,1.9672199999999997,0.05924068610215678,10.0,stop_risk,65696.0,65696.0,0.06649559999999999,0.008301811345532253,-0.0321,0.019688249999999997,-6.055397132597695e-05,0.0,0.020399999999999998,-0.05184880397132597,-0.0015613702182966733,time_exit,False,False,False
505,PF_XBTUSD,-1,0.0002,2026-07-23T07:21:00+00:00,2026-07-23T08:17:00+00:00,2026-07-23T08:18:00+00:00,65411.0,65377.0,65538.0,65572.0,13.0754,0.394367172450409,33.15539657815766,33.103364739479005,1.3075400000000001,1.3075400000000001,0.0394367172450409,9.999999999999998,stop_risk,65538.0,65538.0,0.052094900000000006,0.008288849144539414,-0.039,0.0130949,6.306132140148022e-05,1.7234694064197888e-06,0.013600000000000001,-0.05203183867859852,-0.001569332417904976,stop_intrabar,False,False,False
506,PF_ETHUSD,-1,0.01,2026-07-23T12:16:00+00:00,2026-07-23T12:44:00+00:00,2026-07-23T12:45:00+00:00,1923.1,1922.0,1902.4,1903.5,19.22,0.5806056318220204,33.103364739479005,33.26934200512148,1.922,1.922,0.05806056318220204,10.0,stop_risk,1925.9,1925.9,0.069245,0.008275841184869752,0.185,0.0191275,0.00010476564244999701,3.7416300874998933e-06,0.02199999999999818,0.16597726564244997,0.005013909218856711,target_intrabar,False,False,True
507,PF_XBTUSD,-1,0.0002,2026-07-23T12:46:00+00:00,2026-07-23T12:51:00+00:00,2026-07-23T12:52:00+00:00,65078.0,65044.0,65213.0,65247.0,13.0088,0.39101464639719735,33.26934200512148,33.21571626094921,1.3008800000000003,1.3008800000000003,0.039101464639719745,9.999999999999998,stop_risk,65213.0,65213.0,0.0536291,0.008317335501280372,-0.040600000000000004,0.013029100000000002,3.3558277376399476e-06,6.711655475279895e-07,0.013600000000000001,-0.05362574417226237,-0.0016118666898794459,stop_intrabar,False,False,False
508,PF_XBTUSD,-1,0.0002,2026-07-23T15:16:00+00:00,2026-07-23T15:22:00+00:00,2026-07-23T15:23:00+00:00,64743.0,64710.0,64912.0,64945.0,12.942,0.3896348312444958,33.21571626094921,33.15577765292023,1.2942,1.2942,0.03896348312444958,10.0,stop_risk,64912.0,64912.0,0.0599655,0.008303929065237301,-0.047,0.012965500000000001,2.6891971036341234e-05,4.481995172723539e-06,0.0132,-0.059938608028963655,-0.0018045255311694664,stop_intrabar,False,False,False
509,PF_ETHUSD,-1,0.007,2026-07-23T18:06:00+00:00,2026-07-23T18:32:00+00:00,2026-07-23T18:33:00+00:00,1876.3,1875.0,1882.3,1883.4,13.125,0.39585860833651726,33.15577765292023,33.08393553030771,1.3125,1.3125,0.039585860833651725,10.0,stop_risk,1882.3,1882.3,0.07335509999999937,0.008288944413230059,-0.058800000000000636,0.0131544,0.00011227738753064356,4.318361058870906e-06,0.016800000000000637,-0.07184212261247,-0.0021668055373191475,stop_intrabar,False,False,False
510,PF_ETHUSD,-1,0.008,2026-07-23T19:56:00+00:00,2026-07-23T19:59:00+00:00,2026-07-23T20:00:00+00:00,1870.4,1869.2,1874.6,1875.8,14.953600000000002,0.45198975757588533,33.08393553030771,33.01616383563984,1.4953600000000002,1.4953600000000002,0.045198975757588536,10.0,stop_risk,1874.6,1874.6,0.06777999999999927,0.008270983882576929,-0.05279999999999927,0.01498,8.305332132000001e-06,2.768444044e-06,0.019200000000000727,-0.06777169466786727,-0.002048477413026712,stop_intrabar,False,False,False
511,PF_XBTUSD,1,0.0002,2026-07-23T20:16:00+00:00,2026-07-23T21:16:00+00:00,2026-07-23T21:16:00+00:00,65010.0,65044.0,65004.0,64970.0,13.0088,0.3940130678040021,33.01616383563984,32.988172661103775,1.3008800000000003,1.3008800000000003,0.039401306780400214,9.999999999999998,stop_risk,64880.0,64880.0,0.0523891,0.00825404095890996,-0.0148,0.0130014,-0.00018977453618614578,0.0,0.013600000000000001,-0.027991174536186145,-0.000847802145504579,time_exit,False,False,False
512,PF_ETHUSD,-1,0.012,2026-07-23T22:21:00+00:00,2026-07-23T22:23:00+00:00,2026-07-23T22:24:00+00:00,1877.6,1876.5,1879.7,1880.8,22.518,0.6826082860464376,32.988172661103775,32.91402922785541,2.2518000000000002,2.2518000000000002,0.06826082860464378,10.0,stop_risk,1879.7,1879.7,0.07414379999999945,0.008247043165275945,-0.05159999999999946,0.022543800000000003,3.6675163699999993e-07,1.8337581849999996e-07,0.026399999999997818,-0.07414343324836245,-0.0022475762452821364,stop_intrabar,False,False,False
513,PF_XBTUSD,-1,0.0002,2026-07-24T00:11:00+00:00,2026-07-24T01:04:00+00:00,2026-07-24T01:05:00+00:00,64860.0,64827.0,64984.0,65017.0,12.9654,0.39391713212149904,32.91402922785541,32.86312160779011,1.2965400000000002,1.2965400000000002,0.03939171321214991,9.999999999999998,stop_risk,64984.0,64984.0,0.0509844,0.008228507306963851,-0.038,0.0129844,7.67799348540761e-05,3.372771273083333e-08,0.0132,-0.050907620065145924,-0.0015466845372447563,stop_intrabar,False,False,False
514,PF_ETHUSD,-1,0.009,2026-07-24T02:56:00+00:00,2026-07-24T03:03:00+00:00,2026-07-24T03:04:00+00:00,1865.6,1864.5,1869.7,1870.8,16.7805,0.5106179565127565,32.86312160779011,32.78960816758531,1.67805,1.67805,0.05106179565127565,10.0,stop_risk,1869.7,1869.7,0.07350884999999958,0.008215780401947528,-0.056699999999999584,0.01680885,-4.590204803375374e-06,5.046358964625e-07,0.01979999999999836,-0.07351344020480297,-0.002236958530055672,stop_intrabar,False,False,False
515,PF_XBTUSD,1,0.0002,2026-07-24T03:16:00+00:00,2026-07-24T04:16:00+00:00,2026-07-24T04:16:00+00:00,65339.0,65373.0,65327.0,65293.0,13.0746,0.3987421848158926,32.78960816758531,32.760428691355,1.30746,1.30746,0.03987421848158926,10.0,stop_risk,65131.0,65131.0,0.068247,0.008197402041896328,-0.016,0.013066600000000001,-0.00011287623046072274,0.0,0.013600000000000001,-0.02917947623046072,-0.000889900119614926,time_exit,False,False,False
516,PF_ETHUSD,1,0.009,2026-07-24T06:26:00+00:00,2026-07-24T07:10:00+00:00,2026-07-24T07:11:00+00:00,1884.5,1885.7,1907.0,1905.9,16.9713,0.5180426715380094,32.760428691355,32.92494501213775,1.69713,1.69713,0.051804267153800945,10.0,stop_risk,1880.7,1880.7,0.0727434000000004,0.00819010717283875,0.1818000000000004,0.0170622,-0.0002214792171306532,4.47881087715e-06,0.02069999999999959,0.16451632078286976,0.00502179999940853,target_intrabar,False,False,True
517,PF_XBTUSD,1,0.0003,2026-07-24T07:16:00+00:00,2026-07-24T07:24:00+00:00,2026-07-24T07:25:00+00:00,65685.0,65719.0,65612.0,65578.0,19.7157,0.5988073781970426,32.92494501213775,32.8629308599978,1.9715699999999998,1.9715699999999998,0.05988073781970425,10.0,stop_risk,65612.0,65612.0,0.061994549999999995,0.008231236253034437,-0.0423,0.019694549999999998,-1.960213993063786e-05,2.1780155478486507e-06,0.020399999999999998,-0.06201415213993063,-0.0018835005530630099,stop_intrabar,False,False,False
518,PF_XBTUSD,-1,0.0002,2026-07-24T09:11:00+00:00,2026-07-24T10:11:00+00:00,2026-07-24T10:11:00+00:00,65070.0,65036.0,65028.0,65062.0,13.007200000000001,0.3958015812835773,32.8629308599978,32.84479398674667,1.30072,1.30072,0.03958015812835773,10.0,stop_risk,65187.0,65187.0,0.050025700000000006,0.00821573271499945,-0.005200000000000001,0.013009800000000002,7.292674897415552e-05,0.0,0.013600000000000001,-0.018136873251025847,-0.0005518945747198356,time_exit,False,False,False
519,PF_XBTUSD,-1,0.0003,2026-07-24T12:56:00+00:00,2026-07-24T13:50:00+00:00,2026-07-24T13:51:00+00:00,64830.0,64797.0,64151.0,64185.0,19.4391,0.5918472196185472,32.84479398674667,33.009175900719484,1.94391,1.94391,0.05918472196185473,10.0,stop_risk,64930.0,64930.0,0.06926399999999999,0.008211198496686669,0.18359999999999999,0.019347299999999998,0.000129213972868339,2.422368546895941e-06,0.0201,0.16438191397286833,0.005004808799811584,target_intrabar,False,False,True
520,PF_XBTUSD,1,0.0003,2026-07-24T18:56:00+00:00,2026-07-24T19:06:00+00:00,2026-07-24T19:07:00+00:00,64219.0,64252.0,64146.0,64113.0,19.275599999999997,0.5839467200870003,33.009175900719484,32.9481648736439,1.9275599999999997,1.9275599999999997,0.058394672008700035,10.0,stop_risk,64146.0,64146.0,0.060954749999999995,0.008252293975179872,-0.041699999999999994,0.019254749999999998,-5.627707557898424e-05,4.412980969044477e-06,0.019799999999999998,-0.06101102707557897,-0.001848305067023777,stop_intrabar,False,False,False
521,PF_XBTUSD,-1,0.0004,2026-07-25T00:51:00+00:00,2026-07-25T01:02:00+00:00,2026-07-25T01:03:00+00:00,64034.0,64001.0,64075.0,64108.0,25.6004,0.7769901631297964,32.9481648736439,32.87979301495579,2.5600400000000003,2.5600400000000003,0.07769901631297965,9.999999999999998,stop_risk,64075.0,64075.0,0.0684218,0.008237041218410976,-0.042800000000000005,0.0256218,4.994131188987428e-05,2.501895879009031e-06,0.0264,-0.06837185868811013,-0.0020751340461696724,stop_intrabar,False,False,False
522,PF_XBTUSD,-1,0.0004,2026-07-25T01:21:00+00:00,2026-07-25T01:28:00+00:00,2026-07-25T01:29:00+00:00,63947.0,63914.0,64001.0,64034.0,25.5656,0.7775474738655187,32.87979301495579,32.806220928226935,2.55656,2.55656,0.07775474738655187,10.0,stop_risk,64001.0,64001.0,0.0735896,0.008219948253738948,-0.048,0.025589600000000004,1.751327115306322e-05,2.501895879009031e-06,0.0264,-0.07357208672884694,-0.0022376079647272035,stop_intrabar,False,False,False
523,PF_XBTUSD,1,0.0004,2026-07-25T04:11:00+00:00,2026-07-25T04:35:00+00:00,2026-07-25T04:36:00+00:00,64063.0,64096.0,64024.0,63991.0,25.6384,0.7815103134277914,32.806220928226935,32.73855594143287,2.5638400000000003,2.5638400000000003,0.07815103134277915,9.999999999999998,stop_risk,64024.0,64024.0,0.0676174,0.008201555232056734,-0.042,0.025617400000000002,-4.7586794097107754e-05,1.9034717638843092e-06,0.0264,-0.06766498679409712,-0.002062565723194201,stop_intrabar,False,False,False
524,PF_XBTUSD,1,0.0004,2026-07-25T04:51:00+00:00,2026-07-25T04:57:00+00:00,2026-07-25T04:58:00+00:00,64137.0,64170.0,64093.0,64060.0,25.668000000000003,0.7840296940988591,32.73855594143287,32.668896617130535,2.5668000000000006,2.5668000000000006,0.07840296940988593,9.999999999999998,stop_risk,64093.0,64093.0,0.06964600000000001,0.008184638985358218,-0.044000000000000004,0.025646000000000002,-1.3324302347190165e-05,1.9034717638843092e-06,0.0264,-0.0696593243023472,-0.0021277457816698806,stop_intrabar,False,False,False
525,PF_ETHUSD,-1,0.013,2026-07-25T08:16:00+00:00,2026-07-25T08:21:00+00:00,2026-07-25T08:22:00+00:00,1852.8,1851.7,1854.4,1855.5,24.0721,0.7368507201855526,32.668896617130535,32.595390995346996,2.40721,2.40721,0.07368507201855527,10.0,stop_risk,1854.4,1854.4,0.0734967999999994,0.008167224154282634,-0.04939999999999941,0.024096799999999998,-8.821783540265863e-06,1.4702972567109774e-06,0.028599999999997634,-0.07350562178353967,-0.0022500185006247087,stop_intrabar,False,False,False
526,PF_XBTUSD,-1,0.0004,2026-07-25T08:56:00+00:00,2026-07-25T08:56:00+00:00,2026-07-25T08:57:00+00:00,63758.0,63725.0,63801.0,63834.0,25.490000000000002,0.7820124018036387,32.595390995346996,32.52627885629189,2.5490000000000004,2.5490000000000004,0.07820124018036388,10.0,stop_risk,63801.0,63801.0,0.0691118,0.008148847748836749,-0.0436,0.0255118,-3.3905510589874685e-07,3.3905510589874685e-07,0.0264,-0.0691121390551059,-0.0021203040351616483,stop_intrabar,False,False,False
527,PF_ETHUSD,1,0.011,2026-07-25T09:56:00+00:00,2026-07-25T10:56:00+00:00,2026-07-25T10:56:00+00:00,1856.2,1857.3,1856.3,1855.2,20.4303,0.6281167326353398,32.52627885629189,32.48266122991234,2.04303,2.04303,0.06281167326353398,10.0,stop_risk,1854.0,1854.0,0.0688060999999985,0.008131569714072973,-0.023099999999999,0.02041875,-9.887637964024953e-05,0.0,0.024199999999997997,-0.04361762637963925,-0.001340996508464781,time_exit,False,False,False
528,PF_XBTUSD,1,0.0004,2026-07-25T11:06:00+00:00,2026-07-25T12:06:00+00:00,2026-07-25T12:06:00+00:00,64026.0,64059.0,64014.0,63981.0,25.6236,0.7888393077967384,32.48266122991234,32.42580578745286,2.56236,2.56236,0.07888393077967384,10.0,stop_risk,63982.0,63982.0,0.06960160000000001,0.008120665307478086,-0.031200000000000002,0.025608,-4.744245940471243e-05,0.0,0.0264,-0.056855442459404715,-0.001750332032741461,time_exit,False,False,False
529,PF_XBTUSD,1,0.0004,2026-07-25T13:06:00+00:00,2026-07-25T14:06:00+00:00,2026-07-25T14:06:00+00:00,64062.0,64095.0,64096.0,64063.0,25.638,0.7906665502178701,32.42580578745286,32.387222406370306,2.5638000000000005,2.5638000000000005,0.07906665502178703,9.999999999999998,stop_risk,64034.0,64034.0,0.0632192,0.008106451446863215,-0.0128,0.0256316,-0.00015178108249532668,0.0,0.0264,-0.03858338108249533,-0.0011898973717231458,time_exit,False,False,False
530,PF_XBTUSD,-1,0.0004,2026-07-25T16:31:00+00:00,2026-07-25T16:35:00+00:00,2026-07-25T16:36:00+00:00,64086.0,64053.0,64130.0,64163.0,25.6212,0.7910897599838793,32.387222406370306,32.31757999823807,2.56212,2.56212,0.07910897599838793,10.0,stop_risk,64130.0,64130.0,0.0696432,0.008096805601592578,-0.044000000000000004,0.025643200000000005,7.918677511116812e-07,1.979669377779203e-07,0.0264,-0.0696424081322489,-0.002150305057297868,stop_intrabar,False,False,False
531,PF_XBTUSD,1,0.0004,2026-07-25T17:31:00+00:00,2026-07-25T18:31:00+00:00,2026-07-25T18:31:00+00:00,64196.0,64229.0,64354.0,64321.0,25.6916,0.7949728909590598,32.31757999823807,32.3285569204376,2.56916,2.56916,0.07949728909590598,10.0,stop_risk,64165.0,64165.0,0.06447220000000001,0.008079394999559517,0.0368,0.025710000000000004,-0.00011307780039996176,0.0,0.0264,0.010976922199600036,0.00033965792612561,time_exit,False,False,False
532,PF_XBTUSD,-1,0.0003,2026-07-25T20:46:00+00:00,2026-07-25T21:35:00+00:00,2026-07-25T21:36:00+00:00,64236.0,64203.0,64306.0,64339.0,19.2609,0.5957859500936636,32.3285569204376,32.26844266700866,1.92609,1.92609,0.05957859500936637,10.0,stop_risk,64306.0,64306.0,0.0600813,0.0080821392301094,-0.040799999999999996,0.0192813,-3.295342891933883e-05,4.266127067392738e-07,0.019799999999999998,-0.06011425342891933,-0.0018594784040891121,stop_intrabar,False,False,False
533,PF_XBTUSD,1,0.0004,2026-07-26T00:31:00+00:00,2026-07-26T00:39:00+00:00,2026-07-26T00:40:00+00:00,64404.0,64437.0,64377.0,64344.0,25.774800000000003,0.7987618202087028,32.26844266700866,32.20546080561712,2.5774800000000004,2.5774800000000004,0.07987618202087028,10.0,stop_risk,64377.0,64377.0,0.0629562,0.008067110666752164,-0.037200000000000004,0.0257562,-2.566139153555379e-05,2.851265726172643e-06,0.0264,-0.06298186139153555,-0.0019518097616755574,stop_intrabar,False,False,False
534,PF_ETHUSD,1,0.011,2026-07-26T04:46:00+00:00,2026-07-26T04:59:00+00:00,2026-07-26T05:00:00+00:00,1886.5,1887.6,1884.0,1882.9,20.763599999999997,0.6447229594174448,32.20546080561712,32.132978656038965,2.0763599999999998,2.0763599999999998,0.06447229594174449,10.0,stop_risk,1884.0,1884.0,0.072437749999998,0.00805136520140428,-0.051699999999998,0.02073775,-4.4399578117123393e-05,3.1713984369373848e-06,0.024199999999997997,-0.07248214957811512,-0.002250616751475673,stop_intrabar,False,False,False
535,PF_XBTUSD,-1,0.0004,2026-07-26T06:06:00+00:00,2026-07-26T06:55:00+00:00,2026-07-26T06:56:00+00:00,64337.0,64304.0,64386.0,64419.0,25.721600000000002,0.8004735656576292,32.132978656038965,32.06151356314317,2.5721600000000002,2.5721600000000002,0.08004735656576291,10.0,stop_risk,64386.0,64386.0,0.0717446,0.008033244664009741,-0.046,0.025744600000000003,0.00027950710412928334,5.704226614883334e-06,0.0264,-0.07146509289587072,-0.002224041962024576,stop_intrabar,False,False,False
536,PF_XBTUSD,1,0.0004,2026-07-26T08:56:00+00:00,2026-07-26T09:56:00+00:00,2026-07-26T09:56:00+00:00,64434.0,64467.0,64485.0,64452.0,25.7868,0.8042914115459486,32.06151356314317,32.02957960527568,2.5786800000000003,2.5786800000000003,0.08042914115459487,9.999999999999998,stop_risk,64403.0,64403.0,0.0645674,0.008015378390785794,-0.006,0.025783800000000003,-0.00015015786758875853,0.0,0.0264,-0.03193395786758876,-0.0009960215323177677,time_exit,False,False,False
537,PF_ETHUSD,1,0.01,2026-07-26T12:11:00+00:00,2026-07-26T12:47:00+00:00,2026-07-26T12:48:00+00:00,1887.2,1888.3,1884.4,1883.2,18.883,0.5895487931065361,32.02957960527568,31.959666886179026,1.8883,1.8883,0.058954879310653616,9.999999999999998,stop_risk,1884.4,1884.4,0.068858,0.00800739490131892,-0.050999999999999095,0.0188575,-5.5219096668312475e-05,1.4924080180625e-06,0.022999999999999545,-0.06991271909666741,-0.002182754814713581,stop_intrabar,False,False,False
538,PF_XBTUSD,-1,0.0003,2026-07-26T13:11:00+00:00,2026-07-26T13:20:00+00:00,2026-07-26T13:21:00+00:00,64368.0,64335.0,64435.0,64468.0,19.3005,0.6039017887369318,31.959666886179026,31.900477773379667,1.93005,1.93005,0.060390178873693176,10.0,stop_risk,64435.0,64435.0,0.059220449999999994,0.007989916721544758,-0.0399,0.01932045,3.133720064718563e-05,3.481911183020625e-06,0.019799999999999998,-0.05918911279935281,-0.0018519940464382365,stop_intrabar,False,False,False
539,PF_XBTUSD,1,0.0003,2026-07-26T14:11:00+00:00,2026-07-26T15:11:00+00:00,2026-07-26T15:11:00+00:00,64658.0,64691.0,64627.0,64594.0,19.4073,0.6083701986493449,31.900477773379667,31.85181920560907,1.94073,1.94073,0.06083701986493449,10.0,stop_risk,64552.0,64552.0,0.0709815,0.007975119443344917,-0.029099999999999997,0.01939275,-0.00016581777068979734,0.0,0.019799999999999998,-0.04865856777068979,-0.0015253241069415715,time_exit,False,False,False
540,PF_ETHUSD,1,0.007,2026-07-26T15:26:00+00:00,2026-07-26T16:26:00+00:00,2026-07-26T16:26:00+00:00,1905.6,1906.8,1913.1,1911.9,13.3476,0.41905298764377963,31.85181920560907,31.874066256288064,1.3347600000000002,1.3347600000000002,0.04190529876437797,9.999999999999998,stop_risk,1900.0,1900.0,0.0693196,0.007962954801402267,0.03570000000000095,0.013365450000000001,-8.749932096189332e-05,0.0,0.016799999999999045,0.02224705067903906,0.0006984546325417224,time_exit,False,False,False
541,PF_XBTUSD,1,0.0003,2026-07-26T21:26:00+00:00,2026-07-26T22:02:00+00:00,2026-07-26T22:03:00+00:00,64784.0,64817.0,65448.0,65414.0,19.4451,0.6100602239968018,31.874066256288064,32.033632912807064,1.9445100000000002,1.9445100000000002,0.06100602239968019,9.999999999999998,stop_risk,64688.0,64688.0,0.06802079999999999,0.007968516564072017,0.17909999999999998,0.01953465,1.3065190286362491e-06,1.2895914604112498e-06,0.0201,0.15956665651902863,0.005006159403573103,target_intrabar,False,False,True
542,PF_XBTUSD,1,0.0002,2026-07-26T22:11:00+00:00,2026-07-26T23:11:00+00:00,2026-07-26T23:11:00+00:00,65162.0,65196.0,65440.0,65406.0,13.039200000000001,0.40704718180081667,32.033632912807064,32.062510265611586,1.3039200000000002,1.3039200000000002,0.040704718180081666,10.0,stop_risk,64963.0,64963.0,0.0662126,0.008008408228201766,0.042,0.013060200000000001,-6.244719541615912e-05,0.0,0.013600000000000001,0.028877352804583842,0.0009014698046639181,time_exit,False,False,False
543,PF_ETHUSD,1,0.009,2026-07-27T04:06:00+00:00,2026-07-27T04:09:00+00:00,2026-07-27T04:10:00+00:00,1953.0,1954.2,1949.6,1948.4,17.587799999999998,0.548547192789944,32.062510265611586,31.992732282916627,1.7587799999999998,1.7587799999999998,0.0548547192789944,10.0,stop_risk,1949.6,1949.6,0.06976169999999958,0.008015627566402898,-0.05219999999999959,0.0175617,-1.628269495820039e-05,4.0706737395500975e-06,0.02159999999999877,-0.06977798269495779,-0.0021763106543094867,stop_intrabar,False,False,False
544,PF_XBTUSD,1,0.0003,2026-07-27T04:26:00+00:00,2026-07-27T04:28:00+00:00,2026-07-27T04:29:00+00:00,65330.0,65364.0,65239.0,65205.0,19.609199999999998,0.6129267055590264,31.992732282916627,31.9254339401814,1.9609199999999998,1.9609199999999998,0.06129267055590264,10.0,stop_risk,65239.0,65239.0,0.06728535,0.007998183070729158,-0.04769999999999999,0.019585349999999998,-1.29927352297797e-05,4.3309117432599005e-06,0.020399999999999998,-0.06729834273522978,-0.0021035509608901245,stop_intrabar,False,False,False
545,PF_XBTUSD,1,0.0002,2026-07-27T06:11:00+00:00,2026-07-27T06:55:00+00:00,2026-07-27T06:56:00+00:00,65546.0,65580.0,65350.0,65316.0,13.116000000000001,0.41083231709787926,31.9254339401814,31.859464823197204,1.3116000000000003,1.3116000000000003,0.041083231709787935,9.999999999999998,stop_risk,65350.0,65350.0,0.06588959999999999,0.00798135848504535,-0.0528,0.0130896,-7.951698415906569e-05,1.7670440924236838e-06,0.013600000000000001,-0.06596911698415907,-0.002066349892307344,stop_intrabar,False,False,False
546,PF_XBTUSD,-1,0.0003,2026-07-27T07:41:00+00:00,2026-07-27T08:41:00+00:00,2026-07-27T08:41:00+00:00,65200.0,65166.0,65115.0,65149.0,19.549799999999998,0.6136261267567052,31.859464823197204,31.845269296678183,1.95498,1.95498,0.06136261267567052,9.999999999999998,stop_risk,65279.0,65279.0,0.06367185,0.0079648662057993,0.0050999999999999995,0.01954725,0.0002517234810100279,0.0,0.020399999999999998,-0.01419552651898997,-0.0004455670111776034,time_exit,False,False,False
547,PF_ETHUSD,-1,0.009,2026-07-27T09:11:00+00:00,2026-07-27T09:34:00+00:00,2026-07-27T09:35:00+00:00,1957.5,1956.3,1961.1,1962.3,17.6067,0.5528827480142106,31.845269296678183,31.77371705354784,1.7606700000000002,1.7606700000000002,0.05528827480142106,9.999999999999998,stop_risk,1961.1,1961.1,0.0716337,0.007961317324169546,-0.05399999999999999,0.0176337,8.14568696506125e-05,3.5416030282875e-06,0.021600000000000816,-0.07155224313034939,-0.0022468719753553188,stop_intrabar,False,False,False
548,PF_XBTUSD,1,0.0003,2026-07-27T10:46:00+00:00,2026-07-27T10:51:00+00:00,2026-07-27T10:52:00+00:00,65347.0,65381.0,65286.0,65252.0,19.614299999999997,0.6173121000273359,31.77371705354784,31.715400215201516,1.9614299999999998,1.9614299999999998,0.06173121000273361,10.0,stop_risk,65286.0,65286.0,0.05829495,0.00794342926338696,-0.0387,0.01959495,-2.1888346335074343e-05,3.6480577225123906e-06,0.020399999999999998,-0.058316838346335075,-0.0018353797967060148,stop_intrabar,False,False,False
549,PF_XBTUSD,-1,0.0004,2026-07-27T11:31:00+00:00,2026-07-27T11:37:00+00:00,2026-07-27T11:38:00+00:00,65125.0,65091.0,65160.0,65194.0,26.0364,0.8209387182041766,31.715400215201516,31.648186938041178,2.6036400000000004,2.6036400000000004,0.08209387182041768,9.999999999999998,stop_risk,65160.0,65160.0,0.067257,0.00792885005380038,-0.0412,0.026057,4.372283966432087e-05,7.287139944053478e-06,0.027200000000000002,-0.06721327716033568,-0.0021192630931429856,stop_intrabar,False,False,False
550,PF_ETHUSD,-1,0.007,2026-07-27T12:21:00+00:00,2026-07-27T12:47:00+00:00,2026-07-27T12:48:00+00:00,1950.7,1949.5,1956.0,1957.2,13.6465,0.43119373715518855,31.648186938041178,31.580704477999067,1.3646500000000001,1.3646500000000001,0.04311937371551886,9.999999999999998,stop_risk,1956.0,1956.0,0.06757345000000033,0.007912046734510295,-0.05390000000000032,0.01367345,9.098995792502578e-05,3.4996137663471464e-06,0.016800000000000637,-0.0674824600420753,-0.002132269383209477,stop_intrabar,False,False,False
551,PF_XBTUSD,1,0.0002,2026-07-27T13:46:00+00:00,2026-07-27T13:53:00+00:00,2026-07-27T13:54:00+00:00,65572.0,65606.0,65417.0,65380.0,13.1212,0.4154815485240673,31.580704477999067,31.522388107378394,1.3121200000000002,1.3121200000000002,0.04154815485240674,9.999999999999998,stop_risk,65417.0,65417.0,0.057698900000000004,0.007895176119499766,-0.045200000000000004,0.0130986,-1.7770620682352802e-05,2.2213275852941002e-06,0.0142,-0.05831637062068236,-0.0018465823224845695,stop_intrabar,False,False,False
552,PF_XBTUSD,-1,0.0001,2026-07-27T14:36:00+00:00,2026-07-27T15:36:00+00:00,2026-07-27T15:36:00+00:00,64643.0,64610.0,64453.0,64486.0,6.461,0.20496543529605502,31.522388107378394,31.528431071160657,0.6461000000000001,0.6461000000000001,0.020496543529605504,9.999999999999998,stop_risk,64997.0,64997.0,0.04858205,0.007880597026844599,0.012400000000000001,0.0064548,9.776378230510135e-05,0.0,0.0066,0.006042963782305103,0.00019170386969795085,time_exit,False,False,False
553,PF_XBTUSD,1,0.0002,2026-07-27T16:41:00+00:00,2026-07-27T17:41:00+00:00,2026-07-27T17:41:00+00:00,64880.0,64913.0,64975.0,64942.0,12.982600000000001,0.41177437502988545,31.528431071160657,31.521099927171296,1.2982600000000002,1.2982600000000002,0.041177437502988544,10.0,stop_risk,64697.0,64697.0,0.0627577,0.007882107767790164,0.0058000000000000005,0.0129855,-0.00014564398936569022,0.0,0.0132,-0.007331143989365691,-0.00023252485900167595,time_exit,False,False,False
554,PF_ETHUSD,-1,0.006,2026-07-27T18:41:00+00:00,2026-07-27T18:41:00+00:00,2026-07-27T18:42:00+00:00,1927.2,1926.0,1934.1,1935.3,11.556000000000001,0.3666115721437338,31.521099927171296,31.45371579771606,1.1556000000000002,1.1556000000000002,0.03666115721437338,10.0,stop_risk,1934.1,1934.1,0.06738389999999973,0.007880274981792825,-0.05579999999999973,0.011583900000000001,-2.294552341917314e-07,2.294552341917314e-07,0.014400000000000546,-0.06738412945523392,-0.002137746766798216,stop_intrabar,False,False,False
555,PF_ETHUSD,1,0.006,2026-07-27T19:16:00+00:00,2026-07-27T20:16:00+00:00,2026-07-27T20:16:00+00:00,1946.6,1947.8,1942.5,1941.3,11.6868,0.37155546502549025,31.45371579771606,31.403063046886334,1.16868,1.16868,0.03715554650254902,10.0,stop_risk,1940.3,1940.3,0.06386070000000027,0.007863428949429017,-0.039,0.0116673,1.4549170226798204e-05,0.0,0.014400000000000546,-0.0506527508297732,-0.0016103900459815063,time_exit,False,False,False
556,PF_ETHUSD,-1,0.007,2026-07-27T22:31:00+00:00,2026-07-27T22:50:00+00:00,2026-07-27T22:51:00+00:00,1927.2,1926.0,1900.4,1901.6,13.482000000000001,0.42932117736001435,31.403063046886334,31.5604187864415,1.3482000000000003,1.3482000000000003,0.04293211773600144,9.999999999999998,stop_risk,1931.9,1931.9,0.06320684999999937,0.007850765761721584,0.17080000000000065,0.013396600000000002,-4.766044486690429e-05,2.3830222433452144e-06,0.016799999999999045,0.15735573955513374,0.005010840481394881,target_intrabar,False,False,True
557,PF_ETHUSD,-1,0.004,2026-07-27T23:01:00+00:00,2026-07-28T00:01:00+00:00,2026-07-28T00:01:00+00:00,1889.0,1887.9,1891.8,1892.9,7.5516000000000005,0.23927439148064164,31.5604187864415,31.532778422190113,0.75516,0.75516,0.023927439148064167,10.0,stop_risk,1900.9,1900.9,0.06397979999999964,0.007890104696610376,-0.02,0.0075616,-7.87642513345504e-05,0.0,0.008800000000000183,-0.027640364251334548,-0.0008757920621512467,time_exit,False,False,False
558,PF_XBTUSD,-1,0.0001,2026-07-28T01:11:00+00:00,2026-07-28T02:11:00+00:00,2026-07-28T02:11:00+00:00,63105.0,63072.0,63199.0,63232.0,6.3072,0.20002043319980722,31.532778422190113,31.510462995164893,0.6307200000000001,0.6307200000000001,0.020002043319980723,9.999999999999998,stop_risk,63394.0,63394.0,0.04182495000000001,0.007883194605547528,-0.016,0.0063152,-2.2702525163624996e-07,0.0,0.0066,-0.022315427025251636,-0.0007076898434534369,time_exit,False,False,False
559,PF_ETHUSD,1,0.01,2026-07-28T03:51:00+00:00,2026-07-28T04:30:00+00:00,2026-07-28T04:31:00+00:00,1879.2,1880.3,1876.5,1875.4,18.803,0.5967224284481386,31.510462995164893,31.44295846633617,1.8803,1.8803,0.05967224284481386,10.0,stop_risk,1876.5,1876.5,0.06777849999999865,0.007877615748791224,-0.048999999999998635,0.018778500000000004,0.0002739711712512533,7.76834542916677e-06,0.02199999999999818,-0.06750452882874738,-0.002142289335421875,stop_intrabar,False,False,False
560,PF_XBTUSD,1,0.0003,2026-07-28T05:11:00+00:00,2026-07-28T06:11:00+00:00,2026-07-28T06:11:00+00:00,63408.0,63441.0,63345.0,63312.0,19.0323,0.6052960957976199,31.44295846633617,31.385030193148967,1.90323,1.90323,0.060529609579761987,10.0,stop_risk,63323.0,63323.0,0.06430965,0.007860739616584043,-0.0387,0.019012949999999997,-0.00021532318716571875,0.0,0.019799999999999998,-0.057928273187165716,-0.00184232896688731,time_exit,False,False,False
561,PF_ETHUSD,-1,0.01,2026-07-28T10:01:00+00:00,2026-07-28T10:19:00+00:00,2026-07-28T10:20:00+00:00,1874.5,1873.4,1877.4,1878.5,18.734,0.5969087773600245,31.385030193148967,31.315137513594816,1.8734000000000002,1.8734000000000002,0.05969087773600244,10.0,stop_risk,1877.4,1877.4,0.06975949999999909,0.007846257548287243,-0.050999999999999095,0.0187595,-0.00013317955414477085,7.009450218145833e-06,0.02199999999999818,-0.06989267955414387,-0.0022269431994811567,stop_intrabar,False,False,False
562,PF_ETHUSD,1,0.009,2026-07-28T12:51:00+00:00,2026-07-28T13:25:00+00:00,2026-07-28T13:26:00+00:00,1887.9,1889.0,1884.6,1883.5,17.000999999999998,0.5429003782154674,31.315137513594816,31.248668859262672,1.7001,1.7001,0.05429003782154675,9.999999999999998,stop_risk,1884.6,1884.6,0.06647625,0.007828784378398705,-0.049499999999999995,0.01697625,7.595667821301515e-06,9.462361115009446e-08,0.01979999999999836,-0.0664686543321787,-0.0021225726472803358,stop_intrabar,False,False,False
563,PF_XBTUSD,-1,0.0005,2026-07-28T13:36:00+00:00,2026-07-28T13:36:00+00:00,2026-07-28T13:36:00+00:00,63308.0,63275.0,63308.0,63341.0,31.6375,1.0124431265372786,31.248668859262672,31.18401485926267,3.1637500000000003,3.1637500000000003,0.10124431265372788,9.999999999999998,stop_risk,63307.0,63307.0,0.06415375000000001,0.007812167214815669,-0.033,0.031654,0.0,0.0,0.033,-0.064654,-0.0020690161328531403,stop_at_open,False,False,False
564,PF_XBTUSD,-1,0.0002,2026-07-28T13:41:00+00:00,2026-07-28T14:00:00+00:00,2026-07-28T14:01:00+00:00,62996.0,62964.0,63114.0,63147.0,12.5928,0.4038222806406702,31.18401485926267,31.134831616947185,1.2592800000000002,1.2592800000000002,0.04038222806406703,9.999999999999998,stop_risk,63114.0,63114.0,0.0492111,0.007796003714815668,-0.0366,0.0126111,2.7857684505991725e-05,2.3990878628720148e-06,0.013000000000000001,-0.04918324231549401,-0.001577194037953871,stop_intrabar,False,False,False
565,PF_XBTUSD,-1,0.0002,2026-07-28T17:41:00+00:00,2026-07-28T18:00:00+00:00,2026-07-28T18:01:00+00:00,63528.0,63495.0,63648.0,63681.0,12.699,0.4078711635969707,31.134831616947185,31.084946406864365,1.2699,1.2699,0.04078711635969707,10.0,stop_risk,63648.0,63648.0,0.0499176,0.0077837079042367965,-0.037200000000000004,0.012717599999999999,3.238991719516875e-05,2.023136949182015e-06,0.0132,-0.04988521008280484,-0.0016022315680567717,stop_intrabar,False,False,False
566,PF_XBTUSD,1,0.0003,2026-07-28T20:06:00+00:00,2026-07-28T21:06:00+00:00,2026-07-28T21:06:00+00:00,63864.0,63897.0,63909.0,63876.0,19.169099999999997,0.6166682660185304,31.084946406864365,31.059128797156696,1.9169099999999997,1.9169099999999997,0.06166682660185305,10.0,stop_risk,63768.0,63768.0,0.0677448,0.007771236601716092,-0.006299999999999999,0.019165949999999998,-0.0003516597076340568,0.0,0.019799999999999998,-0.02581760970763405,-0.0008305502402903564,time_exit,False,False,False
567,PF_XBTUSD,-1,0.0003,2026-07-28T22:41:00+00:00,2026-07-28T23:41:00+00:00,2026-07-28T23:41:00+00:00,63822.0,63789.0,63738.0,63771.0,19.136699999999998,0.6161376941697047,31.059128797156696,31.045660841207997,1.9136699999999998,1.9136699999999998,0.061613769416970464,10.0,stop_risk,63884.0,63884.0,0.0575559,0.007764782199289175,0.005399999999999999,0.019133999999999998,0.00026604405128238096,0.0,0.019799999999999998,-0.013467955948717619,-0.00043362310761113626,time_exit,False,False,False
568,PF_XBTUSD,1,0.0002,2026-07-29T00:11:00+00:00,2026-07-29T00:32:00+00:00,2026-07-29T00:33:00+00:00,63947.0,63980.0,63830.0,63797.0,12.796000000000001,0.4121671001126,31.045660841207997,30.996217462817825,1.2796000000000003,1.2796000000000003,0.041216710011260003,9.999999999999998,stop_risk,63830.0,63830.0,0.049377700000000004,0.0077614152103020004,-0.0366,0.012777700000000001,-6.56783901899629e-05,2.98538137227104e-06,0.0132,-0.04944337839018997,-0.0015926018983162386,stop_intrabar,False,False,False
569,PF_XBTUSD,-1,0.0002,2026-07-29T01:56:00+00:00,2026-07-29T02:26:00+00:00,2026-07-29T02:27:00+00:00,63686.0,63653.0,63820.0,63853.0,12.7306,0.41071463043099576,30.996217462817825,30.943564606378356,1.27306,1.27306,0.04107146304309958,10.0,stop_risk,63820.0,63820.0,0.0527506,0.007749054365704457,-0.04,0.0127506,9.774356050509784e-05,3.246056144505485e-06,0.0132,-0.0526528564394949,-0.0016986865091734422,stop_intrabar,False,False,False
570,PF_ETHUSD,-1,0.005,2026-07-29T03:56:00+00:00,2026-07-29T04:36:00+00:00,2026-07-29T04:37:00+00:00,1889.3,1888.1,1896.9,1898.1,9.4405,0.3050876691192211,30.943564606378356,30.884143595651338,0.9440500000000001,0.9440500000000001,0.03050876691192211,10.0,stop_risk,1896.9,1896.9,0.059465500000000004,0.007735891151594589,-0.05,0.0094655,4.448927303509703e-05,1.2099617679375003e-06,0.011999999999999319,-0.05942101072696491,-0.0019203027021236117,stop_intrabar,False,False,False
571,PF_XBTUSD,1,0.0002,2026-07-29T06:21:00+00:00,2026-07-29T07:21:00+00:00,2026-07-29T07:21:00+00:00,64059.0,64092.0,64422.0,64389.0,12.8184,0.4150479342352528,30.884143595651338,30.93052711138822,1.28184,1.28184,0.04150479342352528,10.0,stop_risk,63954.0,63954.0,0.0470013,0.007721035898912834,0.0594,0.012848100000000001,-0.00016838426306203908,0.0,0.0132,0.04638351573693797,0.0015018553321151191,time_exit,False,False,False
572,PF_XBTUSD,-1,0.0003,2026-07-29T08:31:00+00:00,2026-07-29T08:43:00+00:00,2026-07-29T08:44:00+00:00,64245.0,64212.0,64326.0,64359.0,19.263599999999997,0.6228021892619925,30.93052711138822,30.867163112874966,1.9263599999999999,1.9263599999999999,0.06228021892619926,9.999999999999998,stop_risk,64326.0,64326.0,0.06338565,0.007732631777847054,-0.04409999999999999,0.019285649999999998,2.1651486751199998e-05,1.8042905626e-06,0.019799999999999998,-0.06336399851324878,-0.0020485909692085067,stop_intrabar,False,False,False
573,PF_ETHUSD,-1,0.01,2026-07-29T11:01:00+00:00,2026-07-29T11:09:00+00:00,2026-07-29T11:10:00+00:00,1910.7,1909.6,1913.4,1914.5,19.096,0.6186509570111706,30.867163112874966,30.799032837036652,1.9096000000000002,1.9096000000000002,0.06186509570111706,9.999999999999998,stop_risk,1913.4,1913.4,0.0681205000000009,0.007716790778218742,-0.04900000000000091,0.0191205,-9.775838325499047e-06,1.086204258388783e-06,0.022000000000000457,-0.06813027583832641,-0.002207208857813975,stop_intrabar,False,False,False
574,PF_XBTUSD,-1,0.0002,2026-07-29T13:06:00+00:00,2026-07-29T13:32:00+00:00,2026-07-29T13:33:00+00:00,64182.0,64149.0,64311.0,64344.0,12.8298,0.41656502877492396,30.799032837036652,30.747203364850098,1.2829800000000002,1.2829800000000002,0.0416565028774924,9.999999999999998,stop_risk,64311.0,64311.0,0.051849299999999994,0.007699758209259164,-0.039,0.012849300000000001,1.9827813471896847e-05,7.626082104575714e-07,0.0132,-0.05182947218652811,-0.0016828279141350762,stop_intrabar,False,False,False
575,PF_XBTUSD,-1,0.0002,2026-07-29T16:51:00+00:00,2026-07-29T17:11:00+00:00,2026-07-29T17:12:00+00:00,63634.0,63601.0,63805.0,63838.0,12.7202,0.41370266586721866,30.747203364850098,30.687111683223197,1.2720200000000002,1.2720200000000002,0.04137026658672187,9.999999999999998,stop_risk,63805.0,63805.0,0.0601439,0.0076868008412125256,-0.047400000000000005,0.0127439,5.221837312633473e-05,2.295120727830488e-06,0.0132,-0.06009168162687367,-0.0019543787743496015,stop_intrabar,False,False,False
576,PF_ETHUSD,1,0.005,2026-07-29T17:51:00+00:00,2026-07-29T18:00:00+00:00,2026-07-29T18:01:00+00:00,1902.8,1903.9,1937.9,1936.6,9.5195,0.3102116646971491,30.687111683223197,30.84100071368865,0.9519500000000001,0.9519500000000001,0.03102116646971491,10.0,stop_risk,1894.1,1894.1,0.06399225000000046,0.007671777920805799,0.1634999999999991,0.00960125,-9.71953453841709e-06,2.2750681236666138e-06,0.012000000000001593,0.15388903046546068,0.005014777280248001,target_intrabar,False,False,True
577,PF_XBTUSD,1,0.0002,2026-07-29T18:06:00+00:00,2026-07-29T18:19:00+00:00,2026-07-29T18:20:00+00:00,64302.0,64335.0,64116.0,64083.0,12.867,0.41720436115061066,30.84100071368865,30.7777196655356,1.2867000000000002,1.2867000000000002,0.04172043611506107,10.0,stop_risk,64116.0,64116.0,0.0632418,0.0077102501784221626,-0.0504,0.0128418,-3.924815304099762e-05,2.803439502928401e-06,0.0132,-0.063281048153041,-0.0020518480817308233,stop_intrabar,False,False,False
578,PF_XBTUSD,-1,0.0001,2026-07-29T19:56:00+00:00,2026-07-29T20:56:00+00:00,2026-07-29T20:56:00+00:00,63591.0,63558.0,63443.0,63476.0,6.3558,0.20650652709391995,30.7777196655356,30.77958717887322,0.63558,0.63558,0.020650652709391995,10.0,stop_risk,63885.0,63885.0,0.0423738,0.007694429916383901,0.0082,0.0063517,1.921333757319469e-05,0.0,0.0066,0.0018675133375731946,6.067744322411274e-05,time_exit,False,False,False
579,PF_ETHUSD,1,0.006,2026-07-29T21:56:00+00:00,2026-07-29T22:56:00+00:00,2026-07-29T22:56:00+00:00,1892.4,1893.5,1904.8,1903.7,11.361,0.36910826431740024,30.77958717887322,30.829227889052508,1.1361,1.1361,0.036910826431740026,10.0,stop_risk,1886.4,1886.4,0.060536400000000275,0.0076948967947183065,0.061200000000000275,0.011391600000000002,-0.00016768982070669648,0.0,0.013199999999998909,0.049640710179293585,0.0016127802459081203,time_exit,False,False,False
580,PF_XBTUSD,-1,0.0002,2026-07-30T00:41:00+00:00,2026-07-30T01:32:00+00:00,2026-07-30T01:33:00+00:00,63737.0,63704.0,63843.0,63876.0,12.7408,0.4132701618688372,30.829227889052508,30.78222226711186,1.27408,1.27408,0.041327016186883725,10.0,stop_risk,63843.0,63843.0,0.047158,0.007707306972263127,-0.0344,0.012758,0.0001523780593068111,2.8512892270583336e-06,0.0132,-0.04700562194069319,-0.0015247096719339162,stop_intrabar,False,False,False
581,PF_XBTUSD,1,0.0002,2026-07-30T01:56:00+00:00,2026-07-30T02:56:00+00:00,2026-07-30T02:56:00+00:00,64249.0,64282.0,64177.0,64144.0,12.8564,0.417656655469477,30.78222226711186,30.741588264925813,1.2856400000000001,1.2856400000000001,0.0417656655469477,10.0,stop_risk,64054.0,64054.0,0.0650303,0.007695555566777965,-0.027600000000000003,0.012842600000000001,-0.00019140218599192344,0.0,0.0132,-0.040634002185991926,-0.001320047715638966,time_exit,False,False,False
582,PF_XBTUSD,-1,0.0003,2026-07-30T05:06:00+00:00,2026-07-30T05:31:00+00:00,2026-07-30T05:32:00+00:00,63937.0,63904.0,63997.0,64030.0,19.1712,0.6236242524226737,30.741588264925813,30.68470554460234,1.91712,1.91712,0.06236242524226737,10.0,stop_risk,63997.0,63997.0,0.05699009999999999,0.0076853970662314535,-0.03779999999999999,0.0191901,0.00010737967650672143,4.295187060268856e-06,0.019799999999999998,-0.05688272032349327,-0.0018503507311752275,stop_intrabar,False,False,False
583,PF_XBTUSD,1,0.0002,2026-07-30T08:31:00+00:00,2026-07-30T09:31:00+00:00,2026-07-30T09:31:00+00:00,64209.0,64242.0,64426.0,64393.0,12.8484,0.4187232620278517,30.68470554460234,30.7018887924956,1.28484,1.28484,0.04187232620278517,10.0,stop_risk,64059.0,64059.0,0.05602680000000001,0.0076711763861505855,0.0302,0.0128635,-0.00015325210677024677,0.0,0.0132,0.01718324789322975,0.0005599938988579412,time_exit,False,False,False
584,PF_ETHUSD,1,0.009,2026-07-30T09:36:00+00:00,2026-07-30T09:41:00+00:00,2026-07-30T09:42:00+00:00,1918.7,1919.8,1915.8,1914.7,17.2782,0.5627731934272159,30.7018887924956,30.638704264230753,1.72782,1.72782,0.05627731934272159,10.0,stop_risk,1915.8,1915.8,0.06315524999999918,0.007675472198123899,-0.04589999999999918,0.01725525,-2.927826484034942e-05,4.879710806724903e-06,0.01979999999999836,-0.06318452826483953,-0.002058001339653201,stop_intrabar,False,False,False
585,PF_XBTUSD,1,0.0002,2026-07-30T12:16:00+00:00,2026-07-30T12:20:00+00:00,2026-07-30T12:21:00+00:00,64913.0,64946.0,64789.0,64756.0,12.9892,0.42394743224060816,30.638704264230753,30.587726772714635,1.29892,1.29892,0.04239474322406082,10.0,stop_risk,64789.0,64789.0,0.0509702,0.007659676066057689,-0.038,0.012970200000000001,-7.291516127492026e-06,1.4583032254984052e-06,0.0132,-0.050977491516127495,-0.0016638266121338989,stop_intrabar,False,False,False
586,PF_ETHUSD,1,0.006,2026-07-30T13:51:00+00:00,2026-07-30T14:00:00+00:00,2026-07-30T14:01:00+00:00,1933.7,1934.9,1926.7,1925.5,11.6094,0.3795443867491326,30.587726772714635,30.519715805508376,1.16094,1.16094,0.03795443867491326,10.0,stop_risk,1926.7,1926.7,0.06798120000000055,0.0076469316931786595,-0.05640000000000055,0.0115812,-2.9767206253471345e-05,2.701285651470769e-06,0.014400000000000546,-0.06801096720625402,-0.00222347243100531,stop_intrabar,False,False,False
587,PF_XBTUSD,-1,0.0003,2026-07-30T18:56:00+00:00,2026-07-30T19:03:00+00:00,2026-07-30T19:04:00+00:00,64628.0,64595.0,64689.0,64722.0,19.3785,0.634950211315613,30.519715805508376,30.46220338930536,1.93785,1.93785,0.06349502113156132,9.999999999999998,stop_risk,64689.0,64689.0,0.057497549999999994,0.007629928951377095,-0.038099999999999995,0.01939755,-1.48662030186775e-05,2.6223017423793747e-06,0.019799999999999998,-0.057512416203018675,-0.001884434854161994,stop_intrabar,False,False,False
588,PF_ETHUSD,-1,0.01,2026-07-30T21:56:00+00:00,2026-07-30T22:01:00+00:00,2026-07-30T22:02:00+00:00,1917.0,1915.9,1919.3,1920.4,19.159000000000002,0.6289433418570872,30.46220338930536,30.3980231439853,1.9159000000000004,1.9159000000000004,0.06289433418570874,10.0,stop_risk,1919.3,1919.3,0.0641815,0.00761555084732634,-0.045,0.019181500000000004,1.254679933236538e-06,1.254610603875e-06,0.022000000000000457,-0.06418024532006676,-0.0021068812554314144,stop_intrabar,False,False,False
589,PF_XBTUSD,1,0.0005,2026-07-30T23:41:00+00:00,2026-07-30T23:41:00+00:00,2026-07-30T23:41:00+00:00,64930.0,64963.0,64930.0,64897.0,32.481500000000004,1.068539879917387,30.3980231439853,30.332558143985295,3.2481500000000008,3.2481500000000008,0.10685398799173872,9.999999999999998,stop_risk,64942.0,64942.0,0.05946800000000001,0.007599505785996325,-0.033,0.03246500000000001,0.0,0.0,0.033,-0.065465,-0.0021535939916195908,stop_at_open,False,False,False
590,PF_ETHUSD,-1,0.008,2026-07-31T00:01:00+00:00,2026-07-31T01:01:00+00:00,2026-07-31T01:01:00+00:00,1918.3,1917.2,1917.7,1918.8,15.3376,0.5056480870223379,30.332558143985295,30.30456093405698,1.53376,1.53376,0.05056480870223379,10.0,stop_risk,1922.4,1922.4,0.06576279999999964,0.007583139535996324,-0.012799999999999272,0.015344,0.00014679007177583275,0.0,0.017599999999998544,-0.02799720992822344,-0.0009230085308111431,time_exit,False,False,False
591,PF_XBTUSD,-1,0.0001,2026-07-31T01:56:00+00:00,2026-07-31T02:56:00+00:00,2026-07-31T02:56:00+00:00,64482.0,64449.0,64197.0,64230.0,6.4449000000000005,0.21267095781470538,30.30456093405698,30.320104458929094,0.6444900000000001,0.6444900000000001,0.02126709578147054,9.999999999999998,stop_risk,64761.0,64761.0,0.040962149999999996,0.007576140233514245,0.0219,0.006433950000000001,7.747487202758398e-05,0.0,0.0066,0.015543524872027583,0.0005129104132493602,time_exit,False,False,False
592,PF_XBTUSD,-1,0.0003,2026-07-31T06:56:00+00:00,2026-07-31T07:56:00+00:00,2026-07-31T07:56:00+00:00,64196.0,64163.0,63915.0,63948.0,19.2489,0.6348559922039223,30.320104458929094,30.365479944196387,1.92489,1.92489,0.06348559922039224,10.0,stop_risk,64271.0,64271.0,0.061570049999999994,0.007580026114732273,0.06449999999999999,0.01921665,9.213526722347556e-05,0.0,0.019799999999999998,0.04537548526722346,0.0014965477882402428,time_exit,False,False,False
593,PF_XBTUSD,-1,0.0002,2026-07-31T09:26:00+00:00,2026-07-31T10:25:00+00:00,2026-07-31T10:26:00+00:00,63637.0,63604.0,63738.0,63771.0,12.7208,0.4189230673573222,30.365479944196387,30.319347305441383,1.27208,1.27208,0.04189230673573222,10.0,stop_risk,63738.0,63738.0,0.046137500000000005,0.007591369986049097,-0.0334,0.012737500000000002,4.861244991740124e-06,5.145429308575682e-07,0.0132,-0.04613263875500827,-0.0015192461584597936,stop_intrabar,False,False,False
594,PF_ETHUSD,-1,0.006,2026-07-31T12:11:00+00:00,2026-07-31T12:57:00+00:00,2026-07-31T12:58:00+00:00,1875.2,1874.1,1881.2,1882.3,11.2446,0.3708720998087562,30.319347305441383,30.258884804719656,1.12446,1.12446,0.03708720998087562,10.0,stop_risk,1881.2,1881.2,0.06046920000000027,0.007579836826360347,-0.04920000000000027,0.0112692,6.6992783439249924e-06,1.4563648573749997e-07,0.013200000000000272,-0.06046250072165634,-0.0019941887307978164,stop_intrabar,False,False,False
595,PF_ETHUSD,1,0.009,2026-07-31T13:21:00+00:00,2026-07-31T13:30:00+00:00,2026-07-31T13:31:00+00:00,1885.6,1886.7,1882.4,1881.3,16.9803,0.5611674094926156,30.258884804719656,30.19333928582492,1.6980300000000002,1.6980300000000002,0.05611674094926157,9.999999999999998,stop_risk,1882.4,1882.4,0.06555600000000082,0.007564721201179914,-0.048600000000000816,0.016956,1.0481105252475845e-05,1.1645672502750939e-06,0.019800000000002455,-0.06554551889474834,-0.0021661577853168213,stop_intrabar,False,False,False
596,PF_XBTUSD,-1,0.0001,2026-07-31T13:51:00+00:00,2026-07-31T14:51:00+00:00,2026-07-31T14:51:00+00:00,63252.0,63219.0,62687.0,62720.0,6.3219,0.20938061670336636,30.19333928582492,30.23698995665805,0.63219,0.63219,0.020938061670336634,10.0,stop_risk,63522.0,63522.0,0.0399387,0.007548334821456231,0.0499,0.006296950000000001,4.7620833144865226e-05,0.0,0.0066,0.04365067083314486,0.0014457053067210043,time_exit,False,False,False
597,PF_XBTUSD,1,0.0002,2026-07-31T16:16:00+00:00,2026-07-31T17:16:00+00:00,2026-07-31T17:16:00+00:00,62760.0,62792.0,62814.0,62782.0,12.5584,0.4153323468374767,30.23698995665805,30.22227373470004,1.25584,1.25584,0.04153323468374767,10.0,stop_risk,62656.0,62656.0,0.046141600000000005,0.0075592474891645126,-0.002,0.0125574,-0.00015882195798872471,0.0,0.0128,-0.014716221957988726,-0.0004866959964957848,time_exit,False,False,False
598,PF_ETHUSD,1,0.007,2026-07-31T17:31:00+00:00,2026-07-31T18:31:00+00:00,2026-07-31T18:31:00+00:00,1869.5,1870.6,1868.2,1867.1,13.094199999999999,0.43326323210969225,30.22227373470004,30.184578562826307,1.30942,1.30942,0.04332632321096923,9.999999999999998,stop_risk,1864.9,1864.9,0.06067039999999969,0.00755556843367501,-0.0245,0.013081949999999998,-0.00011322187371292789,0.0,0.015400000000000318,-0.03769517187371293,-0.0012472645905007736,time_exit,False,False,False
599,PF_ETHUSD,-1,0.009,2026-07-31T21:06:00+00:00,2026-07-31T22:06:00+00:00,2026-07-31T22:06:00+00:00,1860.6,1859.4,1860.5,1861.6,16.7346,0.554408933196418,30.184578562826307,30.148160741705087,1.6734600000000002,1.6734600000000002,0.055440893319641804,10.0,stop_risk,1863.3,1863.3,0.06265754999999917,0.0075461446407065775,-0.01979999999999836,0.0167445,0.00012667887871728798,0.0,0.020699999999997543,-0.03641782112128107,-0.0012065042102701838,time_exit,False,False,False
600,PF_XBTUSD,-1,0.0003,2026-07-31T23:56:00+00:00,2026-08-01T00:00:00+00:00,2026-08-01T00:00:00+00:00,62809.0,62777.0,62822.0,62854.0,18.833099999999998,0.6246848741902673,30.148160741705087,30.10622279494614,1.8833099999999998,1.8833099999999998,0.06246848741902673,10.0,stop_risk,62859.0,62859.0,0.0530502,0.0075370401854262725,-0.0231,0.018844649999999998,6.703241057402914e-06,0.0,0.0192,-0.0419379467589426,-0.0013910615350052932,window_end,False,False,False
